season,team,conference,sp_overall,sp_offense,sp_defense,sp_special,sp_sos,second_order_wins,wins,losses,games,conf_wins,conf_losses,expected_wins,talent,recruit_points,recruit_rank,class_size,bluechips,fivestars,bluechip_ratio,ret_ppa,ret_pass_ppa,ret_rush_ppa,ret_recv_ppa,ret_usage,ret_pass_usage,portal_in,portal_out,portal_net,portal_in_val,portal_out_val,portal_net_val,coach,ppg,papg,margin_pg,n_games,close_games,close_wins,close_win_pct
2004,Air Force,Mountain West,-0.9,36.6,36.9,,,,5.0,6.0,11.0,4.0,5.0,,,21.9,116.0,3.0,0.0,0.0,0.0,,,,,,,,,,,,,Fisher DeBerry,29.636363636363637,31.09090909090909,-1.4545454545454546,11.0,3.0,1.0,0.3333333333333333
2005,Air Force,Mountain West,-3.4,32.1,35.5,,0.961,5.4,4.0,7.0,11.0,4.0,5.0,,,41.08,112.0,11.0,0.0,0.0,0.0,,,,,,,,,,,,,Fisher DeBerry,30.0,31.727272727272727,-1.7272727272727273,11.0,5.0,1.0,0.2
2006,Air Force,Mountain West,-8.8,24.0,31.7,-1.1,0.883,4.1,4.0,8.0,12.0,3.0,5.0,,,45.95,115.0,13.0,0.0,0.0,0.0,,,,,,,,,,,,,Fisher DeBerry,23.25,25.166666666666668,-1.9166666666666667,12.0,7.0,2.0,0.2857142857142857
2007,Air Force,Mountain West,5.7,30.3,25.4,0.8,0.939,8.9,9.0,4.0,13.0,6.0,3.0,,,32.03,114.0,7.0,0.0,0.0,0.0,,,,,,,,,,,,,Troy Calhoun,29.416666666666668,19.333333333333332,10.083333333333334,12.0,2.0,1.0,0.5
2008,Air Force,Mountain West,-0.7,23.0,24.6,0.9,0.95,6.5,8.0,5.0,13.0,5.0,3.0,,,23.97,117.0,4.0,0.0,0.0,0.0,,,,,,,,,,,,,Troy Calhoun,26.666666666666668,21.25,5.416666666666667,12.0,4.0,2.0,0.5
2009,Air Force,Mountain West,4.7,21.3,17.4,0.8,0.923,8.0,8.0,5.0,13.0,5.0,4.0,,,95.62,105.0,20.0,0.0,0.0,0.0,,,,,,,,,,,,,Troy Calhoun,28.25,15.333333333333334,12.916666666666666,12.0,4.0,0.0,0.0
2010,Air Force,Mountain West,3.9,30.5,24.7,-1.9,0.901,9.1,9.0,4.0,13.0,5.0,3.0,8.082355311158674,,26.17,120.0,2.0,0.0,0.0,0.0,,,,,,,,,,,,,Troy Calhoun,32.25,22.25,10.0,12.0,4.0,1.0,0.25
2011,Air Force,Mountain West,-0.7,32.9,33.9,0.3,0.93,6.7,7.0,6.0,13.0,3.0,4.0,7.479387776699607,,77.86,89.0,24.0,0.0,0.0,0.0,,,,,,,,,,,,,Troy Calhoun,34.416666666666664,27.25,7.166666666666667,12.0,1.0,1.0,1.0
2012,Air Force,Mountain West,-10.0,28.0,36.2,-1.7,0.957,6.2,6.0,7.0,13.0,5.0,3.0,7.507393463407663,,121.39,86.0,37.0,0.0,0.0,0.0,,,,,,,,,,,,,Troy Calhoun,28.5,28.666666666666668,-0.16666666666666666,12.0,5.0,2.0,0.4
2013,Air Force,Mountain West,-16.9,26.6,45.2,1.6,0.964,3.1,2.0,10.0,12.0,0.0,8.0,4.942299640380659,,106.74,107.0,38.0,0.0,0.0,0.0,,,,,,,,,,,,,Troy Calhoun,24.666666666666668,40.0,-15.333333333333334,12.0,2.0,0.0,0.0
2014,Air Force,Mountain West,-1.4,26.2,29.5,1.9,0.964,8.8,10.0,3.0,13.0,5.0,3.0,9.65932365380906,,97.78,112.0,22.0,0.0,0.0,0.0,0.608,0.417,0.453,0.78,0.684,0.751,,,,,,,Troy Calhoun,30.916666666666668,24.166666666666668,6.75,12.0,4.0,3.0,0.75
2015,Air Force,Mountain West,4.7,32.6,29.2,1.3,0.927,9.0,8.0,6.0,14.0,6.0,3.0,8.188868912477652,70.95,98.02,123.0,21.0,0.0,0.0,0.0,0.615,0.134,0.686,0.862,0.646,0.162,,,,,,,Troy Calhoun,33.61538461538461,23.23076923076923,10.384615384615385,13.0,3.0,2.0,0.6666666666666666
2016,Air Force,Mountain West,4.4,33.0,29.9,1.3,0.967,9.3,10.0,3.0,13.0,5.0,3.0,9.392486975934045,44.58,110.9,114.0,45.0,0.0,0.0,0.0,0.563,0.347,0.801,0.356,0.625,0.145,,,,,,,Troy Calhoun,34.333333333333336,26.666666666666668,7.666666666666667,12.0,6.0,4.0,0.6666666666666666
2017,Air Force,Mountain West,-11.0,28.8,40.5,0.7,0.939,3.8,5.0,7.0,12.0,4.0,4.0,4.402130892994312,21.1,115.88,109.0,64.0,0.0,0.0,0.0,0.627,0.921,0.66,0.418,0.556,0.987,,,,,,,Troy Calhoun,31.416666666666668,32.416666666666664,-1.0,12.0,5.0,3.0,0.6
2018,Air Force,Mountain West,-1.8,29.2,31.2,0.2,0.945,6.1,5.0,7.0,12.0,3.0,5.0,6.393693867203708,186.27,110.51,122.0,32.0,0.0,0.0,0.0,0.653,0.778,0.577,0.79,0.72,0.878,,,,,,,Troy Calhoun,30.166666666666668,25.75,4.416666666666667,12.0,5.0,1.0,0.2
2019,Air Force,Mountain West,12.1,36.2,25.8,1.7,,,11.0,2.0,13.0,7.0,1.0,10.854903824571817,151.86,134.5,107.0,55.0,0.0,0.0,0.0,0.639,0.931,0.746,0.296,0.581,0.885,,,,,,,Troy Calhoun,34.333333333333336,19.75,14.583333333333334,12.0,2.0,2.0,1.0
2020,Air Force,Mountain West,-5.6,24.1,29.8,,,,3.0,3.0,6.0,2.0,2.0,4.691972980625573,71.92,142.11,107.0,49.0,0.0,0.0,0.0,0.243,0.0,0.518,0.019,0.365,0.0,,,,,,,Troy Calhoun,24.333333333333332,15.0,9.333333333333334,6.0,1.0,0.0,0.0
2021,Air Force,Mountain West,7.4,30.0,22.0,,,,10.0,3.0,13.0,6.0,2.0,10.097382249276984,30.32,144.16,90.0,51.0,0.0,0.0,0.0,0.77,1.0,0.777,0.54,0.724,1.0,2.0,4.0,-2.0,0.6,1.2,-0.6,Troy Calhoun,31.0,19.083333333333332,11.916666666666666,12.0,5.0,2.0,0.4
2022,Air Force,Mountain West,3.9,16.3,12.3,-0.1,,,10.0,3.0,13.0,5.0,3.0,10.945055964657206,0.0,110.12,114.0,44.0,0.0,0.0,0.0,0.733,0.998,0.84,0.315,0.861,0.922,0.0,9.0,-9.0,0.0,3.72,-3.72,Troy Calhoun,27.666666666666668,13.25,14.416666666666666,12.0,5.0,2.0,0.4
2023,Air Force,Mountain West,5.9,25.6,20.9,1.2,,,9.0,4.0,13.0,5.0,3.0,10.725707180645806,0.0,130.58,104.0,47.0,0.0,0.0,0.0,0.358,0.295,0.444,0.148,0.267,0.032,0.0,8.0,-8.0,0.0,1.8000000000000003,-1.8000000000000003,Troy Calhoun,27.583333333333332,17.916666666666668,9.666666666666666,12.0,2.0,1.0,0.5
2024,Air Force,Mountain West,-11.7,17.8,27.5,-2.0,,,5.0,7.0,12.0,3.0,4.0,6.003887990884624,0.0,23.21,172.0,46.0,0.0,0.0,0.0,0.338,0.106,0.238,0.683,0.217,0.206,0.0,11.0,-11.0,0.0,4.46,-4.46,Troy Calhoun,18.916666666666668,23.25,-4.333333333333333,12.0,1.0,1.0,1.0
2025,Air Force,Mountain West,-3.2,28.3,31.7,0.2,,,4.0,8.0,12.0,3.0,5.0,4.857673265971243,,80.06,129.0,49.0,0.0,0.0,0.0,0.63,0.226,0.501,0.818,0.556,0.075,0.0,12.0,-12.0,0.0,5.3,-5.3,Troy Calhoun,29.833333333333332,30.333333333333332,-0.5,12.0,4.0,1.0,0.25
2026,Air Force,Mountain West,-3.2,24.8,28.1,0.1,,,0.0,0.0,0.0,0.0,0.0,0.0,272.35,116.49,141.0,49.0,0.0,0.0,0.0,0.574,1.017,0.697,0.127,0.625,0.994,0.0,4.0,-4.0,0.0,0.4,-0.4,Troy Calhoun,,,,,,,
2004,Akron,Mid-American,-11.1,29.9,38.2,,,,6.0,5.0,11.0,6.0,2.0,,,75.91,101.0,22.0,0.0,0.0,0.0,,,,,,,,,,,,,J.D. Brookhart,24.636363636363637,31.545454545454547,-6.909090909090909,11.0,4.0,3.0,0.75
2005,Akron,Mid-American,-5.8,19.9,25.7,,0.97,7.2,7.0,6.0,13.0,6.0,3.0,,,88.92,88.0,17.0,0.0,0.0,0.0,,,,,,,,,,,,,J.D. Brookhart,23.0,23.333333333333332,-0.3333333333333333,12.0,4.0,3.0,0.75
2006,Akron,Mid-American,-6.1,18.0,22.3,-1.8,0.962,6.7,5.0,7.0,12.0,3.0,5.0,,,102.97,82.0,20.0,0.0,0.0,0.0,,,,,,,,,,,,,J.D. Brookhart,19.666666666666668,22.583333333333332,-2.9166666666666665,12.0,4.0,2.0,0.5
2007,Akron,Mid-American,-17.6,16.3,34.1,0.3,0.941,3.4,4.0,8.0,12.0,3.0,5.0,,,128.55,74.0,18.0,0.0,0.0,0.0,,,,,,,,,,,,,J.D. Brookhart,21.166666666666668,29.166666666666668,-8.0,12.0,5.0,2.0,0.4
2008,Akron,Mid-American,-6.7,29.0,34.7,-1.0,0.971,5.7,5.0,7.0,12.0,3.0,5.0,,,106.94,97.0,19.0,0.0,0.0,0.0,,,,,,,,,,,,,J.D. Brookhart,30.0,31.25,-1.25,12.0,6.0,2.0,0.3333333333333333
2009,Akron,Mid-American,-17.8,16.3,31.9,-2.2,0.953,4.6,3.0,9.0,12.0,2.0,6.0,,,124.68,95.0,19.0,0.0,0.0,0.0,,,,,,,,,,,,,J.D. Brookhart,19.25,28.75,-9.5,12.0,2.0,1.0,0.5
2010,Akron,Mid-American,-28.2,11.0,37.2,-2.0,0.964,2.5,1.0,11.0,12.0,1.0,7.0,3.1346798280387977,,136.89,102.0,21.0,0.0,0.0,0.0,,,,,,,,,,,,,Rob Ianello,15.583333333333334,35.083333333333336,-19.5,12.0,3.0,0.0,0.0
2011,Akron,Mid-American,-29.1,11.9,40.2,-0.7,0.956,1.9,1.0,11.0,12.0,0.0,8.0,2.784039436092536,,50.3,114.0,18.0,0.0,0.0,0.0,,,,,,,,,,,,,Rob Ianello,14.166666666666666,38.5,-24.333333333333332,12.0,1.0,0.0,0.0
2012,Akron,Mid-American,-19.5,20.0,39.0,-0.5,0.956,3.2,1.0,11.0,12.0,0.0,8.0,4.30507265500118,,70.1,121.0,21.0,0.0,0.0,0.0,,,,,,,,,,,,,Terry Bowden,26.083333333333332,35.666666666666664,-9.583333333333334,12.0,3.0,0.0,0.0
2013,Akron,Mid-American,-15.3,17.9,30.9,-2.3,0.952,4.7,5.0,7.0,12.0,4.0,4.0,5.212726945226038,,97.64,115.0,13.0,0.0,0.0,0.0,,,,,,,,,,,,,Terry Bowden,20.166666666666668,28.583333333333332,-8.416666666666666,12.0,7.0,4.0,0.5714285714285714
2014,Akron,Mid-American,-9.4,18.9,28.1,-0.3,0.951,5.3,5.0,7.0,12.0,3.0,5.0,5.375850163603604,,97.33,113.0,16.0,0.0,0.0,0.0,0.819,1.0,0.48,0.772,0.952,1.0,,,,,,,Terry Bowden,22.583333333333332,23.083333333333332,-0.5,12.0,2.0,0.0,0.0
2015,Akron,Mid-American,-0.8,24.8,25.9,0.3,0.936,7.6,8.0,5.0,13.0,5.0,3.0,7.874364366576003,412.65,82.38,127.0,14.0,0.0,0.0,0.0,0.479,1.304,1.003,0.323,0.758,0.997,,,,,,,Terry Bowden,24.0,21.5,2.5,12.0,2.0,1.0,0.5
2016,Akron,Mid-American,-5.6,22.3,28.2,0.3,0.934,5.5,5.0,7.0,12.0,3.0,5.0,5.811085243256013,443.73,82.29,132.0,10.0,0.0,0.0,0.0,0.712,0.978,0.439,0.652,0.548,0.924,,,,,,,Terry Bowden,27.416666666666668,33.583333333333336,-6.166666666666667,12.0,3.0,1.0,0.3333333333333333
2017,Akron,Mid-American,-17.6,24.1,39.6,-2.2,0.925,4.7,7.0,7.0,14.0,6.0,3.0,5.2635511060526845,337.11,88.91,131.0,21.0,0.0,0.0,0.0,0.599,0.871,0.973,0.388,0.726,0.9,,,,,,,Terry Bowden,23.615384615384617,26.307692307692307,-2.6923076923076925,13.0,4.0,3.0,0.75
2018,Akron,Mid-American,-19.3,11.9,31.0,-0.2,0.952,2.9,4.0,8.0,12.0,2.0,6.0,2.8757446670523312,361.0,108.81,127.0,14.0,0.0,0.0,0.0,0.338,0.275,0.124,0.373,0.375,0.394,,,,,,,Terry Bowden,18.916666666666668,27.166666666666668,-8.25,12.0,3.0,3.0,1.0
2019,Akron,Mid-American,-29.8,7.7,35.3,-2.2,,,0.0,12.0,12.0,0.0,8.0,1.3826153230464804,312.81,130.23,114.0,24.0,0.0,0.0,0.0,0.87,1.0,0.135,0.704,0.689,1.0,,,,,,,Tom Arth,10.5,36.25,-25.75,12.0,1.0,0.0,0.0
2020,Akron,Mid-American,-23.7,11.4,35.1,,,,1.0,5.0,6.0,1.0,5.0,1.7602303862916555,232.81,129.48,125.0,21.0,0.0,0.0,0.0,1.511,-0.796,0.153,0.763,0.811,0.93,,,,,,,Tom Arth,17.166666666666668,41.333333333333336,-24.166666666666668,6.0,0.0,0.0,
2021,Akron,Mid-American,-23.1,20.3,41.7,,,,2.0,10.0,12.0,1.0,7.0,2.6805025273042675,330.97,113.25,119.0,18.0,0.0,0.0,0.0,0.63,0.756,0.888,0.545,0.805,0.902,3.0,14.0,-11.0,1.7999999999999998,6.0,-4.2,Tom Arth,19.833333333333332,39.5,-19.666666666666668,12.0,2.0,0.0,0.0
2022,Akron,Mid-American,-23.4,16.7,38.5,-1.6,,,2.0,10.0,12.0,1.0,7.0,1.9569268487546383,456.15,81.7,127.0,11.0,0.0,0.0,0.0,0.203,0.075,0.01,0.302,0.467,0.291,15.0,10.0,5.0,11.209999999999999,6.27,4.9399999999999995,Joe Moorhead,21.75,33.5,-11.75,12.0,6.0,1.0,0.16666666666666666
2023,Akron,Mid-American,-21.6,10.5,30.1,-2.0,,,2.0,10.0,12.0,1.0,7.0,3.7828815974455225,445.02,121.18,109.0,21.0,0.0,0.0,0.0,0.727,0.952,0.739,0.593,0.761,0.996,4.0,12.0,-8.0,2.86,6.879999999999999,-4.02,Joe Moorhead,16.25,28.0,-11.75,12.0,7.0,2.0,0.2857142857142857
2024,Akron,Mid-American,-17.9,15.7,34.6,1.0,,,4.0,8.0,12.0,3.0,5.0,3.5036045156384734,537.82,146.65,101.0,13.0,0.0,0.0,0.0,0.27,0.074,0.536,0.297,0.215,0.16,15.0,22.0,-7.0,10.87,13.97,-3.1000000000000014,Joe Moorhead,20.416666666666668,32.0,-11.583333333333334,12.0,3.0,2.0,0.6666666666666666
2025,Akron,Mid-American,-13.9,17.2,29.3,-1.9,,,5.0,7.0,12.0,4.0,4.0,5.0001033917069435,537.21,87.44,128.0,11.0,0.0,0.0,0.0,0.371,0.788,0.064,0.277,0.531,0.909,17.0,20.0,-3.0,11.900000000000002,12.17,-0.2699999999999978,Joe Moorhead,22.25,27.416666666666668,-5.166666666666667,12.0,4.0,2.0,0.5
2026,Akron,Mid-American,-22.9,11.3,33.6,-0.6,,,0.0,0.0,0.0,0.0,0.0,0.0,546.84,147.36,133.0,7.0,0.0,0.0,0.0,0.918,0.874,1.022,0.92,0.943,0.995,15.0,18.0,-3.0,10.01,13.439999999999998,-3.429999999999998,Joe Moorhead,,,,,,,
2004,Alabama,SEC,9.2,27.8,19.2,,,,6.0,6.0,12.0,3.0,5.0,,,191.78,21.0,2.0,2.0,0.0,1.0,,,,,,,,,,,,,Mike Shula,25.363636363636363,15.363636363636363,10.0,11.0,1.0,0.0,0.0
2005,Alabama,SEC,19.8,28.1,8.3,,0.885,9.0,10.0,2.0,12.0,6.0,2.0,,,216.52,16.0,7.0,2.0,0.0,0.2857142857142857,,,,,,,,,,,,,Mike Shula,22.727272727272727,10.727272727272727,12.0,11.0,3.0,2.0,0.6666666666666666
2006,Alabama,SEC,11.4,28.7,16.5,-0.8,0.812,6.9,6.0,7.0,13.0,2.0,6.0,,,233.66,13.0,16.0,9.0,1.0,0.5625,,,,,,,,,,,,,Mike Shula,22.25,18.0,4.25,12.0,5.0,2.0,0.4
2007,Alabama,SEC,12.8,30.1,17.2,-0.1,0.845,6.9,7.0,6.0,13.0,4.0,4.0,,,241.78,12.0,10.0,5.0,0.0,0.5,,,,,,,,,,,,,Nick Saban,26.833333333333332,21.833333333333332,5.0,12.0,9.0,3.0,0.3333333333333333
2008,Alabama,SEC,23.0,34.2,10.9,-0.3,0.883,10.9,12.0,2.0,14.0,8.0,1.0,,,291.61,3.0,28.0,24.0,3.0,0.8571428571428571,,,,,,,,,,,,,Nick Saban,31.153846153846153,13.0,18.153846153846153,13.0,3.0,3.0,1.0
2009,Alabama,SEC,30.2,35.0,6.5,1.7,0.773,12.0,14.0,0.0,14.0,9.0,0.0,,,288.63,3.0,20.0,16.0,4.0,0.8,,,,,,,,,,,,,Nick Saban,31.692307692307693,11.0,20.692307692307693,13.0,2.0,2.0,1.0
2010,Alabama,SEC,30.1,43.9,14.2,0.4,0.817,11.4,10.0,3.0,13.0,5.0,3.0,9.494036928005583,,284.2,4.0,19.0,14.0,2.0,0.7368421052631579,,,,,,,,,,,,,Nick Saban,34.583333333333336,14.083333333333334,20.5,12.0,3.0,1.0,0.3333333333333333
2011,Alabama,SEC,32.5,39.3,6.4,-0.5,0.836,12.3,12.0,1.0,13.0,8.0,1.0,11.00610629217563,,298.5,1.0,18.0,16.0,3.0,0.8888888888888888,,,,,,,,,,,,,Nick Saban,36.0,8.833333333333334,27.166666666666668,12.0,1.0,0.0,0.0
2012,Alabama,SEC,36.5,45.7,10.7,1.5,0.819,12.6,13.0,1.0,14.0,8.0,1.0,12.086571269181553,,313.12,1.0,23.0,17.0,3.0,0.7391304347826086,,,,,,,,,,,,,Nick Saban,38.46153846153846,10.692307692307692,27.76923076923077,13.0,3.0,2.0,0.6666666666666666
2013,Alabama,SEC,34.1,45.6,12.3,0.8,0.856,12.0,11.0,2.0,13.0,7.0,1.0,10.851609312938697,,319.5,1.0,22.0,17.0,6.0,0.7727272727272727,,,,,,,,,,,,,Nick Saban,38.75,11.333333333333334,27.416666666666668,12.0,2.0,1.0,0.5
2014,Alabama,SEC,34.3,44.5,10.7,0.5,0.793,11.7,12.0,2.0,14.0,8.0,1.0,11.687662630972588,,319.71,1.0,22.0,19.0,6.0,0.8636363636363636,0.574,0.021,0.915,0.715,0.589,0.078,,,,,,,Nick Saban,37.07692307692308,16.615384615384617,20.46153846153846,13.0,4.0,3.0,0.75
2015,Alabama,SEC,29.0,37.7,9.1,0.4,0.777,13.1,14.0,1.0,15.0,8.0,1.0,12.54096514693353,981.9,311.1,1.0,21.0,20.0,6.0,0.9523809523809523,0.222,0.101,0.281,0.285,0.251,0.134,,,,,,,Nick Saban,34.07692307692308,14.384615384615385,19.692307692307693,13.0,2.0,1.0,0.5
2016,Alabama,SEC,31.7,40.0,8.6,0.4,0.787,13.8,14.0,1.0,15.0,9.0,0.0,13.863107422874544,982.66,302.04,1.0,24.0,17.0,3.0,0.7083333333333334,0.341,0.15,-0.179,0.7,0.279,0.112,,,,,,,Nick Saban,40.53846153846154,11.76923076923077,28.76923076923077,13.0,1.0,1.0,1.0
2017,Alabama,SEC,33.5,38.7,5.6,0.4,0.842,12.2,13.0,1.0,14.0,8.0,1.0,12.784519106008954,997.57,323.87,1.0,27.0,22.0,6.0,0.8148148148148148,0.731,0.71,1.001,0.52,0.791,0.9,,,,,,,Nick Saban,39.083333333333336,11.5,27.583333333333332,12.0,1.0,1.0,1.0
2018,Alabama,SEC,36.3,50.9,14.2,-0.4,0.795,13.8,14.0,1.0,15.0,9.0,0.0,13.500164451380865,978.54,289.94,5.0,21.0,14.0,2.0,0.6666666666666666,0.777,0.798,0.868,0.662,0.756,0.983,,,,,,,Nick Saban,47.92307692307692,14.846153846153847,33.07692307692308,13.0,1.0,1.0,1.0
2019,Alabama,SEC,32.4,47.7,14.6,-0.7,,,11.0,2.0,13.0,6.0,2.0,11.360601445724704,984.96,317.5,1.0,30.0,26.0,3.0,0.8666666666666667,0.696,0.757,0.33,0.786,0.632,0.825,,,,,,,Nick Saban,48.25,18.833333333333332,29.416666666666668,12.0,2.0,0.0,0.0
2020,Alabama,SEC,28.3,46.8,18.6,,,,13.0,0.0,13.0,11.0,0.0,12.599078819108339,985.86,310.44,2.0,26.0,21.0,4.0,0.8076923076923077,0.501,0.412,0.816,0.474,0.593,0.368,,,,,,,Nick Saban,49.72727272727273,19.454545454545453,30.272727272727273,11.0,1.0,1.0,1.0
2021,Alabama,SEC,26.0,40.9,15.6,,,,13.0,2.0,15.0,8.0,1.0,10.97420553624587,1004.04,327.91,1.0,26.0,24.0,7.0,0.9230769230769231,0.192,0.058,0.327,0.262,0.26,0.072,4.0,11.0,-7.0,2.8600000000000003,8.629999999999999,-5.769999999999999,Nick Saban,42.53846153846154,20.23076923076923,22.307692307692307,13.0,5.0,4.0,0.8
2022,Alabama,SEC,30.3,42.9,14.2,1.6,,,11.0,2.0,13.0,6.0,2.0,10.457207126799414,1016.79,322.25,2.0,26.0,24.0,3.0,0.9230769230769231,0.552,0.894,0.537,0.306,0.586,0.962,5.0,24.0,-19.0,4.72,17.270000000000003,-12.550000000000004,Nick Saban,40.75,18.0,22.75,12.0,5.0,3.0,0.6
2023,Alabama,SEC,23.1,36.8,15.6,2.0,,,12.0,2.0,14.0,9.0,0.0,11.28134746735358,1015.43,328.0,1.0,27.0,25.0,9.0,0.9259259259259259,0.423,0.135,0.492,0.584,0.409,0.147,5.0,21.0,-16.0,4.49,17.380000000000003,-12.890000000000002,Nick Saban,35.07692307692308,18.384615384615383,16.692307692307693,13.0,4.0,4.0,1.0
2024,Alabama,SEC,25.0,37.9,14.6,1.7,,,9.0,4.0,13.0,5.0,3.0,8.697743763438682,1018.28,310.75,2.0,28.0,22.0,5.0,0.7857142857142857,0.602,1.009,0.699,0.303,0.547,0.946,14.0,38.0,-24.0,12.61,27.47,-14.86,Kalen DeBoer,35.5,17.25,18.25,12.0,4.0,2.0,0.5
2025,Alabama,SEC,14.8,32.2,16.1,-1.3,,,11.0,4.0,15.0,7.0,1.0,9.050588324666023,993.55,298.4,3.0,20.0,17.0,3.0,0.85,0.433,0.394,0.208,0.571,0.395,0.098,11.0,26.0,-15.0,9.670000000000002,20.909999999999997,-11.239999999999995,Kalen DeBoer,31.23076923076923,17.384615384615383,13.846153846153847,13.0,5.0,4.0,0.8
2026,Alabama,SEC,17.6,31.0,13.0,-0.4,,,0.0,0.0,0.0,0.0,0.0,0.0,973.53,303.79,2.0,26.0,15.0,4.0,0.5769230769230769,0.264,0.123,-0.669,0.41,0.301,0.092,17.0,24.0,-7.0,14.979999999999995,20.28,-5.300000000000006,Kalen DeBoer,,,,,,,
2014,App State,Sun Belt,-8.3,26.2,32.0,-2.5,0.976,8.0,7.0,5.0,12.0,6.0,2.0,8.130609923823576,,121.25,87.0,24.0,0.0,0.0,0.0,,,,,,,,,,,,,Scott Satterfield,35.666666666666664,27.333333333333332,8.333333333333334,12.0,4.0,2.0,0.5
2015,App State,Sun Belt,7.9,33.2,25.1,-0.2,0.946,10.7,11.0,2.0,13.0,7.0,1.0,10.873915084675692,312.88,112.03,114.0,18.0,0.0,0.0,0.0,0.952,0.994,0.972,0.909,0.93,0.863,,,,,,,Scott Satterfield,37.166666666666664,18.25,18.916666666666668,12.0,2.0,2.0,1.0
2016,App State,Sun Belt,9.2,30.0,20.5,-0.2,0.934,9.4,10.0,3.0,13.0,7.0,1.0,10.005603215624589,333.36,111.72,109.0,23.0,0.0,0.0,0.0,0.722,0.898,0.878,0.512,0.862,0.986,,,,,,,Scott Satterfield,29.083333333333332,17.0,12.083333333333334,12.0,3.0,1.0,0.3333333333333333
2017,App State,Sun Belt,3.8,29.5,24.8,-0.9,0.945,9.0,9.0,4.0,13.0,7.0,1.0,9.35665756735421,335.87,116.78,107.0,19.0,0.0,0.0,0.0,0.704,1.092,0.566,0.645,0.729,0.969,,,,,,,Scott Satterfield,33.416666666666664,21.916666666666668,11.5,12.0,5.0,2.0,0.4
2018,App State,Sun Belt,11.9,30.0,19.0,1.0,0.961,11.0,11.0,2.0,13.0,8.0,1.0,10.895942266172687,356.16,120.2,113.0,24.0,0.0,0.0,0.0,0.311,0.056,0.363,0.443,0.455,0.034,,,,,,,Mark Ivey,36.666666666666664,15.666666666666666,21.0,12.0,1.0,0.0,0.0
2019,App State,Sun Belt,11.3,34.3,23.2,0.2,,,13.0,1.0,14.0,8.0,1.0,10.632374604681518,412.32,139.0,101.0,18.0,0.0,0.0,0.0,0.831,0.967,0.696,0.845,0.839,0.923,,,,,,,Shawn Clark,39.38461538461539,20.23076923076923,19.153846153846153,13.0,4.0,3.0,0.75
2020,App State,Sun Belt,10.3,33.0,22.6,,,,9.0,3.0,12.0,6.0,2.0,8.748983089150995,382.58,154.59,83.0,20.0,0.0,0.0,0.0,0.804,0.978,0.575,0.822,0.757,0.992,,,,,,,Shawn Clark,31.818181818181817,19.272727272727273,12.545454545454545,11.0,2.0,1.0,0.5
2021,App State,Sun Belt,10.3,32.0,23.5,,,,10.0,4.0,14.0,7.0,2.0,11.262697793606291,450.04,161.14,69.0,22.0,0.0,0.0,0.0,0.654,0.127,0.655,0.942,0.584,0.03,7.0,4.0,3.0,2.5999999999999996,2.4,0.19999999999999973,Shawn Clark,34.23076923076923,19.307692307692307,14.923076923076923,13.0,3.0,2.0,0.6666666666666666
2022,App State,Sun Belt,1.7,32.9,29.8,-1.4,,,6.0,6.0,12.0,3.0,5.0,7.063498665750302,456.66,144.67,83.0,16.0,0.0,0.0,0.0,0.555,0.967,1.055,0.152,0.673,0.943,9.0,10.0,-1.0,4.28,4.68,-0.39999999999999947,Shawn Clark,34.916666666666664,26.75,8.166666666666666,12.0,7.0,2.0,0.2857142857142857
2023,App State,Sun Belt,3.8,33.5,30.7,0.9,,,9.0,5.0,14.0,6.0,3.0,9.700118352434076,517.56,161.99,80.0,15.0,0.0,0.0,0.0,0.474,0.089,0.508,0.721,0.392,0.028,13.0,14.0,-1.0,6.64,8.739999999999998,-2.0999999999999988,Shawn Clark,34.76923076923077,28.384615384615383,6.384615384615385,13.0,6.0,2.0,0.3333333333333333
2024,App State,Sun Belt,-8.1,27.2,33.6,-1.6,,,5.0,6.0,11.0,3.0,5.0,4.634148235331524,575.31,155.02,94.0,19.0,0.0,0.0,0.0,0.879,0.966,0.859,0.82,0.792,0.971,15.0,21.0,-6.0,12.59,10.579999999999998,2.0100000000000016,Shawn Clark,26.636363636363637,32.90909090909091,-6.2727272727272725,11.0,2.0,2.0,1.0
2025,App State,Sun Belt,-11.4,23.0,35.2,0.9,,,5.0,8.0,13.0,2.0,6.0,5.310044386424124,611.31,125.92,116.0,16.0,0.0,0.0,0.0,0.141,0.0,-0.092,0.244,0.127,0.0,32.0,43.0,-11.0,23.029999999999998,26.490000000000002,-3.4600000000000044,Dowell Loggains,25.333333333333332,29.833333333333332,-4.5,12.0,6.0,3.0,0.5
2026,App State,Sun Belt,-12.7,20.8,33.9,0.3,,,0.0,0.0,0.0,0.0,0.0,0.0,621.61,198.58,59.0,25.0,1.0,0.0,0.04,0.379,-0.309,0.85,0.575,0.523,0.142,38.0,43.0,-5.0,21.85,27.169999999999998,-5.319999999999997,Dowell Loggains,,,,,,,
2004,Arizona,Big 12,3.1,26.3,24.0,,,,3.0,8.0,11.0,2.0,8.0,,,154.87,41.0,13.0,0.0,0.0,0.0,,,,,,,,,,,,,Mike Stoops,14.909090909090908,25.0,-10.090909090909092,11.0,3.0,1.0,0.3333333333333333
2005,Arizona,Big 12,1.5,26.9,25.4,,0.855,3.8,3.0,8.0,11.0,2.0,8.0,,,204.44,23.0,3.0,2.0,0.0,0.6666666666666666,,,,,,,,,,,,,Mike Stoops,22.90909090909091,26.363636363636363,-3.4545454545454546,11.0,6.0,1.0,0.16666666666666666
2006,Arizona,Big 12,-1.0,15.4,17.8,1.5,0.789,4.1,6.0,6.0,12.0,5.0,5.0,,,213.58,19.0,8.0,4.0,0.0,0.5,,,,,,,,,,,,,Mike Stoops,16.583333333333332,19.583333333333332,-3.0,12.0,3.0,2.0,0.6666666666666666
2007,Arizona,Big 12,7.3,26.6,21.3,1.9,0.835,6.0,5.0,7.0,12.0,4.0,7.0,,,153.87,59.0,7.0,1.0,0.0,0.14285714285714285,,,,,,,,,,,,,Mike Stoops,28.0,26.833333333333332,1.1666666666666667,12.0,6.0,2.0,0.3333333333333333
2008,Arizona,Big 12,16.3,34.9,20.5,1.9,0.9,8.6,8.0,5.0,13.0,6.0,5.0,,,209.08,27.0,12.0,4.0,0.0,0.3333333333333333,,,,,,,,,,,,,Mike Stoops,37.083333333333336,21.333333333333332,15.75,12.0,3.0,0.0,0.0
2009,Arizona,Big 12,7.1,28.1,20.4,-0.6,0.86,7.4,8.0,5.0,13.0,6.0,4.0,,,184.83,50.0,10.0,2.0,0.0,0.2,,,,,,,,,,,,,Mike Stoops,29.666666666666668,23.166666666666668,6.5,12.0,6.0,4.0,0.6666666666666666
2010,Arizona,Big 12,14.8,34.5,19.4,-0.3,0.808,8.3,7.0,6.0,13.0,5.0,5.0,9.303251525931039,,183.75,58.0,17.0,1.0,0.0,0.058823529411764705,,,,,,,,,,,,,Mike Stoops,29.75,21.583333333333332,8.166666666666666,12.0,5.0,2.0,0.4
2011,Arizona,Big 12,-2.4,35.9,36.4,-1.9,0.838,4.8,4.0,8.0,12.0,2.0,7.0,5.839625450046994,,166.94,48.0,15.0,0.0,0.0,0.0,,,,,,,,,,,,,Tim Kish,30.75,35.416666666666664,-4.666666666666667,12.0,2.0,1.0,0.5
2012,Arizona,Big 12,8.2,40.7,31.5,-1.0,0.841,7.4,8.0,5.0,13.0,4.0,5.0,8.165474921278136,,199.26,42.0,25.0,2.0,0.0,0.08,,,,,,,,,,,,,Rich Rodriguez,37.25,34.25,3.0,12.0,5.0,2.0,0.4
2013,Arizona,Big 12,14.6,37.2,21.1,-1.5,0.862,8.7,8.0,5.0,13.0,4.0,5.0,7.749832717232355,,188.91,44.0,23.0,2.0,0.0,0.08695652173913043,,,,,,,,,,,,,Rich Rodriguez,32.75,24.666666666666668,8.083333333333334,12.0,4.0,1.0,0.25
2014,Arizona,Big 12,7.6,33.4,25.7,-0.1,0.866,7.6,10.0,4.0,14.0,7.0,3.0,8.754904550591608,,213.29,31.0,18.0,5.0,0.0,0.2777777777777778,0.34,0.0,-0.018,0.595,0.142,0.0,,,,,,,Rich Rodriguez,34.84615384615385,27.46153846153846,7.384615384615385,13.0,7.0,6.0,0.8571428571428571
2015,Arizona,Big 12,4.7,38.0,31.6,-1.7,0.883,6.6,7.0,6.0,13.0,3.0,6.0,6.096548532836321,606.92,186.57,43.0,9.0,1.0,0.0,0.1111111111111111,0.883,1.0,0.949,0.789,0.861,1.0,,,,,,,Rich Rodriguez,36.75,35.666666666666664,1.0833333333333333,12.0,3.0,2.0,0.6666666666666666
2016,Arizona,Big 12,-4.5,29.6,32.4,-1.6,0.858,3.3,3.0,9.0,12.0,1.0,8.0,3.5117826960432788,616.31,180.42,48.0,20.0,2.0,0.0,0.1,0.532,0.893,0.552,0.349,0.601,0.805,,,,,,,Rich Rodriguez,24.75,38.333333333333336,-13.583333333333334,12.0,2.0,0.0,0.0
2017,Arizona,Big 12,3.7,38.1,33.9,-0.5,0.913,7.7,7.0,6.0,13.0,5.0,4.0,7.245886299095323,607.31,185.88,45.0,28.0,1.0,0.0,0.03571428571428571,0.714,0.633,0.953,0.528,0.745,0.839,,,,,,,Rich Rodriguez,41.833333333333336,34.083333333333336,7.75,12.0,4.0,2.0,0.5
2018,Arizona,Big 12,3.6,32.3,29.0,0.3,0.918,5.3,5.0,7.0,12.0,4.0,5.0,6.351639812235631,580.54,178.03,61.0,18.0,0.0,0.0,0.0,0.743,0.88,0.616,0.815,0.632,0.622,,,,,,,Kevin Sumlin,31.333333333333332,32.583333333333336,-1.25,12.0,5.0,1.0,0.2
2019,Arizona,Big 12,-8.0,30.1,36.1,-2.1,,,4.0,8.0,12.0,2.0,7.0,4.025796211706421,570.07,182.67,54.0,16.0,1.0,0.0,0.0625,0.58,0.949,0.946,0.261,0.79,0.994,,,,,,,Kevin Sumlin,26.916666666666668,35.75,-8.833333333333334,12.0,3.0,2.0,0.6666666666666666
2020,Arizona,Big 12,-3.5,32.8,36.4,,,,0.0,5.0,5.0,0.0,5.0,0.4597174087043918,526.23,170.89,62.0,23.0,0.0,0.0,0.0,0.64,0.371,0.483,0.846,0.516,0.373,,,,,,,Kevin Sumlin,17.4,39.8,-22.4,5.0,1.0,0.0,0.0
2021,Arizona,Big 12,-12.6,19.2,32.3,,,,1.0,11.0,12.0,1.0,8.0,1.9428218990409596,567.61,157.25,75.0,20.0,0.0,0.0,0.0,0.484,-2.98,0.749,0.704,0.478,0.427,16.0,18.0,-2.0,10.490000000000002,10.66,-0.16999999999999815,Jedd Fisch,17.166666666666668,31.416666666666668,-14.25,12.0,4.0,1.0,0.25
2022,Arizona,Big 12,-3.2,37.6,41.1,0.2,,,5.0,7.0,12.0,3.0,6.0,3.9937131368146206,652.06,224.38,22.0,30.0,5.0,0.0,0.16666666666666666,0.563,1.0,0.677,0.414,0.825,1.0,8.0,27.0,-19.0,6.68,16.339999999999996,-9.659999999999997,Jedd Fisch,30.833333333333332,36.5,-5.666666666666667,12.0,3.0,3.0,1.0
2023,Arizona,Big 12,14.1,37.3,23.1,-0.2,,,10.0,3.0,13.0,7.0,2.0,8.681701369190113,687.01,204.72,40.0,27.0,3.0,0.0,0.1111111111111111,0.846,0.995,1.013,0.72,0.924,0.996,8.0,26.0,-18.0,6.97,18.029999999999998,-11.059999999999999,Jedd Fisch,34.333333333333336,20.833333333333332,13.5,12.0,6.0,3.0,0.5
2024,Arizona,Big 12,-2.8,24.4,29.0,1.8,,,4.0,8.0,12.0,2.0,7.0,4.2167032230106,672.7,162.29,85.0,15.0,2.0,0.0,0.13333333333333333,0.616,0.909,0.045,0.576,0.542,0.98,24.0,31.0,-7.0,20.23,24.730000000000008,-4.500000000000007,Brent Brennan,21.75,31.75,-10.0,12.0,2.0,0.0,0.0
2025,Arizona,Big 12,12.0,33.0,19.5,-1.5,,,9.0,4.0,13.0,6.0,3.0,8.425395142287016,651.62,200.65,50.0,25.0,1.0,0.0,0.04,0.561,1.044,1.089,0.379,0.675,0.985,30.0,38.0,-8.0,25.18,26.55,-1.370000000000001,Brent Brennan,32.583333333333336,18.916666666666668,13.666666666666666,12.0,5.0,3.0,0.6
2026,Arizona,Big 12,9.5,31.1,21.2,-0.5,,,0.0,0.0,0.0,0.0,0.0,0.0,699.59,216.67,42.0,20.0,6.0,0.0,0.3,0.649,1.199,0.603,0.438,0.686,0.961,22.0,20.0,2.0,18.03,14.739999999999998,3.2900000000000027,Brent Brennan,,,,,,,
2004,Arizona State,Big 12,20.7,42.0,23.7,,,,9.0,3.0,12.0,8.0,3.0,,,191.49,23.0,6.0,1.0,1.0,0.16666666666666666,,,,,,,,,,,,,Dirk Koetter,30.09090909090909,24.636363636363637,5.454545454545454,11.0,3.0,2.0,0.6666666666666666
2005,Arizona State,Big 12,12.5,42.4,29.9,,0.865,6.7,7.0,5.0,12.0,5.0,4.0,,,180.3,33.0,4.0,1.0,0.0,0.25,,,,,,,,,,,,,Dirk Koetter,36.09090909090909,29.0,7.090909090909091,11.0,3.0,2.0,0.6666666666666666
2006,Arizona State,Big 12,13.3,31.7,19.7,1.3,0.864,7.4,7.0,6.0,13.0,4.0,5.0,,,188.18,30.0,8.0,3.0,0.0,0.375,,,,,,,,,,,,,Dirk Koetter,27.0,23.75,3.25,12.0,2.0,1.0,0.5
2007,Arizona State,Big 12,12.6,30.3,18.6,0.9,0.836,7.5,10.0,3.0,13.0,8.0,2.0,,,187.91,37.0,10.0,0.0,0.0,0.0,,,,,,,,,,,,,Dennis Erickson,32.166666666666664,20.083333333333332,12.083333333333334,12.0,3.0,3.0,1.0
2008,Arizona State,Big 12,3.4,22.3,19.8,0.8,0.873,5.5,5.0,7.0,12.0,4.0,6.0,,,225.65,17.0,14.0,6.0,0.0,0.42857142857142855,,,,,,,,,,,,,Dennis Erickson,22.833333333333332,22.666666666666668,0.16666666666666666,12.0,2.0,0.0,0.0
2009,Arizona State,Big 12,8.2,25.2,15.6,-1.4,0.876,7.5,4.0,8.0,12.0,2.0,7.0,,,211.24,32.0,12.0,2.0,1.0,0.16666666666666666,,,,,,,,,,,,,Dennis Erickson,22.333333333333332,21.083333333333332,1.25,12.0,5.0,1.0,0.2
2010,Arizona State,Big 12,14.6,35.7,21.0,0.0,0.82,7.3,6.0,6.0,12.0,4.0,6.0,7.948747030598789,,203.28,40.0,16.0,2.0,0.0,0.125,,,,,,,,,,,,,Dennis Erickson,32.25,25.0,7.25,12.0,5.0,1.0,0.2
2011,Arizona State,Big 12,9.9,36.6,27.9,1.2,0.86,7.3,6.0,7.0,13.0,4.0,5.0,6.569051984979587,,146.68,65.0,8.0,0.0,0.0,0.0,,,,,,,,,,,,,Dennis Erickson,33.916666666666664,26.333333333333332,7.583333333333333,12.0,4.0,1.0,0.25
2012,Arizona State,Big 12,16.6,35.2,18.8,0.2,0.887,8.6,8.0,5.0,13.0,5.0,4.0,8.854517656239983,,205.33,36.0,17.0,2.0,0.0,0.11764705882352941,,,,,,,,,,,,,Todd Graham,36.416666666666664,24.0,12.416666666666666,12.0,3.0,1.0,0.3333333333333333
2013,Arizona State,Big 12,17.5,40.0,22.0,-0.4,0.822,8.8,10.0,4.0,14.0,8.0,2.0,7.483307497651002,,192.78,39.0,11.0,1.0,0.0,0.09090909090909091,,,,,,,,,,,,,Todd Graham,41.0,25.846153846153847,15.153846153846153,13.0,4.0,3.0,0.75
2014,Arizona State,Big 12,13.5,36.1,23.3,0.7,0.891,8.3,10.0,3.0,13.0,6.0,3.0,9.678043791608182,,223.19,23.0,15.0,7.0,0.0,0.4666666666666667,0.669,0.953,0.668,0.562,0.713,0.99,,,,,,,Todd Graham,37.0,27.666666666666668,9.333333333333334,12.0,3.0,2.0,0.6666666666666666
2015,Arizona State,Big 12,10.2,34.9,27.2,2.5,0.859,5.6,6.0,7.0,13.0,4.0,5.0,7.048451807459821,680.87,232.73,19.0,13.0,8.0,0.0,0.6153846153846154,0.547,0.408,0.656,0.593,0.536,0.302,,,,,,,Todd Graham,34.0,32.666666666666664,1.3333333333333333,12.0,2.0,0.0,0.0
2016,Arizona State,Big 12,-3.0,32.2,37.6,2.5,0.871,3.1,5.0,7.0,12.0,2.0,7.0,3.7411303962849383,694.21,217.62,24.0,12.0,3.0,0.0,0.25,0.349,0.027,0.651,0.448,0.39,0.007,,,,,,,Todd Graham,33.333333333333336,39.833333333333336,-6.5,12.0,3.0,2.0,0.6666666666666666
2017,Arizona State,Big 12,1.0,33.9,33.1,0.2,0.873,5.0,7.0,6.0,13.0,6.0,3.0,7.67402569985334,720.44,206.68,32.0,18.0,3.0,0.0,0.16666666666666666,0.727,0.931,1.119,0.547,0.875,0.996,,,,,,,Todd Graham,31.916666666666668,31.25,0.6666666666666666,12.0,5.0,3.0,0.6
2018,Arizona State,Big 12,5.0,33.9,30.4,1.5,0.892,6.3,7.0,6.0,13.0,5.0,4.0,5.587497561088038,687.72,207.26,36.0,17.0,2.0,0.0,0.11764705882352941,0.895,0.967,0.457,1.04,0.694,0.991,,,,,,,Herm Edwards,30.75,25.083333333333332,5.666666666666667,12.0,9.0,4.0,0.4444444444444444
2019,Arizona State,Big 12,6.3,28.0,23.7,2.0,,,8.0,5.0,13.0,4.0,5.0,5.123304507483113,686.44,219.76,28.0,26.0,6.0,0.0,0.23076923076923078,0.403,-0.005,0.611,0.549,0.462,0.005,,,,,,,Herm Edwards,25.166666666666668,23.083333333333332,2.0833333333333335,12.0,7.0,4.0,0.5714285714285714
2020,Arizona State,Big 12,11.4,30.2,18.9,,,,2.0,2.0,4.0,2.0,2.0,2.7217829654303074,743.24,229.47,24.0,24.0,8.0,0.0,0.3333333333333333,0.596,0.921,1.122,0.327,0.511,0.893,,,,,,,Herm Edwards,40.25,23.25,17.0,4.0,2.0,0.0,0.0
2021,Arizona State,Big 12,11.8,33.5,20.9,,,,8.0,5.0,13.0,6.0,3.0,9.205444829887231,734.45,185.98,48.0,14.0,5.0,0.0,0.35714285714285715,0.976,1.0,1.0,0.948,0.966,1.0,7.0,18.0,-11.0,4.93,6.799999999999999,-1.8699999999999992,Herm Edwards,29.666666666666668,20.916666666666668,8.75,12.0,1.0,1.0,1.0
2022,Arizona State,Big 12,-4.1,30.5,35.7,1.1,,,3.0,9.0,12.0,2.0,7.0,5.358043951592553,670.18,120.17,103.0,8.0,1.0,0.0,0.125,0.139,0.084,0.107,0.197,0.134,0.03,13.0,21.0,-8.0,11.239999999999998,14.949999999999998,-3.709999999999999,Shaun Aguano,26.083333333333332,31.416666666666668,-5.333333333333333,12.0,3.0,1.0,0.3333333333333333
2023,Arizona State,Big 12,-11.3,20.2,29.9,-1.6,,,3.0,9.0,12.0,2.0,7.0,3.634008578313207,681.32,201.23,44.0,19.0,1.0,0.0,0.05263157894736842,0.612,0.753,0.075,0.685,0.411,0.482,30.0,30.0,0.0,23.470000000000006,21.980000000000004,1.490000000000002,Kenny Dillingham,17.75,31.833333333333332,-14.083333333333334,12.0,3.0,1.0,0.3333333333333333
2024,Arizona State,Big 12,9.4,32.4,20.9,-2.1,,,11.0,3.0,14.0,8.0,2.0,10.650130252853705,757.02,199.47,48.0,21.0,1.0,0.0,0.047619047619047616,0.615,0.905,0.907,0.337,0.595,0.585,28.0,28.0,0.0,23.13,18.99,4.140000000000001,Kenny Dillingham,33.07692307692308,21.307692307692307,11.76923076923077,13.0,5.0,5.0,1.0
2025,Arizona State,Big 12,3.9,28.3,22.7,-1.7,,,8.0,5.0,13.0,6.0,3.0,6.215887748636305,738.52,203.39,44.0,22.0,2.0,0.0,0.09090909090909091,0.646,0.905,0.424,0.629,0.612,0.982,17.0,22.0,-5.0,14.51,14.989999999999998,-0.47999999999999865,Kenny Dillingham,24.666666666666668,23.0,1.6666666666666667,12.0,6.0,5.0,0.8333333333333334
2026,Arizona State,Big 12,4.9,27.4,22.0,-0.6,,,0.0,0.0,0.0,0.0,0.0,0.0,722.0,217.26,40.0,17.0,4.0,0.0,0.23529411764705882,0.155,0.054,-0.048,0.305,0.135,0.002,24.0,21.0,3.0,19.13,13.399999999999997,5.730000000000002,Kenny Dillingham,,,,,,,
2004,Arkansas,SEC,15.4,39.7,26.7,,,,5.0,6.0,11.0,3.0,5.0,,,199.85,18.0,5.0,3.0,0.0,0.6,,,,,,,,,,,,,Houston Nutt,29.818181818181817,24.545454545454547,5.2727272727272725,11.0,4.0,1.0,0.25
2005,Arkansas,SEC,10.6,29.0,18.4,,0.837,6.3,4.0,7.0,11.0,2.0,6.0,,,192.49,26.0,5.0,1.0,1.0,0.2,,,,,,,,,,,,,Houston Nutt,25.727272727272727,24.636363636363637,1.0909090909090908,11.0,4.0,0.0,0.0
2006,Arkansas,SEC,20.6,34.4,13.1,-0.7,0.784,9.6,10.0,4.0,14.0,7.0,2.0,,,204.67,22.0,13.0,4.0,1.0,0.3076923076923077,,,,,,,,,,,,,Houston Nutt,30.0,18.384615384615383,11.615384615384615,13.0,4.0,3.0,0.75
2007,Arkansas,SEC,18.0,36.8,19.0,0.2,0.844,8.8,8.0,5.0,13.0,4.0,4.0,,,189.14,36.0,16.0,0.0,0.0,0.0,,,,,,,,,,,,,Houston Nutt,39.833333333333336,25.583333333333332,14.25,12.0,3.0,1.0,0.3333333333333333
2008,Arkansas,SEC,4.8,32.3,25.8,-1.7,0.842,5.9,5.0,7.0,12.0,2.0,6.0,,,214.9,25.0,20.0,5.0,0.0,0.25,,,,,,,,,,,,,Bobby Petrino,21.916666666666668,31.166666666666668,-9.25,12.0,8.0,5.0,0.625
2009,Arkansas,SEC,16.0,38.0,21.1,-0.9,0.795,7.7,8.0,5.0,13.0,3.0,5.0,,,232.93,20.0,10.0,3.0,1.0,0.3,,,,,,,,,,,,,Bobby Petrino,37.333333333333336,25.75,11.583333333333334,12.0,2.0,0.0,0.0
2010,Arkansas,SEC,27.1,44.8,19.3,1.7,0.775,10.1,10.0,3.0,13.0,6.0,2.0,8.473466401288073,,203.21,41.0,17.0,3.0,0.0,0.17647058823529413,,,,,,,,,,,,,Bobby Petrino,37.333333333333336,22.75,14.583333333333334,12.0,4.0,3.0,0.75
2011,Arkansas,SEC,21.6,39.5,19.9,2.0,0.832,9.1,11.0,2.0,13.0,6.0,2.0,9.008454994348707,,226.22,21.0,19.0,8.0,0.0,0.42105263157894735,,,,,,,,,,,,,Bobby Petrino,37.416666666666664,22.75,14.666666666666666,12.0,3.0,3.0,1.0
2012,Arkansas,SEC,11.6,36.5,24.8,-0.1,0.826,6.4,4.0,8.0,12.0,2.0,6.0,6.372462750248135,,222.12,27.0,22.0,4.0,0.0,0.18181818181818182,,,,,,,,,,,,,John Smith,23.5,30.416666666666668,-6.916666666666667,12.0,4.0,1.0,0.25
2013,Arkansas,SEC,1.5,30.0,30.6,2.1,0.817,3.6,3.0,9.0,12.0,0.0,8.0,4.9062116531056725,,216.6,23.0,16.0,5.0,0.0,0.3125,,,,,,,,,,,,,Bret Bielema,20.666666666666668,30.75,-10.083333333333334,12.0,3.0,0.0,0.0
2014,Arkansas,SEC,12.2,32.4,19.4,-0.8,0.76,7.5,7.0,6.0,13.0,2.0,6.0,8.344578962856552,,215.5,29.0,17.0,4.0,0.0,0.23529411764705882,0.667,0.921,0.941,0.519,0.856,0.996,,,,,,,Bret Bielema,32.0,20.25,11.75,12.0,4.0,0.0,0.0
2015,Arkansas,SEC,19.2,46.6,28.0,0.5,0.803,8.7,8.0,5.0,13.0,5.0,3.0,7.902583426122154,695.04,222.51,22.0,14.0,6.0,0.0,0.42857142857142855,0.888,0.965,0.863,0.858,0.942,0.997,,,,,,,Bret Bielema,35.166666666666664,27.75,7.416666666666667,12.0,5.0,2.0,0.4
2016,Arkansas,SEC,7.9,36.2,28.9,0.5,0.824,6.0,7.0,6.0,13.0,3.0,5.0,5.451187724792665,689.41,219.34,23.0,22.0,6.0,1.0,0.2727272727272727,0.395,0.117,0.2,0.682,0.3,0.028,,,,,,,Bret Bielema,30.833333333333332,30.75,0.08333333333333333,12.0,4.0,3.0,0.75
2017,Arkansas,SEC,2.1,34.1,31.8,-0.2,0.798,4.5,4.0,8.0,12.0,1.0,7.0,4.820561119389283,717.01,212.74,27.0,20.0,3.0,0.0,0.15,0.566,0.858,0.279,0.395,0.544,0.982,,,,,,,Bret Bielema,28.75,36.166666666666664,-7.416666666666667,12.0,5.0,2.0,0.4
2018,Arkansas,SEC,4.5,29.7,25.7,0.5,0.777,3.4,2.0,10.0,12.0,0.0,8.0,3.242954009482268,694.63,192.11,49.0,17.0,2.0,0.0,0.11764705882352941,0.669,0.337,0.646,0.839,0.653,0.449,,,,,,,Chad Morris,21.666666666666668,34.75,-13.083333333333334,12.0,4.0,0.0,0.0
2019,Arkansas,SEC,-10.6,21.7,32.3,0.0,,,2.0,10.0,12.0,0.0,8.0,2.312620605390018,707.72,237.17,23.0,29.0,12.0,0.0,0.41379310344827586,0.398,-0.182,0.337,0.61,0.466,0.028,,,,,,,Barry Lunney Jr.,21.416666666666668,36.833333333333336,-15.416666666666666,12.0,4.0,1.0,0.25
2020,Arkansas,SEC,1.6,28.5,26.7,,,,3.0,7.0,10.0,3.0,7.0,5.905654782056109,719.15,212.16,30.0,22.0,4.0,0.0,0.18181818181818182,0.667,-0.877,1.023,0.834,0.505,0.222,,,,,,,Sam Pittman,25.7,34.9,-9.2,10.0,4.0,1.0,0.25
2021,Arkansas,SEC,13.8,34.3,21.3,,,,9.0,4.0,13.0,4.0,4.0,9.241803588828283,722.84,213.19,24.0,23.0,4.0,0.0,0.17391304347826086,0.505,-0.081,0.737,0.77,0.423,0.019,5.0,16.0,-11.0,3.67,7.72,-4.05,Sam Pittman,31.5,24.0,7.5,12.0,4.0,2.0,0.5
2022,Arkansas,SEC,12.0,38.3,26.3,0.0,,,7.0,6.0,13.0,3.0,5.0,8.529310198585382,741.06,217.69,28.0,27.0,7.0,0.0,0.25925925925925924,0.681,1.007,0.959,0.315,0.744,0.981,9.0,22.0,-13.0,7.739999999999999,15.200000000000001,-7.460000000000002,Sam Pittman,30.666666666666668,28.75,1.9166666666666667,12.0,5.0,1.0,0.2
2023,Arkansas,SEC,3.5,28.3,26.6,1.8,,,4.0,8.0,12.0,1.0,7.0,5.498399801920857,730.93,228.3,22.0,27.0,8.0,0.0,0.2962962962962963,0.581,0.904,0.983,0.233,0.777,0.914,17.0,31.0,-14.0,15.03,19.59,-4.5600000000000005,Sam Pittman,26.583333333333332,27.916666666666668,-1.3333333333333333,12.0,6.0,1.0,0.16666666666666666
2024,Arkansas,SEC,11.0,31.4,21.7,1.3,,,7.0,6.0,13.0,3.0,5.0,7.87864305772377,779.17,216.66,31.0,17.0,7.0,0.0,0.4117647058823529,0.527,0.027,0.008,0.944,0.307,0.003,22.0,31.0,-9.0,18.389999999999993,22.459999999999997,-4.070000000000004,Sam Pittman,30.25,24.916666666666668,5.333333333333333,12.0,3.0,1.0,0.3333333333333333
2025,Arkansas,SEC,5.1,35.8,31.4,0.8,,,2.0,10.0,12.0,0.0,8.0,5.171228103339672,772.64,219.73,32.0,21.0,3.0,0.0,0.14285714285714285,0.361,0.848,0.47,0.048,0.553,0.926,31.0,43.0,-12.0,25.910000000000004,28.81000000000001,-2.9000000000000057,Bobby Petrino,32.916666666666664,33.833333333333336,-0.9166666666666666,12.0,6.0,0.0,0.0
2026,Arkansas,SEC,5.6,34.4,29.0,0.3,,,0.0,0.0,0.0,0.0,0.0,0.0,745.48,212.68,46.0,20.0,3.0,0.0,0.15,0.145,0.187,0.145,0.117,0.196,0.136,42.0,43.0,-1.0,34.51,29.450000000000006,5.059999999999992,Ryan Silverfield,,,,,,,
2004,Arkansas State,Sun Belt,-19.7,23.3,39.8,,,,3.0,8.0,11.0,3.0,4.0,,,88.33,82.0,22.0,0.0,0.0,0.0,,,,,,,,,,,,,Steve Roberts,19.545454545454547,33.18181818181818,-13.636363636363637,11.0,4.0,2.0,0.5
2005,Arkansas State,Sun Belt,-15.6,18.5,34.1,,0.986,6.2,6.0,6.0,12.0,5.0,2.0,,,61.04,105.0,19.0,0.0,0.0,0.0,,,,,,,,,,,,,Steve Roberts,25.0,24.727272727272727,0.2727272727272727,11.0,5.0,4.0,0.8
2006,Arkansas State,Sun Belt,-21.8,11.0,31.0,-1.8,0.954,5.2,6.0,6.0,12.0,4.0,3.0,,,64.59,106.0,19.0,0.0,0.0,0.0,,,,,,,,,,,,,Steve Roberts,15.166666666666666,24.083333333333332,-8.916666666666666,12.0,3.0,3.0,1.0
2007,Arkansas State,Sun Belt,-15.9,19.0,33.2,-1.8,0.934,5.6,5.0,7.0,12.0,3.0,4.0,,,75.26,108.0,22.0,0.0,0.0,0.0,,,,,,,,,,,,,Steve Roberts,24.25,27.583333333333332,-3.3333333333333335,12.0,5.0,3.0,0.6
2008,Arkansas State,Sun Belt,-9.5,22.8,32.3,0.1,0.967,7.1,6.0,6.0,12.0,4.0,3.0,,,85.47,105.0,16.0,0.0,0.0,0.0,,,,,,,,,,,,,Steve Roberts,27.0,23.75,3.25,12.0,5.0,2.0,0.4
2009,Arkansas State,Sun Belt,-18.2,14.5,33.1,0.4,0.945,4.7,4.0,8.0,12.0,3.0,5.0,,,80.06,111.0,17.0,0.0,0.0,0.0,,,,,,,,,,,,,Steve Roberts,22.666666666666668,23.25,-0.5833333333333334,12.0,6.0,2.0,0.3333333333333333
2010,Arkansas State,Sun Belt,-15.9,24.5,39.1,-1.3,0.941,5.5,4.0,8.0,12.0,4.0,4.0,4.739250024766573,,142.14,94.0,18.0,0.0,0.0,0.0,,,,,,,,,,,,,Steve Roberts,30.0,30.75,-0.75,12.0,6.0,1.0,0.16666666666666666
2011,Arkansas State,Sun Belt,-3.3,23.3,26.2,-0.4,0.971,9.4,10.0,3.0,13.0,8.0,0.0,8.116320659618683,,48.25,118.0,11.0,0.0,0.0,0.0,,,,,,,,,,,,,Hugh Freeze,33.5,19.333333333333332,14.166666666666666,12.0,2.0,2.0,1.0
2012,Arkansas State,Sun Belt,1.2,32.5,30.2,-1.0,0.933,9.3,10.0,3.0,13.0,7.0,1.0,7.343867036471355,,162.02,64.0,21.0,0.0,0.0,0.0,,,,,,,,,,,,,Gus Malzahn,36.416666666666664,25.416666666666668,11.0,12.0,3.0,3.0,1.0
2013,Arkansas State,Sun Belt,-16.2,20.8,37.9,0.9,0.943,6.0,8.0,5.0,13.0,5.0,2.0,5.897269970997143,,113.75,100.0,17.0,0.0,0.0,0.0,,,,,,,,,,,,,Bryan Harsin,29.666666666666668,26.666666666666668,3.0,12.0,4.0,3.0,0.75
2014,Arkansas State,Sun Belt,-0.3,31.5,31.6,-0.2,0.955,7.0,7.0,6.0,13.0,5.0,3.0,6.935859382976877,,111.51,95.0,19.0,0.0,0.0,0.0,0.283,-0.013,0.325,0.449,0.335,0.139,,,,,,,Blake Anderson,36.083333333333336,27.75,8.333333333333334,12.0,2.0,1.0,0.5
2015,Arkansas State,Sun Belt,0.5,30.9,28.4,-2.0,0.942,8.3,9.0,4.0,13.0,8.0,0.0,8.206669631731858,408.08,131.45,90.0,17.0,0.0,0.0,0.0,0.989,1.023,1.011,0.96,0.96,0.983,,,,,,,Blake Anderson,41.0,28.833333333333332,12.166666666666666,12.0,1.0,0.0,0.0
2016,Arkansas State,Sun Belt,-1.2,21.9,21.1,-2.0,0.955,9.4,8.0,5.0,13.0,7.0,1.0,8.841446068171772,471.45,132.18,90.0,14.0,0.0,0.0,0.0,0.369,0.0,0.533,0.441,0.301,0.0,,,,,,,Blake Anderson,27.0,22.166666666666668,4.833333333333333,12.0,3.0,1.0,0.3333333333333333
2017,Arkansas State,Sun Belt,1.5,29.3,28.6,0.8,0.982,8.6,7.0,5.0,12.0,6.0,2.0,9.413676720723716,436.05,114.91,111.0,14.0,0.0,0.0,0.0,0.815,0.853,0.396,0.771,0.77,0.826,,,,,,,Blake Anderson,38.54545454545455,24.90909090909091,13.636363636363637,11.0,3.0,0.0,0.0
2018,Arkansas State,Sun Belt,1.2,29.9,27.9,-0.8,0.926,8.7,8.0,5.0,13.0,5.0,3.0,8.717774818107225,433.73,148.03,88.0,20.0,0.0,0.0,0.0,0.712,0.918,0.833,0.569,0.742,0.989,,,,,,,Blake Anderson,31.75,26.416666666666668,5.333333333333333,12.0,3.0,1.0,0.3333333333333333
2019,Arkansas State,Sun Belt,-2.9,30.1,34.2,1.3,,,8.0,5.0,13.0,5.0,3.0,6.651450958254767,447.87,143.36,95.0,15.0,0.0,0.0,0.0,0.397,0.07,0.359,0.638,0.331,0.041,,,,,,,Blake Anderson,33.666666666666664,34.833333333333336,-1.1666666666666667,12.0,6.0,4.0,0.6666666666666666
2020,Arkansas State,Sun Belt,-6.5,31.1,37.2,,,,4.0,7.0,11.0,2.0,6.0,4.709287908302104,389.49,148.75,92.0,15.0,0.0,0.0,0.0,0.633,0.983,0.973,0.384,0.8,0.988,,,,,,,Blake Anderson,32.90909090909091,37.18181818181818,-4.2727272727272725,11.0,5.0,2.0,0.4
2021,Arkansas State,Sun Belt,-17.9,21.0,40.0,,,,2.0,10.0,12.0,1.0,7.0,2.937410646746787,475.74,132.61,106.0,15.0,0.0,0.0,0.0,0.696,0.952,0.118,0.543,0.661,0.992,17.0,9.0,8.0,10.209999999999999,4.63,5.579999999999999,Butch Jones,25.25,38.583333333333336,-13.333333333333334,12.0,5.0,1.0,0.2
2022,Arkansas State,Sun Belt,-13.0,23.7,38.5,1.8,,,3.0,9.0,12.0,1.0,7.0,4.003603191739838,471.65,166.63,67.0,18.0,0.0,0.0,0.0,0.203,0.082,-0.184,0.311,0.252,0.175,11.0,25.0,-14.0,7.339999999999999,14.160000000000002,-6.820000000000003,Butch Jones,25.0,31.416666666666668,-6.416666666666667,12.0,4.0,1.0,0.25
2023,Arkansas State,Sun Belt,-6.3,25.8,32.8,0.7,,,6.0,7.0,13.0,4.0,4.0,5.607116358162902,487.4,168.05,74.0,22.0,0.0,0.0,0.0,0.179,0.045,5.909,0.269,0.221,0.028,8.0,13.0,-5.0,4.2,7.489999999999999,-3.289999999999999,Butch Jones,27.75,31.166666666666668,-3.4166666666666665,12.0,2.0,1.0,0.5
2024,Arkansas State,Sun Belt,-9.9,24.6,35.2,0.7,,,8.0,5.0,13.0,5.0,3.0,4.608030386779824,573.27,167.29,78.0,28.0,0.0,0.0,0.0,0.859,1.045,1.021,0.737,0.849,0.769,17.0,21.0,-4.0,13.350000000000001,11.79,1.5600000000000023,Butch Jones,24.833333333333332,32.25,-7.416666666666667,12.0,6.0,6.0,1.0
2025,Arkansas State,Sun Belt,-8.8,24.4,33.5,0.3,,,7.0,6.0,13.0,5.0,3.0,5.233487401157618,591.27,173.32,75.0,24.0,0.0,0.0,0.0,0.586,0.896,0.354,0.534,0.701,0.945,32.0,29.0,3.0,21.339999999999996,15.809999999999997,5.529999999999999,Butch Jones,24.416666666666668,27.333333333333332,-2.9166666666666665,12.0,6.0,3.0,0.5
2026,Arkansas State,Sun Belt,-11.6,22.1,33.8,0.1,,,0.0,0.0,0.0,0.0,0.0,0.0,606.22,183.85,85.0,21.0,0.0,0.0,0.0,0.3,0.072,-2.463,0.542,0.389,0.007,25.0,37.0,-12.0,18.79,23.740000000000002,-4.950000000000003,Butch Jones,,,,,,,
2004,Army,American Athletic,-15.6,29.5,41.2,,,,2.0,9.0,11.0,2.0,7.0,,,30.13,115.0,5.0,0.0,0.0,0.0,,,,,,,,,,,,,Bobby Ross,23.636363636363637,35.27272727272727,-11.636363636363637,11.0,3.0,1.0,0.3333333333333333
2005,Army,American Athletic,-16.3,14.7,31.0,,0.939,3.8,4.0,7.0,11.0,0.0,0.0,,,8.82,118.0,4.0,0.0,0.0,0.0,,,,,,,,,,,,,Bobby Ross,20.0,26.727272727272727,-6.7272727272727275,11.0,4.0,2.0,0.5
2006,Army,American Athletic,-24.3,8.4,33.5,0.8,0.94,2.0,3.0,9.0,12.0,0.0,0.0,,,38.48,117.0,8.0,0.0,0.0,0.0,,,,,,,,,,,,,Bobby Ross,19.333333333333332,27.916666666666668,-8.583333333333334,12.0,3.0,2.0,0.6666666666666666
2007,Army,American Athletic,-28.4,7.3,35.3,-0.4,0.937,1.7,3.0,9.0,12.0,0.0,0.0,,,15.3,116.0,5.0,0.0,0.0,0.0,,,,,,,,,,,,,Stan Brock,16.916666666666668,30.333333333333332,-13.416666666666666,12.0,2.0,2.0,1.0
2008,Army,American Athletic,-20.3,10.2,30.4,-0.1,0.987,3.7,3.0,9.0,12.0,0.0,0.0,,,57.21,116.0,21.0,0.0,0.0,0.0,,,,,,,,,,,,,Stan Brock,14.75,23.666666666666668,-8.916666666666666,12.0,5.0,2.0,0.4
2009,Army,American Athletic,-21.7,6.5,27.7,-0.5,0.975,3.6,5.0,7.0,12.0,0.0,0.0,,,68.46,114.0,20.0,0.0,0.0,0.0,,,,,,,,,,,,,Rich Ellerson,15.333333333333334,21.916666666666668,-6.583333333333333,12.0,5.0,4.0,0.8
2010,Army,American Athletic,-14.6,19.0,33.9,0.3,0.951,6.1,7.0,6.0,13.0,0.0,0.0,6.44046390461429,,99.95,113.0,26.0,0.0,0.0,0.0,,,,,,,,,,,,,Rich Ellerson,27.5,25.166666666666668,2.3333333333333335,12.0,4.0,1.0,0.25
2011,Army,American Athletic,-20.9,19.9,37.7,-3.1,0.965,3.9,3.0,9.0,12.0,0.0,0.0,5.585959523957057,,77.89,88.0,27.0,0.0,0.0,0.0,,,,,,,,,,,,,Rich Ellerson,24.833333333333332,28.25,-3.4166666666666665,12.0,4.0,1.0,0.25
2012,Army,American Athletic,-23.1,23.1,44.8,-1.4,0.969,3.1,2.0,10.0,12.0,0.0,0.0,7.454178034307615,,45.41,126.0,14.0,0.0,0.0,0.0,,,,,,,,,,,,,Rich Ellerson,24.25,35.333333333333336,-11.083333333333334,12.0,3.0,1.0,0.3333333333333333
2013,Army,American Athletic,-24.6,20.8,44.5,-0.8,0.956,3.1,3.0,9.0,12.0,0.0,0.0,5.187171196979616,,74.07,127.0,12.0,0.0,0.0,0.0,,,,,,,,,,,,,Rich Ellerson,24.416666666666668,31.583333333333332,-7.166666666666667,12.0,2.0,0.0,0.0
2014,Army,American Athletic,-16.9,25.2,40.9,-1.2,0.955,4.0,4.0,8.0,12.0,0.0,0.0,4.791624859492275,,87.22,121.0,21.0,0.0,0.0,0.0,0.952,1.0,0.974,0.905,0.946,1.0,,,,,,,Jeff Monken,24.916666666666668,32.916666666666664,-8.0,12.0,3.0,0.0,0.0
2015,Army,American Athletic,-21.7,20.3,39.0,-3.0,0.952,3.8,2.0,10.0,12.0,0.0,0.0,4.1082850768165375,186.45,100.83,120.0,38.0,0.0,0.0,0.0,0.292,0.871,0.166,0.783,0.278,0.322,,,,,,,Jeff Monken,22.083333333333332,27.833333333333332,-5.75,12.0,8.0,1.0,0.125
2016,Army,American Athletic,-9.9,22.2,29.2,-2.9,0.949,8.5,8.0,5.0,13.0,0.0,0.0,8.490861596286491,131.74,108.9,117.0,54.0,0.0,0.0,0.0,0.872,1.023,0.809,0.846,0.521,0.664,,,,,,,Jeff Monken,29.25,18.916666666666668,10.333333333333334,12.0,3.0,1.0,0.3333333333333333
2017,Army,American Athletic,-5.3,32.1,35.0,-2.5,0.931,7.0,10.0,3.0,13.0,0.0,0.0,9.573958292487179,88.72,106.37,120.0,82.0,0.0,0.0,0.0,0.714,0.896,0.808,0.381,0.84,0.984,,,,,,,Jeff Monken,29.75,20.916666666666668,8.833333333333334,12.0,7.0,5.0,0.7142857142857143
2018,Army,American Athletic,-1.5,29.4,28.7,-2.2,0.942,8.1,11.0,2.0,13.0,0.0,0.0,9.618085200383769,230.75,118.69,117.0,41.0,0.0,0.0,0.0,0.611,0.526,0.601,0.679,0.63,0.364,,,,,,,Jeff Monken,29.666666666666668,18.0,11.666666666666666,12.0,5.0,4.0,0.8
2019,Army,American Athletic,-2.1,28.6,30.4,-0.4,,,5.0,8.0,13.0,0.0,0.0,6.214153151262764,265.19,139.75,99.0,26.0,0.0,0.0,0.0,0.644,0.995,0.499,0.673,0.542,0.959,,,,,,,Jeff Monken,28.46153846153846,23.0,5.461538461538462,13.0,5.0,1.0,0.2
2020,Army,American Athletic,2.7,27.8,25.3,,,,9.0,3.0,12.0,0.0,0.0,9.247361069721832,152.03,139.43,111.0,47.0,0.0,0.0,0.0,0.654,0.889,0.607,0.817,0.515,0.4,,,,,,,Jeff Monken,27.272727272727273,14.0,13.272727272727273,11.0,3.0,3.0,1.0
2021,Army,American Athletic,4.7,28.8,23.5,,,,9.0,4.0,13.0,0.0,0.0,10.032611688930825,111.53,131.27,109.0,50.0,0.0,0.0,0.0,0.861,1.0,0.835,0.921,0.858,1.0,0.0,2.0,-2.0,0.0,1.0,-1.0,Jeff Monken,33.583333333333336,22.333333333333332,11.25,12.0,4.0,2.0,0.5
2022,Army,American Athletic,-1.5,24.6,25.3,-0.9,,,6.0,6.0,12.0,1.0,0.0,6.553908806599024,17.27,18.34,158.0,30.0,0.0,0.0,0.0,0.618,-0.038,0.684,0.832,0.525,0.179,0.0,6.0,-6.0,0.0,2.57,-2.57,Jeff Monken,28.583333333333332,22.5,6.083333333333333,12.0,4.0,1.0,0.25
2023,Army,American Athletic,-4.0,18.4,22.5,0.1,,,6.0,6.0,12.0,0.0,1.0,6.64921384272946,0.0,110.02,118.0,39.0,0.0,0.0,0.0,0.5,-0.019,0.472,0.826,0.485,0.028,0.0,1.0,-1.0,0.0,0.89,-0.89,Jeff Monken,20.5,21.083333333333332,-0.5833333333333334,12.0,6.0,3.0,0.5
2024,Army,American Athletic,9.2,31.1,21.7,-0.1,,,12.0,2.0,14.0,9.0,1.0,11.900202639307905,0.0,37.76,152.0,50.0,0.0,0.0,0.0,0.702,1.035,0.662,0.56,0.743,0.723,0.0,9.0,-9.0,0.0,3.51,-3.51,Jeff Monken,31.384615384615383,16.23076923076923,15.153846153846153,13.0,1.0,1.0,1.0
2025,Army,American Athletic,0.8,24.7,24.1,0.3,,,7.0,6.0,13.0,4.0,5.0,7.458610272035003,23.66,77.24,130.0,50.0,0.0,0.0,0.0,0.252,0.106,0.245,0.354,0.297,0.151,0.0,11.0,-11.0,0.0,4.9,-4.9,Jeff Monken,22.416666666666668,22.083333333333332,0.3333333333333333,12.0,9.0,4.0,0.4444444444444444
2026,Army,American Athletic,-2.4,24.8,27.2,0.1,,,0.0,0.0,0.0,0.0,0.0,0.0,303.83,39.85,181.0,50.0,0.0,0.0,0.0,0.802,0.626,0.886,0.831,0.586,0.667,0.0,2.0,-2.0,0.0,0.79,-0.79,Jeff Monken,,,,,,,
2004,Auburn,SEC,27.3,39.3,12.5,,,,13.0,0.0,13.0,9.0,0.0,,,182.43,30.0,6.0,2.0,0.0,0.3333333333333333,,,,,,,,,,,,,Tommy Tuberville,33.416666666666664,11.166666666666666,22.25,12.0,1.0,1.0,1.0
2005,Auburn,SEC,20.7,35.4,14.7,,0.896,9.8,9.0,3.0,12.0,7.0,1.0,,,209.75,19.0,4.0,1.0,1.0,0.25,,,,,,,,,,,,,Tommy Tuberville,34.18181818181818,14.727272727272727,19.454545454545453,11.0,2.0,1.0,0.5
2006,Auburn,SEC,19.4,32.4,15.1,2.1,0.811,7.4,11.0,2.0,13.0,6.0,2.0,,,245.54,11.0,18.0,13.0,0.0,0.7222222222222222,,,,,,,,,,,,,Tommy Tuberville,25.416666666666668,13.916666666666666,11.5,12.0,4.0,4.0,1.0
2007,Auburn,SEC,20.7,31.3,11.3,0.7,0.807,8.4,9.0,4.0,13.0,5.0,3.0,,,248.55,9.0,17.0,7.0,0.0,0.4117647058823529,,,,,,,,,,,,,Tommy Tuberville,24.333333333333332,16.666666666666668,7.666666666666667,12.0,6.0,3.0,0.5
2008,Auburn,SEC,1.4,19.7,17.4,-0.8,0.905,4.9,5.0,7.0,12.0,2.0,6.0,,,224.19,21.0,22.0,6.0,0.0,0.2727272727272727,,,,,,,,,,,,,Tommy Tuberville,17.333333333333332,18.0,-0.6666666666666666,12.0,6.0,2.0,0.3333333333333333
2009,Auburn,SEC,17.4,35.6,19.6,1.4,0.829,7.2,8.0,5.0,13.0,3.0,5.0,,,226.93,23.0,11.0,5.0,0.0,0.45454545454545453,,,,,,,,,,,,,Gene Chizik,32.916666666666664,26.916666666666668,6.0,12.0,4.0,1.0,0.25
2010,Auburn,SEC,26.5,49.4,22.7,-0.1,0.769,11.1,14.0,0.0,14.0,9.0,0.0,10.332107652887991,,277.2,6.0,24.0,13.0,2.0,0.5416666666666666,,,,,,,,,,,,,Gene Chizik,42.69230769230769,24.46153846153846,18.23076923076923,13.0,5.0,5.0,1.0
2011,Auburn,SEC,9.0,31.2,24.0,1.9,0.809,6.9,8.0,5.0,13.0,4.0,4.0,5.590124629367905,,281.02,5.0,20.0,15.0,1.0,0.75,,,,,,,,,,,,,Gene Chizik,24.25,29.333333333333332,-5.083333333333333,12.0,3.0,3.0,1.0
2012,Auburn,SEC,4.8,28.0,25.1,1.9,0.778,3.9,3.0,9.0,12.0,0.0,8.0,4.844401870241267,,261.81,11.0,19.0,11.0,0.0,0.5789473684210527,,,,,,,,,,,,,Gene Chizik,18.666666666666668,28.333333333333332,-9.666666666666666,12.0,4.0,1.0,0.25
2013,Auburn,SEC,25.2,46.8,23.4,1.9,0.79,9.1,12.0,2.0,14.0,8.0,1.0,9.000164527841235,,267.46,10.0,15.0,9.0,2.0,0.6,,,,,,,,,,,,,Gus Malzahn,40.15384615384615,24.0,16.153846153846153,13.0,5.0,5.0,1.0
2014,Auburn,SEC,24.2,45.2,22.1,1.1,0.755,8.6,8.0,5.0,13.0,4.0,4.0,8.900168592304203,,277.12,6.0,17.0,11.0,2.0,0.6470588235294118,0.807,1.0,0.662,0.859,0.68,1.0,,,,,,,Gus Malzahn,35.833333333333336,26.083333333333332,9.75,12.0,4.0,3.0,0.75
2015,Auburn,SEC,14.6,36.1,23.1,1.7,0.795,6.6,7.0,6.0,13.0,2.0,6.0,6.866111013984838,865.41,278.31,8.0,24.0,17.0,1.0,0.7083333333333334,0.202,0.254,0.142,0.184,0.157,0.119,,,,,,,Gus Malzahn,27.166666666666668,27.333333333333332,-0.16666666666666666,12.0,4.0,3.0,0.75
2016,Auburn,SEC,15.3,32.1,18.4,1.7,0.797,7.7,8.0,5.0,13.0,5.0,3.0,7.357137623845934,865.36,275.14,9.0,22.0,14.0,1.0,0.6363636363636364,0.569,1.0,0.428,0.325,0.488,1.0,,,,,,,Gus Malzahn,32.25,15.583333333333334,16.666666666666668,12.0,4.0,2.0,0.5
2017,Auburn,SEC,24.7,35.4,11.0,0.2,0.767,10.3,10.0,4.0,14.0,7.0,2.0,9.729635305057448,867.43,255.92,9.0,20.0,10.0,1.0,0.5,0.516,-0.022,0.665,0.682,0.552,0.017,,,,,,,Gus Malzahn,34.38461538461539,17.307692307692307,17.076923076923077,13.0,1.0,0.0,0.0
2018,Auburn,SEC,23.6,36.9,14.1,0.7,0.761,8.2,8.0,5.0,13.0,3.0,5.0,8.57820601122596,827.37,262.77,12.0,22.0,14.0,0.0,0.6363636363636364,0.828,0.925,0.579,0.902,0.704,0.995,,,,,,,Gus Malzahn,28.25,19.583333333333332,8.666666666666666,12.0,4.0,2.0,0.5
2019,Auburn,SEC,21.0,33.9,14.9,2.0,,,9.0,4.0,13.0,5.0,3.0,9.21708248018527,843.93,271.94,11.0,22.0,15.0,2.0,0.6818181818181818,0.415,0.159,1.04,0.428,0.447,0.02,,,,,,,Gus Malzahn,34.0,18.583333333333332,15.416666666666666,12.0,5.0,3.0,0.6
2020,Auburn,SEC,12.6,33.0,20.7,,,,6.0,5.0,11.0,6.0,4.0,4.657129368921421,844.78,274.6,7.0,25.0,16.0,0.0,0.64,0.73,0.983,0.595,0.626,0.71,0.98,,,,,,,Gus Malzahn,25.7,23.7,2.0,10.0,2.0,2.0,1.0
2021,Auburn,SEC,11.0,30.2,19.8,,,,6.0,7.0,13.0,3.0,5.0,6.267283755712322,840.38,205.63,30.0,17.0,7.0,0.0,0.4117647058823529,0.605,0.994,0.918,0.21,0.714,0.997,10.0,22.0,-12.0,8.16,16.25,-8.09,Bryan Harsin,29.583333333333332,22.166666666666668,7.416666666666667,12.0,3.0,1.0,0.3333333333333333
2022,Auburn,SEC,5.1,32.6,27.9,0.5,,,5.0,7.0,12.0,2.0,6.0,6.735980425211763,783.87,229.35,21.0,15.0,9.0,0.0,0.6,0.452,0.046,0.662,0.543,0.558,0.288,11.0,24.0,-13.0,8.43,20.080000000000002,-11.650000000000002,Bryan Harsin,24.75,29.5,-4.75,12.0,4.0,2.0,0.5
2023,Auburn,SEC,7.6,26.4,20.1,1.3,,,6.0,7.0,13.0,3.0,5.0,6.402269708738939,770.94,242.9,18.0,19.0,10.0,0.0,0.5263157894736842,0.787,0.794,0.86,0.735,0.657,0.833,21.0,21.0,0.0,18.39,15.359999999999998,3.030000000000003,Hugh Freeze,27.25,21.916666666666668,5.333333333333333,12.0,4.0,1.0,0.25
2024,Auburn,SEC,9.5,27.9,17.8,-0.6,,,5.0,7.0,12.0,2.0,6.0,7.215416284028155,833.61,275.39,10.0,22.0,15.0,1.0,0.6818181818181818,0.712,1.047,0.872,0.494,0.845,0.921,15.0,23.0,-8.0,12.909999999999997,16.749999999999996,-3.84,Hugh Freeze,27.75,21.333333333333332,6.416666666666667,12.0,4.0,1.0,0.25
2025,Auburn,SEC,11.6,28.3,17.4,0.7,,,5.0,7.0,12.0,1.0,7.0,6.594944655895233,891.84,286.89,8.0,26.0,18.0,1.0,0.6923076923076923,0.218,0.0,0.037,0.383,0.19,0.0,21.0,27.0,-6.0,18.109999999999996,20.04,-1.9300000000000033,D.J. Durkin,26.75,20.666666666666668,6.083333333333333,12.0,6.0,0.0,0.0
2026,Auburn,SEC,11.5,28.5,17.3,0.3,,,0.0,0.0,0.0,0.0,0.0,0.0,828.19,225.99,31.0,20.0,6.0,0.0,0.3,0.144,0.0,0.263,0.088,0.196,0.0,39.0,39.0,0.0,33.63,32.17,1.4600000000000009,Alex Golesh,,,,,,,
2004,BYU,Big 12,7.8,34.4,28.3,,,,5.0,6.0,11.0,4.0,5.0,,,130.71,51.0,11.0,0.0,0.0,0.0,,,,,,,,,,,,,Gary Crowton,24.272727272727273,26.818181818181817,-2.5454545454545454,11.0,4.0,1.0,0.25
2005,BYU,Big 12,2.8,35.3,32.5,,0.909,6.4,6.0,6.0,12.0,5.0,4.0,,,123.25,61.0,10.0,1.0,0.0,0.1,,,,,,,,,,,,,Bronco Mendenhall,33.45454545454545,28.727272727272727,4.7272727272727275,11.0,3.0,1.0,0.3333333333333333
2006,BYU,Big 12,21.9,37.5,16.6,1.0,0.919,11.4,11.0,2.0,13.0,9.0,1.0,,,128.22,65.0,16.0,0.0,0.0,0.0,,,,,,,,,,,,,Bronco Mendenhall,36.666666666666664,15.25,21.416666666666668,12.0,3.0,1.0,0.3333333333333333
2007,BYU,Big 12,15.4,31.8,16.0,-0.4,0.935,10.9,11.0,2.0,13.0,10.0,1.0,,,168.65,43.0,17.0,0.0,0.0,0.0,,,,,,,,,,,,,Bronco Mendenhall,31.166666666666668,18.75,12.416666666666666,12.0,3.0,3.0,1.0
2008,BYU,Big 12,12.2,38.3,26.3,0.1,0.952,9.9,10.0,3.0,13.0,8.0,3.0,,,176.15,45.0,16.0,1.0,0.0,0.0625,,,,,,,,,,,,,Bronco Mendenhall,35.333333333333336,21.166666666666668,14.166666666666666,12.0,3.0,3.0,1.0
2009,BYU,Big 12,12.7,34.0,20.7,-0.5,0.893,10.0,11.0,2.0,13.0,8.0,1.0,,,181.77,55.0,13.0,1.0,0.0,0.07692307692307693,,,,,,,,,,,,,Bronco Mendenhall,34.75,21.666666666666668,13.083333333333334,12.0,3.0,3.0,1.0
2010,BYU,Big 12,3.3,24.6,22.5,1.2,0.897,6.5,7.0,6.0,13.0,6.0,3.0,6.12970623581049,,211.56,33.0,21.0,3.0,0.0,0.14285714285714285,,,,,,,,,,,,,Bronco Mendenhall,24.0,21.416666666666668,2.5833333333333335,12.0,4.0,3.0,0.75
2011,BYU,Big 12,6.9,26.5,19.2,-0.4,0.94,8.6,10.0,3.0,13.0,0.0,0.0,9.129017598314352,,143.97,69.0,13.0,0.0,0.0,0.0,,,,,,,,,,,,,Bronco Mendenhall,30.583333333333332,20.333333333333332,10.25,12.0,4.0,3.0,0.75
2012,BYU,Big 12,10.9,26.3,15.0,-0.4,0.917,9.1,8.0,5.0,13.0,0.0,0.0,7.9594922656481595,,148.63,71.0,13.0,2.0,0.0,0.15384615384615385,,,,,,,,,,,,,Bronco Mendenhall,29.166666666666668,14.666666666666666,14.5,12.0,5.0,1.0,0.2
2013,BYU,Big 12,10.0,28.3,18.9,0.6,0.899,9.4,8.0,5.0,13.0,0.0,0.0,9.117650785584031,,152.55,66.0,18.0,1.0,0.0,0.05555555555555555,,,,,,,,,,,,,Bronco Mendenhall,31.333333333333332,21.333333333333332,10.0,12.0,4.0,2.0,0.5
2014,BYU,Big 12,10.2,33.1,24.1,1.2,0.945,9.2,8.0,5.0,13.0,0.0,0.0,7.106417466114611,,161.71,64.0,13.0,1.0,0.0,0.07692307692307693,0.552,1.109,0.982,0.255,0.861,0.973,,,,,,,Bronco Mendenhall,36.166666666666664,25.25,10.916666666666666,12.0,3.0,1.0,0.3333333333333333
2015,BYU,Big 12,8.7,31.9,24.6,1.4,0.893,8.8,9.0,4.0,13.0,0.0,0.0,8.678820000538074,521.43,165.06,65.0,19.0,0.0,0.0,0.0,0.575,0.326,0.701,0.648,0.53,0.289,,,,,,,Bronco Mendenhall,34.166666666666664,21.833333333333332,12.333333333333334,12.0,5.0,3.0,0.6
2016,BYU,Big 12,8.0,29.6,23.1,1.4,0.919,8.9,9.0,4.0,13.0,0.0,0.0,8.853547829559682,529.05,177.85,49.0,24.0,1.0,0.0,0.041666666666666664,0.679,0.981,0.916,0.479,0.748,0.996,,,,,,,Kalani Sitake,30.0,19.416666666666668,10.583333333333334,12.0,7.0,3.0,0.42857142857142855
2017,BYU,Big 12,-7.4,18.6,25.8,-0.3,0.893,5.5,4.0,9.0,13.0,0.0,0.0,4.1454842875897775,574.09,167.37,66.0,25.0,2.0,0.0,0.08,0.306,0.382,0.052,0.43,0.255,0.1,,,,,,,Kalani Sitake,17.076923076923077,24.692307692307693,-7.615384615384615,13.0,3.0,0.0,0.0
2018,BYU,Big 12,6.2,28.9,22.3,-0.4,0.896,8.1,7.0,6.0,13.0,0.0,0.0,8.258559773681032,565.85,160.52,78.0,31.0,0.0,0.0,0.0,0.885,1.028,0.889,0.857,0.836,0.955,,,,,,,Kalani Sitake,25.416666666666668,21.666666666666668,3.75,12.0,5.0,2.0,0.4
2019,BYU,Big 12,1.3,28.6,26.2,-1.2,,,7.0,6.0,13.0,0.0,0.0,5.844123473537077,560.78,156.76,81.0,19.0,1.0,0.0,0.05263157894736842,0.746,0.804,0.722,0.733,0.543,0.52,,,,,,,Kalani Sitake,28.0,24.416666666666668,3.5833333333333335,12.0,6.0,4.0,0.6666666666666666
2020,BYU,Big 12,19.2,39.2,20.3,,,,11.0,1.0,12.0,0.0,0.0,10.325166130308325,510.95,159.91,78.0,29.0,0.0,0.0,0.0,0.669,0.913,0.878,0.453,0.728,0.963,,,,,,,Kalani Sitake,43.0,14.636363636363637,28.363636363636363,11.0,2.0,1.0,0.5
2021,BYU,Big 12,8.9,37.2,27.9,,,,10.0,3.0,13.0,0.0,0.0,8.311919617284142,443.13,159.77,71.0,17.0,1.0,0.0,0.058823529411764705,0.48,0.101,0.682,0.663,0.557,0.13,5.0,3.0,2.0,3.3,1.2,2.0999999999999996,Kalani Sitake,33.5,24.25,9.25,12.0,2.0,2.0,1.0
2022,BYU,Big 12,-1.4,34.3,34.8,-0.8,,,8.0,5.0,13.0,0.0,2.0,6.633978548013562,415.19,181.5,55.0,27.0,2.0,0.0,0.07407407407407407,0.619,0.82,0.297,0.694,0.587,0.826,4.0,10.0,-6.0,3.5300000000000002,5.779999999999999,-2.249999999999999,Kalani Sitake,31.916666666666668,30.0,1.9166666666666667,12.0,3.0,2.0,0.6666666666666666
2023,BYU,Big 12,-3.3,25.3,30.3,1.7,,,5.0,7.0,12.0,2.0,7.0,3.616112728780986,576.25,179.88,66.0,21.0,3.0,0.0,0.14285714285714285,0.294,0.084,-0.004,0.551,0.225,0.017,20.0,21.0,-1.0,16.219999999999995,14.209999999999999,2.0099999999999962,Kalani Sitake,23.083333333333332,29.833333333333332,-6.75,12.0,3.0,1.0,0.3333333333333333
2024,BYU,Big 12,15.3,32.0,18.8,2.0,,,11.0,2.0,13.0,7.0,2.0,8.43082937690976,602.46,202.7,44.0,25.0,2.0,0.0,0.08,0.564,-0.407,0.698,0.765,0.561,0.367,9.0,17.0,-8.0,7.489999999999999,11.229999999999999,-3.7399999999999993,Kalani Sitake,30.75,20.083333333333332,10.666666666666666,12.0,6.0,4.0,0.6666666666666666
2025,BYU,Big 12,15.9,33.9,18.8,0.8,,,12.0,2.0,14.0,8.0,1.0,9.628044468350708,649.36,197.17,55.0,24.0,2.0,0.0,0.08333333333333333,0.375,0.127,0.531,0.417,0.278,0.016,13.0,29.0,-16.0,10.93,19.990000000000002,-9.060000000000002,Kalani Sitake,31.923076923076923,19.0,12.923076923076923,13.0,3.0,3.0,1.0
2026,BYU,Big 12,14.9,32.9,18.3,0.3,,,0.0,0.0,0.0,0.0,0.0,0.0,689.42,237.33,21.0,21.0,7.0,0.0,0.3333333333333333,0.785,1.0,0.965,0.513,0.882,1.0,9.0,14.0,-5.0,7.89,9.409999999999998,-1.5199999999999987,Kalani Sitake,,,,,,,
2004,Ball State,Mid-American,-18.7,26.8,41.6,,,,2.0,9.0,11.0,2.0,6.0,,,76.9,98.0,23.0,0.0,0.0,0.0,,,,,,,,,,,,,Brady Hoke,20.454545454545453,36.81818181818182,-16.363636363636363,11.0,4.0,1.0,0.25
2005,Ball State,Mid-American,-18.5,16.3,34.8,,0.908,2.4,4.0,7.0,11.0,4.0,4.0,,,70.61,100.0,16.0,0.0,0.0,0.0,,,,,,,,,,,,,Brady Hoke,21.181818181818183,37.81818181818182,-16.636363636363637,11.0,4.0,3.0,0.75
2006,Ball State,Mid-American,-7.5,22.6,32.0,1.9,0.95,4.3,5.0,7.0,12.0,5.0,3.0,,,96.34,86.0,18.0,0.0,0.0,0.0,,,,,,,,,,,,,Brady Hoke,27.166666666666668,25.75,1.4166666666666667,12.0,4.0,2.0,0.5
2007,Ball State,Mid-American,-4.6,29.0,33.6,0.0,0.957,7.1,7.0,6.0,13.0,5.0,2.0,,,110.69,88.0,23.0,0.0,0.0,0.0,,,,,,,,,,,,,Brady Hoke,31.583333333333332,26.333333333333332,5.25,12.0,5.0,3.0,0.6
2008,Ball State,Mid-American,14.3,38.9,26.1,1.5,0.989,12.0,12.0,2.0,14.0,8.0,1.0,,,85.39,106.0,20.0,0.0,0.0,0.0,,,,,,,,,,,,,Brady Hoke,36.61538461538461,18.615384615384617,18.0,13.0,1.0,1.0,1.0
2009,Ball State,Mid-American,-17.3,15.0,32.3,0.0,0.963,3.2,2.0,10.0,12.0,2.0,6.0,,,,,,,,,,,,,,,,,,,,,Stan Parrish,19.166666666666668,28.166666666666668,-9.0,12.0,8.0,2.0,0.25
2010,Ball State,Mid-American,-15.6,17.5,33.0,-0.1,0.962,4.5,4.0,8.0,12.0,3.0,5.0,5.143728751571396,,142.28,93.0,22.0,0.0,0.0,0.0,,,,,,,,,,,,,Stan Parrish,22.0,30.416666666666668,-8.416666666666666,12.0,4.0,1.0,0.25
2011,Ball State,Mid-American,-13.6,24.4,38.4,0.5,0.923,3.7,6.0,6.0,12.0,4.0,4.0,4.859713776706438,,60.53,102.0,19.0,0.0,0.0,0.0,,,,,,,,,,,,,Pete Lembo,25.333333333333332,34.666666666666664,-9.333333333333334,12.0,6.0,5.0,0.8333333333333334
2012,Ball State,Mid-American,-2.6,32.8,37.5,2.2,0.953,6.7,9.0,4.0,13.0,6.0,2.0,5.766144258566764,,103.09,105.0,22.0,0.0,0.0,0.0,,,,,,,,,,,,,Pete Lembo,35.0,31.5,3.5,12.0,6.0,5.0,0.8333333333333334
2013,Ball State,Mid-American,7.5,38.3,31.3,0.5,0.985,10.6,10.0,3.0,13.0,7.0,1.0,7.524170053113558,,107.69,105.0,18.0,0.0,0.0,0.0,,,,,,,,,,,,,Pete Lembo,40.083333333333336,24.833333333333332,15.25,12.0,3.0,2.0,0.6666666666666666
2014,Ball State,Mid-American,-6.6,25.6,33.9,1.7,0.976,4.7,5.0,7.0,12.0,4.0,4.0,5.104627845886326,,107.53,101.0,17.0,0.0,0.0,0.0,-0.047,-0.029,1.195,0.078,0.342,0.018,,,,,,,Pete Lembo,27.666666666666668,27.166666666666668,0.5,12.0,4.0,1.0,0.25
2015,Ball State,Mid-American,-15.5,21.9,37.3,-0.1,0.939,2.4,3.0,9.0,12.0,2.0,6.0,2.7183217249341403,349.94,119.7,105.0,22.0,0.0,0.0,0.0,0.613,0.43,-0.223,0.927,0.521,0.511,,,,,,,Pete Lembo,23.083333333333332,35.833333333333336,-12.75,12.0,2.0,0.0,0.0
2016,Ball State,Mid-American,-7.0,28.2,35.1,-0.1,0.956,5.6,4.0,8.0,12.0,1.0,7.0,5.425998505893503,365.94,110.91,113.0,20.0,0.0,0.0,0.0,0.954,1.0,1.032,0.878,0.952,1.0,,,,,,,Mike Neu,27.0,30.083333333333332,-3.0833333333333335,12.0,5.0,1.0,0.2
2017,Ball State,Mid-American,-19.7,20.3,37.7,-2.3,0.974,2.1,2.0,10.0,12.0,0.0,8.0,2.3855989381176887,318.17,128.8,90.0,29.0,0.0,0.0,0.0,0.613,0.902,0.908,0.305,0.772,0.996,,,,,,,Mike Neu,17.916666666666668,40.666666666666664,-22.75,12.0,1.0,0.0,0.0
2018,Ball State,Mid-American,-18.9,22.5,40.2,-1.2,0.95,3.1,4.0,8.0,12.0,3.0,5.0,3.925869897509462,362.1,115.57,119.0,17.0,0.0,0.0,0.0,1.271,-1.561,0.918,0.924,0.776,0.452,,,,,,,Mike Neu,24.166666666666668,32.416666666666664,-8.25,12.0,2.0,2.0,1.0
2019,Ball State,Mid-American,-4.5,29.5,32.6,-1.4,,,5.0,7.0,12.0,4.0,4.0,5.085795075516031,327.92,122.89,125.0,17.0,0.0,0.0,0.0,0.532,0.263,0.311,0.747,0.484,0.3,,,,,,,Mike Neu,34.833333333333336,31.416666666666668,3.4166666666666665,12.0,5.0,2.0,0.4
2020,Ball State,Mid-American,-6.7,27.0,33.8,,,,7.0,1.0,8.0,6.0,1.0,5.333694772518939,257.94,131.5,122.0,19.0,0.0,0.0,0.0,0.763,1.0,0.652,0.676,0.776,1.0,,,,,,,Mike Neu,34.285714285714285,27.571428571428573,6.714285714285714,7.0,5.0,4.0,0.8
2021,Ball State,Mid-American,-11.2,21.6,33.7,,,,6.0,7.0,13.0,4.0,4.0,4.1829669613539995,338.31,140.07,95.0,23.0,0.0,0.0,0.0,0.799,1.0,0.547,0.753,0.838,1.0,2.0,9.0,-7.0,1.2,3.2,-2.0,Mike Neu,24.416666666666668,26.5,-2.0833333333333335,12.0,4.0,2.0,0.5
2022,Ball State,Mid-American,-14.9,16.0,30.1,-0.7,,,5.0,7.0,12.0,3.0,5.0,4.568672872453927,345.29,127.25,97.0,17.0,0.0,0.0,0.0,0.37,0.075,0.082,0.625,0.459,0.071,5.0,10.0,-5.0,2.67,5.0,-2.33,Mike Neu,23.25,26.916666666666668,-3.6666666666666665,12.0,8.0,4.0,0.5
2023,Ball State,Mid-American,-14.9,12.6,26.3,-1.1,,,4.0,8.0,12.0,3.0,5.0,5.707794769305532,403.54,126.78,108.0,19.0,0.0,0.0,0.0,0.262,0.0,0.132,0.461,0.145,0.0,10.0,10.0,0.0,4.03,5.79,-1.7599999999999998,Mike Neu,18.25,24.416666666666668,-6.166666666666667,12.0,5.0,2.0,0.4
2024,Ball State,Mid-American,-19.8,21.3,40.8,-0.3,,,3.0,9.0,12.0,2.0,6.0,3.354466754494901,464.07,140.08,112.0,21.0,0.0,0.0,0.0,0.557,0.553,0.534,0.58,0.563,0.668,11.0,16.0,-5.0,8.270000000000001,10.08,-1.8099999999999987,Colin Johnson,25.333333333333332,40.083333333333336,-14.75,12.0,6.0,2.0,0.3333333333333333
2025,Ball State,Mid-American,-23.0,13.4,34.4,-2.0,,,4.0,8.0,12.0,3.0,5.0,2.899703696370125,495.35,118.63,119.0,16.0,0.0,0.0,0.0,0.082,-0.007,-0.156,0.146,0.097,0.024,24.0,34.0,-10.0,14.409999999999998,19.740000000000002,-5.330000000000004,Mike Uremovich,15.833333333333334,29.833333333333332,-14.0,12.0,4.0,3.0,0.75
2026,Ball State,Mid-American,-25.1,12.2,36.7,-0.7,,,0.0,0.0,0.0,0.0,0.0,0.0,563.88,170.02,113.0,19.0,0.0,0.0,0.0,0.057,0.0,-1.036,0.319,0.173,0.0,24.0,18.0,6.0,18.479999999999997,11.84,6.639999999999997,Mike Uremovich,,,,,,,
2004,Baylor,Big 12,-8.0,32.6,38.7,,,,3.0,8.0,11.0,1.0,7.0,,,80.82,93.0,14.0,0.0,0.0,0.0,,,,,,,,,,,,,Guy Morriss,20.363636363636363,36.90909090909091,-16.545454545454547,11.0,3.0,2.0,0.6666666666666666
2005,Baylor,Big 12,1.2,20.2,19.0,,0.849,5.6,5.0,6.0,11.0,2.0,6.0,,,125.15,60.0,10.0,0.0,0.0,0.0,,,,,,,,,,,,,Guy Morriss,21.454545454545453,26.454545454545453,-5.0,11.0,3.0,1.0,0.3333333333333333
2006,Baylor,Big 12,-3.6,22.6,27.8,1.6,0.836,5.2,4.0,8.0,12.0,3.0,5.0,,,154.18,49.0,17.0,0.0,0.0,0.0,,,,,,,,,,,,,Guy Morriss,23.583333333333332,32.583333333333336,-9.0,12.0,4.0,2.0,0.5
2007,Baylor,Big 12,-13.6,23.5,34.5,-2.6,0.804,2.7,3.0,9.0,12.0,0.0,8.0,,,128.62,73.0,8.0,0.0,0.0,0.0,,,,,,,,,,,,,Guy Morriss,18.166666666666668,37.0,-18.833333333333332,12.0,1.0,1.0,1.0
2008,Baylor,Big 12,4.0,32.3,27.4,-0.9,0.82,5.6,4.0,8.0,12.0,2.0,6.0,,,157.42,58.0,16.0,2.0,0.0,0.125,,,,,,,,,,,,,Art Briles,28.0,29.333333333333332,-1.3333333333333333,12.0,3.0,0.0,0.0
2009,Baylor,Big 12,-3.6,22.7,25.6,-0.7,0.816,4.7,4.0,8.0,12.0,1.0,7.0,,,183.32,53.0,17.0,2.0,0.0,0.11764705882352941,,,,,,,,,,,,,Art Briles,20.75,27.25,-6.5,12.0,2.0,1.0,0.5
2010,Baylor,Big 12,4.6,34.9,29.5,-0.9,0.847,7.2,7.0,6.0,13.0,4.0,4.0,6.7581244755490175,,206.15,38.0,18.0,2.0,0.0,0.1111111111111111,,,,,,,,,,,,,Art Briles,32.583333333333336,29.833333333333332,2.75,12.0,3.0,2.0,0.6666666666666666
2011,Baylor,Big 12,10.9,47.0,35.5,-0.6,0.828,9.1,10.0,3.0,13.0,6.0,3.0,9.076354267852754,,169.94,46.0,9.0,1.0,0.0,0.1111111111111111,,,,,,,,,,,,,Art Briles,43.5,35.666666666666664,7.833333333333333,12.0,5.0,4.0,0.8
2012,Baylor,Big 12,11.0,45.2,33.3,-0.8,0.837,8.4,8.0,5.0,13.0,4.0,5.0,7.188010082487152,,222.62,26.0,22.0,5.0,0.0,0.22727272727272727,,,,,,,,,,,,,Art Briles,44.083333333333336,38.166666666666664,5.916666666666667,12.0,5.0,3.0,0.6
2013,Baylor,Big 12,20.4,41.0,21.0,0.3,0.892,10.0,11.0,2.0,13.0,8.0,1.0,10.722125074636864,,209.23,27.0,16.0,3.0,1.0,0.1875,,,,,,,,,,,,,Art Briles,53.25,21.166666666666668,32.083333333333336,12.0,1.0,1.0,1.0
2014,Baylor,Big 12,23.9,43.0,19.5,0.4,0.874,10.4,11.0,2.0,13.0,8.0,1.0,10.244790264264338,,218.13,25.0,13.0,4.0,1.0,0.3076923076923077,0.822,1.001,0.497,0.789,0.738,0.998,,,,,,,Art Briles,48.833333333333336,24.166666666666668,24.666666666666668,12.0,2.0,2.0,1.0
2015,Baylor,Big 12,19.5,45.1,24.1,-1.5,0.878,10.7,10.0,3.0,13.0,6.0,3.0,10.77808207881098,660.35,195.88,36.0,11.0,3.0,0.0,0.2727272727272727,0.608,0.314,0.817,0.709,0.549,0.171,,,,,,,Art Briles,48.0,27.5,20.5,12.0,3.0,1.0,0.3333333333333333
2016,Baylor,Big 12,11.3,37.0,24.2,-1.5,0.883,7.9,7.0,6.0,13.0,3.0,6.0,7.367077413514439,619.18,191.99,40.0,14.0,1.0,0.0,0.07142857142857142,0.576,0.486,0.808,0.443,0.605,0.555,,,,,,,Jim Grobe,34.916666666666664,30.416666666666668,4.5,12.0,3.0,1.0,0.3333333333333333
2017,Baylor,Big 12,-1.4,26.9,29.0,0.6,0.858,2.6,1.0,11.0,12.0,1.0,8.0,2.9720146186193217,657.22,193.36,40.0,28.0,0.0,0.0,0.0,0.432,0.505,0.451,0.378,0.493,0.423,,,,,,,Matt Rhule,24.333333333333332,35.916666666666664,-11.583333333333334,12.0,3.0,0.0,0.0
2018,Baylor,Big 12,2.0,33.1,30.3,-0.8,0.889,6.9,7.0,6.0,13.0,4.0,5.0,6.931325169719584,668.37,215.02,29.0,22.0,6.0,0.0,0.2727272727272727,0.832,0.744,0.318,0.898,0.689,0.445,,,,,,,Matt Rhule,28.25,31.166666666666668,-2.9166666666666665,12.0,4.0,2.0,0.5
2019,Baylor,Big 12,17.8,34.7,17.3,0.5,,,11.0,3.0,14.0,8.0,2.0,9.856079593830804,668.9,203.39,35.0,22.0,2.0,0.0,0.09090909090909091,0.78,0.957,0.774,0.684,0.797,0.81,,,,,,,Matt Rhule,35.15384615384615,19.307692307692307,15.846153846153847,13.0,6.0,4.0,0.6666666666666666
2020,Baylor,Big 12,1.3,25.6,24.2,,,,2.0,7.0,9.0,2.0,7.0,2.469504491591862,642.13,181.12,54.0,15.0,3.0,0.0,0.2,0.791,0.942,0.905,0.652,0.781,0.994,,,,,,,Dave Aranda,23.333333333333332,29.22222222222222,-5.888888888888889,9.0,4.0,1.0,0.25
2021,Baylor,Big 12,15.6,33.1,17.1,,,,12.0,2.0,14.0,8.0,2.0,10.219910121550923,660.65,190.18,44.0,20.0,2.0,0.0,0.1,0.619,-0.093,-2.333,0.927,0.45,0.031,6.0,8.0,-2.0,4.03,5.46,-1.4299999999999997,Dave Aranda,32.46153846153846,19.153846153846153,13.307692307692308,13.0,5.0,4.0,0.8
2022,Baylor,Big 12,11.7,37.6,26.1,0.2,,,6.0,7.0,13.0,4.0,5.0,7.3809750936245955,666.05,208.03,37.0,23.0,3.0,0.0,0.13043478260869565,0.209,0.257,0.1,0.26,0.171,0.263,3.0,8.0,-5.0,2.2,4.43,-2.2299999999999995,Dave Aranda,33.583333333333336,26.583333333333332,7.0,12.0,5.0,2.0,0.4
2023,Baylor,Big 12,-8.3,24.5,32.6,-0.2,,,3.0,9.0,12.0,2.0,7.0,2.4182643705434783,678.0,210.79,35.0,21.0,2.0,0.0,0.09523809523809523,0.645,0.755,0.565,0.615,0.691,0.937,13.0,12.0,1.0,11.369999999999997,9.26,2.1099999999999977,Dave Aranda,23.083333333333332,33.333333333333336,-10.25,12.0,5.0,2.0,0.4
2024,Baylor,Big 12,8.4,33.5,26.2,1.1,,,8.0,5.0,13.0,6.0,3.0,8.056130708179111,709.46,179.04,67.0,13.0,1.0,0.0,0.07692307692307693,0.552,0.308,0.617,0.654,0.596,0.283,16.0,15.0,1.0,13.889999999999999,10.79,3.0999999999999996,Dave Aranda,34.666666666666664,25.25,9.416666666666666,12.0,3.0,1.0,0.3333333333333333
2025,Baylor,Big 12,1.4,32.8,33.3,1.9,,,5.0,7.0,12.0,3.0,6.0,5.432608102448285,726.3,210.4,36.0,21.0,4.0,0.0,0.19047619047619047,0.825,1.0,1.029,0.677,0.782,0.89,23.0,17.0,6.0,18.830000000000002,10.309999999999999,8.520000000000003,Dave Aranda,31.083333333333332,32.583333333333336,-1.5,12.0,5.0,2.0,0.4
2026,Baylor,Big 12,3.8,31.9,28.8,0.6,,,0.0,0.0,0.0,0.0,0.0,0.0,723.28,200.6,57.0,14.0,4.0,0.0,0.2857142857142857,0.602,0.777,0.677,0.469,0.651,0.984,31.0,32.0,-1.0,25.800000000000008,23.07,2.7300000000000075,Dave Aranda,,,,,,,
2004,Boise State,Pac-12,19.3,50.9,36.9,,,,11.0,1.0,12.0,8.0,0.0,,,94.26,74.0,19.0,0.0,0.0,0.0,,,,,,,,,,,,,Dan Hawkins,49.72727272727273,24.0,25.727272727272727,11.0,3.0,3.0,1.0
2005,Boise State,Pac-12,4.5,29.5,24.9,,0.939,8.2,9.0,4.0,13.0,7.0,1.0,,,122.57,62.0,5.0,0.0,0.0,0.0,,,,,,,,,,,,,Dan Hawkins,37.333333333333336,24.166666666666668,13.166666666666666,12.0,3.0,2.0,0.6666666666666666
2006,Boise State,Pac-12,18.7,35.9,18.6,1.3,0.917,11.0,13.0,0.0,13.0,8.0,0.0,,,106.05,80.0,13.0,0.0,0.0,0.0,,,,,,,,,,,,,Chris Petersen,39.416666666666664,15.583333333333334,23.833333333333332,12.0,3.0,3.0,1.0
2007,Boise State,Pac-12,13.1,36.2,24.4,1.3,0.968,9.9,10.0,3.0,13.0,7.0,1.0,,,149.94,63.0,22.0,0.0,0.0,0.0,,,,,,,,,,,,,Chris Petersen,42.75,20.0,22.75,12.0,1.0,1.0,1.0
2008,Boise State,Pac-12,19.8,33.8,15.0,1.0,0.959,11.7,12.0,1.0,13.0,8.0,0.0,,,118.14,87.0,17.0,0.0,0.0,0.0,,,,,,,,,,,,,Chris Petersen,39.416666666666664,12.25,27.166666666666668,12.0,2.0,2.0,1.0
2009,Boise State,Pac-12,19.9,36.9,17.7,0.6,0.927,12.4,14.0,0.0,14.0,8.0,0.0,,,161.31,69.0,16.0,0.0,0.0,0.0,,,,,,,,,,,,,Chris Petersen,44.15384615384615,17.692307692307693,26.46153846153846,13.0,1.0,1.0,1.0
2010,Boise State,Pac-12,26.4,42.1,14.1,-1.6,0.919,12.6,12.0,1.0,13.0,7.0,1.0,11.161139306433714,,115.97,110.0,8.0,0.0,0.0,0.0,,,,,,,,,,,,,Chris Petersen,46.666666666666664,13.583333333333334,33.083333333333336,12.0,2.0,1.0,0.5
2011,Boise State,Pac-12,23.0,40.1,17.5,0.4,0.928,12.0,12.0,1.0,13.0,6.0,1.0,9.44960669920934,,159.98,53.0,14.0,0.0,0.0,0.0,,,,,,,,,,,,,Chris Petersen,43.25,18.25,25.0,12.0,1.0,0.0,0.0
2012,Boise State,Pac-12,13.4,32.2,17.7,-1.1,0.953,10.0,11.0,2.0,13.0,7.0,1.0,7.554284790947038,,169.1,61.0,17.0,0.0,0.0,0.0,,,,,,,,,,,,,Chris Petersen,30.416666666666668,14.916666666666666,15.5,12.0,5.0,3.0,0.6
2013,Boise State,Pac-12,11.3,35.0,25.6,1.9,0.945,8.9,8.0,5.0,13.0,6.0,2.0,7.18751903610313,,173.51,55.0,14.0,0.0,0.0,0.0,,,,,,,,,,,,,Chris Petersen,38.75,23.75,15.0,12.0,2.0,0.0,0.0
2014,Boise State,Pac-12,11.6,36.6,24.7,-0.3,0.938,11.3,12.0,2.0,14.0,8.0,1.0,11.540658552099393,,163.09,63.0,14.0,1.0,0.0,0.07142857142857142,0.56,0.398,1.43,0.623,0.661,0.527,,,,,,,Bryan Harsin,39.84615384615385,26.53846153846154,13.307692307692308,13.0,1.0,1.0,1.0
2015,Boise State,Pac-12,11.8,32.2,20.2,-0.2,0.953,9.6,9.0,4.0,13.0,5.0,3.0,9.299755027308608,568.96,171.68,58.0,16.0,1.0,0.0,0.0625,0.355,0.274,0.15,0.51,0.259,0.095,,,,,,,Bryan Harsin,37.75,21.333333333333332,16.416666666666668,12.0,3.0,1.0,0.3333333333333333
2016,Boise State,Pac-12,11.5,36.7,25.0,-0.2,0.952,10.2,10.0,3.0,13.0,6.0,2.0,10.987369028652495,548.82,160.66,68.0,28.0,0.0,0.0,0.0,0.857,0.985,0.741,0.816,0.771,0.86,,,,,,,Bryan Harsin,35.583333333333336,22.666666666666668,12.916666666666666,12.0,5.0,3.0,0.6
2017,Boise State,Pac-12,9.1,28.6,20.5,1.0,0.957,10.7,11.0,3.0,14.0,8.0,1.0,10.945962674621908,501.53,167.43,64.0,17.0,1.0,0.0,0.058823529411764705,0.613,0.89,0.229,0.509,0.536,0.974,,,,,,,Bryan Harsin,32.07692307692308,22.46153846153846,9.615384615384615,13.0,3.0,2.0,0.6666666666666666
2018,Boise State,Pac-12,12.2,37.1,22.8,-2.0,0.905,8.9,10.0,3.0,13.0,7.0,2.0,8.766260934177899,543.43,183.46,57.0,25.0,1.0,0.0,0.04,0.53,0.72,0.475,0.413,0.602,0.768,,,,,,,Bryan Harsin,35.38461538461539,22.076923076923077,13.307692307692308,13.0,5.0,3.0,0.6
2019,Boise State,Pac-12,8.1,32.9,25.0,0.2,,,12.0,2.0,14.0,9.0,0.0,10.1400007408397,561.42,189.93,50.0,18.0,2.0,0.0,0.1111111111111111,0.332,0.017,0.469,0.525,0.225,0.026,,,,,,,Bryan Harsin,36.84615384615385,20.615384615384617,16.23076923076923,13.0,5.0,4.0,0.8
2020,Boise State,Pac-12,6.7,33.1,26.4,,,,5.0,2.0,7.0,5.0,1.0,4.675671952555538,571.21,167.92,65.0,17.0,0.0,0.0,0.0,0.693,0.617,0.731,0.728,0.73,0.688,,,,,,,Bryan Harsin,33.857142857142854,27.142857142857142,6.714285714285714,7.0,0.0,0.0,
2021,Boise State,Pac-12,9.4,28.4,20.8,,,,7.0,5.0,12.0,5.0,3.0,6.56010703424493,557.69,161.13,70.0,19.0,0.0,0.0,0.0,0.964,0.908,1.44,0.965,0.917,0.871,6.0,7.0,-1.0,2.6,2.2,0.3999999999999999,Andy Avalos,29.166666666666668,19.0,10.166666666666666,12.0,3.0,0.0,0.0
2022,Boise State,Pac-12,5.7,24.1,18.5,0.1,,,10.0,4.0,14.0,8.0,1.0,10.46502299308519,533.92,174.52,62.0,24.0,1.0,0.0,0.041666666666666664,0.648,1.027,0.614,0.442,0.635,0.981,3.0,6.0,-3.0,2.62,3.4899999999999998,-0.8699999999999997,Andy Avalos,29.076923076923077,18.53846153846154,10.538461538461538,13.0,3.0,2.0,0.6666666666666666
2023,Boise State,Pac-12,5.9,32.7,28.2,1.4,,,8.0,6.0,14.0,7.0,2.0,9.081047051623498,579.88,179.7,67.0,25.0,0.0,0.0,0.0,0.921,0.935,1.021,0.849,0.857,0.751,9.0,17.0,-8.0,5.320000000000001,10.659999999999997,-5.339999999999995,Andy Avalos,32.92307692307692,24.846153846153847,8.076923076923077,13.0,5.0,1.0,0.2
2024,Boise State,Pac-12,10.1,35.3,24.2,-1.0,,,12.0,2.0,14.0,8.0,0.0,10.798941232412941,608.26,181.19,64.0,20.0,0.0,0.0,0.0,0.5,0.562,0.548,0.437,0.486,0.377,8.0,14.0,-6.0,6.79,7.9799999999999995,-1.1899999999999995,Spencer Danielson,39.07692307692308,21.923076923076923,17.153846153846153,13.0,4.0,3.0,0.75
2025,Boise State,Pac-12,3.1,29.1,25.1,-0.8,,,9.0,5.0,14.0,6.0,2.0,8.873036118224263,610.65,189.06,62.0,26.0,1.0,0.0,0.038461538461538464,0.579,0.957,0.305,0.518,0.545,0.955,12.0,19.0,-7.0,8.1,12.639999999999999,-4.539999999999999,Spencer Danielson,31.384615384615383,23.0,8.384615384615385,13.0,1.0,1.0,1.0
2026,Boise State,Pac-12,5.1,29.0,23.7,-0.3,,,0.0,0.0,0.0,0.0,0.0,0.0,641.17,205.71,51.0,28.0,1.0,0.0,0.03571428571428571,0.663,0.943,1.004,0.396,0.734,0.996,11.0,19.0,-8.0,8.22,14.099999999999998,-5.879999999999997,Spencer Danielson,,,,,,,
2004,Boston College,ACC,8.5,29.0,21.6,,,,9.0,3.0,12.0,4.0,2.0,,,177.34,32.0,5.0,2.0,1.0,0.4,,,,,,,,,,,,,Tom O'Brien,23.545454545454547,16.272727272727273,7.2727272727272725,11.0,3.0,1.0,0.3333333333333333
2005,Boston College,ACC,19.2,30.4,11.2,,0.916,9.7,9.0,3.0,12.0,5.0,3.0,,,146.65,52.0,6.0,1.0,0.0,0.16666666666666666,,,,,,,,,,,,,Tom O'Brien,25.727272727272727,15.454545454545455,10.272727272727273,11.0,3.0,2.0,0.6666666666666666
2006,Boston College,ACC,14.8,29.5,14.6,-0.1,0.877,8.8,10.0,3.0,13.0,5.0,3.0,,,179.61,35.0,11.0,2.0,0.0,0.18181818181818182,,,,,,,,,,,,,Tom O'Brien,26.083333333333332,15.0,11.083333333333334,12.0,7.0,4.0,0.5714285714285714
2007,Boston College,ACC,16.7,32.0,14.6,-0.8,0.899,11.2,11.0,3.0,14.0,6.0,3.0,,,168.51,44.0,13.0,1.0,0.0,0.07692307692307693,,,,,,,,,,,,,Jeff Jagodzinski,28.615384615384617,20.307692307692307,8.307692307692308,13.0,3.0,2.0,0.6666666666666666
2008,Boston College,ACC,11.0,23.0,10.0,-2.0,0.941,9.0,9.0,5.0,14.0,5.0,4.0,,,191.79,38.0,16.0,3.0,0.0,0.1875,,,,,,,,,,,,,Jeff Jagodzinski,25.53846153846154,18.53846153846154,7.0,13.0,6.0,4.0,0.6666666666666666
2009,Boston College,ACC,12.7,27.1,15.9,1.5,0.879,7.0,8.0,5.0,13.0,5.0,3.0,,,164.59,65.0,16.0,1.0,0.0,0.0625,,,,,,,,,,,,,Frank Spaziani,25.75,19.416666666666668,6.333333333333333,12.0,5.0,4.0,0.8
2010,Boston College,ACC,7.1,19.9,13.5,0.7,0.874,6.8,7.0,6.0,13.0,4.0,4.0,6.022134360239942,,196.9,45.0,18.0,4.0,0.0,0.2222222222222222,,,,,,,,,,,,,Frank Spaziani,18.916666666666668,19.5,-0.5833333333333334,12.0,5.0,3.0,0.6
2011,Boston College,ACC,-4.5,21.0,24.9,-0.5,0.895,4.1,4.0,8.0,12.0,3.0,5.0,4.70491129634812,,180.89,39.0,14.0,1.0,0.0,0.07142857142857142,,,,,,,,,,,,,Frank Spaziani,18.166666666666668,23.5,-5.333333333333333,12.0,5.0,2.0,0.4
2012,Boston College,ACC,-2.8,23.6,27.3,0.9,0.873,4.0,2.0,10.0,12.0,1.0,7.0,4.739576610506928,,150.03,69.0,16.0,0.0,0.0,0.0,,,,,,,,,,,,,Frank Spaziani,19.833333333333332,29.666666666666668,-9.833333333333334,12.0,3.0,1.0,0.3333333333333333
2013,Boston College,ACC,7.1,32.0,27.0,2.1,0.848,6.6,7.0,6.0,13.0,4.0,4.0,5.8721671809021085,,126.19,86.0,14.0,0.0,0.0,0.0,,,,,,,,,,,,,Steve Addazio,28.416666666666668,27.833333333333332,0.5833333333333334,12.0,3.0,2.0,0.6666666666666666
2014,Boston College,ACC,4.9,28.7,23.7,-0.2,0.864,7.6,7.0,6.0,13.0,4.0,4.0,7.292393853006505,,177.12,51.0,18.0,0.0,0.0,0.0,0.199,-0.005,3.5,0.325,0.181,0.019,,,,,,,Steve Addazio,25.916666666666668,20.5,5.416666666666667,12.0,6.0,3.0,0.5
2015,Boston College,ACC,4.7,18.0,12.5,-0.8,0.849,6.0,3.0,9.0,12.0,0.0,8.0,3.9566769411654654,534.6,169.45,60.0,11.0,0.0,0.0,0.0,0.183,-0.025,0.049,0.397,0.483,0.035,,,,,,,Steve Addazio,17.166666666666668,15.25,1.9166666666666667,12.0,6.0,1.0,0.16666666666666666
2016,Boston College,ACC,-1.6,20.1,20.8,-0.8,0.859,5.7,7.0,6.0,13.0,2.0,6.0,6.842764306864298,533.39,146.69,78.0,19.0,0.0,0.0,0.0,0.921,1.143,1.243,0.848,0.869,0.996,,,,,,,Steve Addazio,19.083333333333332,24.583333333333332,-5.5,12.0,3.0,2.0,0.6666666666666666
2017,Boston College,ACC,4.6,25.2,19.9,-0.7,0.823,7.0,7.0,6.0,13.0,4.0,4.0,6.8694424984554585,535.21,162.61,67.0,21.0,0.0,0.0,0.0,0.524,-0.037,7.405,0.917,0.555,0.072,,,,,,,Steve Addazio,26.166666666666668,22.5,3.6666666666666665,12.0,3.0,2.0,0.6666666666666666
2018,Boston College,ACC,2.4,26.5,22.1,-1.9,0.896,6.2,7.0,5.0,12.0,4.0,4.0,7.451194551477924,533.43,172.47,71.0,22.0,1.0,0.0,0.045454545454545456,0.809,0.245,1.342,0.799,0.698,0.705,,,,,,,Steve Addazio,32.0,25.666666666666668,6.333333333333333,12.0,3.0,1.0,0.3333333333333333
2019,Boston College,ACC,-5.7,31.3,35.4,-1.6,,,6.0,7.0,13.0,4.0,4.0,6.695455724736424,564.95,177.26,63.0,19.0,1.0,0.0,0.05263157894736842,0.666,0.699,0.549,0.68,0.799,0.84,,,,,,,Steve Addazio,30.916666666666668,31.666666666666668,-0.75,12.0,5.0,2.0,0.4
2020,Boston College,ACC,0.9,30.7,29.7,,,,6.0,5.0,11.0,5.0,5.0,5.292983569988743,602.69,170.36,63.0,17.0,2.0,0.0,0.11764705882352941,0.465,0.358,0.339,0.621,0.514,0.559,,,,,,,Jeff Hafley,27.818181818181817,28.363636363636363,-0.5454545454545454,11.0,6.0,4.0,0.6666666666666666
2021,Boston College,ACC,0.9,27.0,26.5,,,,6.0,6.0,12.0,2.0,6.0,6.366471440762565,636.46,201.66,36.0,28.0,3.0,0.0,0.10714285714285714,0.876,1.0,-1.25,0.79,0.801,1.0,6.0,15.0,-9.0,4.51,9.259999999999998,-4.749999999999998,Jeff Hafley,24.666666666666668,22.166666666666668,2.5,12.0,3.0,1.0,0.3333333333333333
2022,Boston College,ACC,-14.9,20.4,33.8,-1.5,,,3.0,9.0,12.0,2.0,6.0,3.109028249629926,664.63,202.55,40.0,23.0,3.0,0.0,0.13043478260869565,0.636,0.538,0.736,0.656,0.597,0.369,4.0,13.0,-9.0,2.3,7.469999999999999,-5.169999999999999,Jeff Hafley,17.75,30.333333333333332,-12.583333333333334,12.0,4.0,2.0,0.5
2023,Boston College,ACC,-5.9,22.2,27.6,-0.5,,,7.0,6.0,13.0,3.0,5.0,6.006971636459468,650.23,185.3,61.0,18.0,0.0,0.0,0.0,0.388,0.511,2.776,0.413,0.593,0.458,9.0,11.0,-2.0,7.91,8.12,-0.20999999999999908,Jeff Hafley,25.0,29.5,-4.5,12.0,7.0,5.0,0.7142857142857143
2024,Boston College,ACC,1.2,28.0,24.7,-2.1,,,7.0,6.0,13.0,4.0,4.0,7.269577560273723,667.91,153.23,95.0,12.0,0.0,0.0,0.0,0.882,1.024,0.972,0.738,0.84,0.915,10.0,17.0,-7.0,8.71,12.2,-3.4899999999999984,Bill O'Brien,29.25,24.083333333333332,5.166666666666667,12.0,5.0,3.0,0.6
2025,Boston College,ACC,-8.5,23.3,33.1,1.3,,,2.0,10.0,12.0,1.0,7.0,4.589080009609461,650.12,195.09,59.0,27.0,0.0,0.0,0.0,0.62,0.394,0.871,0.675,0.448,0.504,15.0,19.0,-4.0,12.529999999999996,14.29,-1.7600000000000033,Bill O'Brien,25.416666666666668,32.75,-7.333333333333333,12.0,3.0,0.0,0.0
2026,Boston College,ACC,-2.5,24.7,27.7,0.5,,,0.0,0.0,0.0,0.0,0.0,0.0,660.0,204.06,53.0,24.0,1.0,0.0,0.041666666666666664,0.156,0.083,-0.623,0.232,0.095,0.006,26.0,30.0,-4.0,21.720000000000002,23.299999999999997,-1.5799999999999947,Bill O'Brien,,,,,,,
2004,Bowling Green,Mid-American,11.9,45.9,36.7,,,,9.0,3.0,12.0,6.0,2.0,,,82.68,89.0,14.0,0.0,0.0,0.0,,,,,,,,,,,,,Gregg Brandon,43.63636363636363,22.454545454545453,21.181818181818183,11.0,0.0,0.0,
2005,Bowling Green,Mid-American,-0.9,28.8,29.8,,0.97,6.8,6.0,5.0,11.0,5.0,3.0,,,77.41,95.0,19.0,0.0,0.0,0.0,,,,,,,,,,,,,Gregg Brandon,33.72727272727273,27.636363636363637,6.090909090909091,11.0,1.0,0.0,0.0
2006,Bowling Green,Mid-American,-14.1,17.2,28.7,-2.6,0.928,4.0,4.0,8.0,12.0,3.0,5.0,,,93.28,89.0,19.0,0.0,0.0,0.0,,,,,,,,,,,,,Gregg Brandon,19.5,28.333333333333332,-8.833333333333334,12.0,4.0,2.0,0.5
2007,Bowling Green,Mid-American,-3.8,31.2,35.7,0.7,0.966,7.6,8.0,5.0,13.0,6.0,2.0,,,66.74,112.0,15.0,0.0,0.0,0.0,,,,,,,,,,,,,Gregg Brandon,32.083333333333336,29.5,2.5833333333333335,12.0,2.0,2.0,1.0
2008,Bowling Green,Mid-American,2.4,29.2,25.7,-1.0,0.969,6.7,6.0,6.0,12.0,4.0,4.0,,,71.09,112.0,15.0,0.0,0.0,0.0,,,,,,,,,,,,,Gregg Brandon,27.666666666666668,23.166666666666668,4.5,12.0,5.0,1.0,0.2
2009,Bowling Green,Mid-American,-3.3,27.6,29.0,-1.9,0.95,7.0,7.0,6.0,13.0,6.0,2.0,,,129.11,90.0,22.0,0.0,0.0,0.0,,,,,,,,,,,,,Dave Clawson,27.333333333333332,26.166666666666668,1.1666666666666667,12.0,5.0,2.0,0.4
2010,Bowling Green,Mid-American,-23.5,14.2,35.1,-2.6,0.972,2.0,2.0,10.0,12.0,1.0,7.0,3.2321402078888517,,146.16,89.0,26.0,0.0,0.0,0.0,,,,,,,,,,,,,Dave Clawson,21.25,33.583333333333336,-12.333333333333334,12.0,5.0,1.0,0.2
2011,Bowling Green,Mid-American,-2.0,26.6,28.5,-0.1,0.954,6.8,5.0,7.0,12.0,3.0,5.0,5.895721284922522,,77.59,90.0,20.0,0.0,0.0,0.0,,,,,,,,,,,,,Dave Clawson,26.5,28.833333333333332,-2.3333333333333335,12.0,4.0,1.0,0.25
2012,Bowling Green,Mid-American,-4.0,20.7,21.7,-3.0,0.939,7.9,8.0,5.0,13.0,6.0,2.0,7.3771398517023865,,115.2,94.0,15.0,0.0,0.0,0.0,,,,,,,,,,,,,Dave Clawson,23.166666666666668,15.75,7.416666666666667,12.0,1.0,0.0,0.0
2013,Bowling Green,Mid-American,9.8,33.8,24.6,0.6,0.971,10.5,10.0,4.0,14.0,8.0,1.0,9.064855258583517,,131.36,85.0,19.0,0.0,0.0,0.0,,,,,,,,,,,,,Dave Clawson,35.38461538461539,14.76923076923077,20.615384615384617,13.0,2.0,0.0,0.0
2014,Bowling Green,Mid-American,-5.4,27.7,33.5,0.4,0.958,5.2,8.0,6.0,14.0,5.0,4.0,6.318572923419629,,102.64,106.0,14.0,0.0,0.0,0.0,0.452,-1.0,1.019,0.424,0.642,0.324,,,,,,,Dino Babers,29.76923076923077,33.92307692307692,-4.153846153846154,13.0,4.0,3.0,0.75
2015,Bowling Green,Mid-American,7.5,39.4,32.1,0.2,0.931,10.4,10.0,4.0,14.0,8.0,1.0,10.310911062821404,433.59,119.83,104.0,22.0,0.0,0.0,0.0,0.977,0.928,0.957,1.006,0.839,0.942,,,,,,,Dino Babers,43.38461538461539,26.692307692307693,16.692307692307693,13.0,3.0,2.0,0.6666666666666666
2016,Bowling Green,Mid-American,-6.6,25.0,31.8,0.2,0.932,3.8,4.0,8.0,12.0,3.0,5.0,2.0102404352385093,392.66,111.58,111.0,16.0,0.0,0.0,0.0,0.386,0.431,0.957,0.301,0.483,0.677,,,,,,,Mike Jinks,24.833333333333332,38.333333333333336,-13.5,12.0,4.0,1.0,0.25
2017,Bowling Green,Mid-American,-10.0,27.5,38.9,1.4,0.944,3.4,2.0,10.0,12.0,2.0,6.0,2.4798967898897573,361.82,138.14,81.0,22.0,0.0,0.0,0.0,0.81,0.229,0.705,0.748,0.634,0.703,,,,,,,Mike Jinks,25.333333333333332,38.0,-12.666666666666666,12.0,1.0,0.0,0.0
2018,Bowling Green,Mid-American,-22.0,24.7,43.9,-2.8,0.965,2.4,3.0,9.0,12.0,2.0,6.0,2.768273842562725,375.14,144.03,91.0,21.0,0.0,0.0,0.0,0.593,1.041,0.559,0.457,0.414,0.497,,,,,,,Mike Jinks,24.333333333333332,40.0,-15.666666666666666,12.0,3.0,1.0,0.3333333333333333
2019,Bowling Green,Mid-American,-27.5,14.9,39.5,-2.9,,,3.0,9.0,12.0,2.0,6.0,2.8462495490601056,315.44,115.37,129.0,21.0,0.0,0.0,0.0,0.324,0.094,0.922,0.434,0.373,0.028,,,,,,,Scot Loeffler,16.0,38.583333333333336,-22.583333333333332,12.0,0.0,0.0,
2020,Bowling Green,Mid-American,-26.2,12.8,39.0,,,,0.0,5.0,5.0,0.0,5.0,0.03573454227731932,215.06,154.4,85.0,35.0,0.0,0.0,0.0,0.829,0.793,0.103,1.0,0.723,0.394,,,,,,,Scot Loeffler,11.4,45.0,-33.6,5.0,0.0,0.0,
2021,Bowling Green,Mid-American,-12.4,17.1,29.8,,,,4.0,8.0,12.0,2.0,6.0,2.9935834234345915,380.74,133.73,103.0,23.0,0.0,0.0,0.0,0.331,1.0,1.145,-0.426,0.582,1.0,5.0,14.0,-9.0,1.7999999999999998,5.800000000000001,-4.000000000000001,Scot Loeffler,21.416666666666668,30.666666666666668,-9.25,12.0,3.0,1.0,0.3333333333333333
2022,Bowling Green,Mid-American,-18.1,23.8,40.6,-1.2,,,6.0,7.0,13.0,5.0,3.0,4.934003313814598,415.08,115.82,109.0,10.0,0.0,0.0,0.0,1.038,1.145,1.0,1.0,0.993,0.984,6.0,13.0,-7.0,2.81,8.35,-5.539999999999999,Scot Loeffler,23.833333333333332,33.25,-9.416666666666666,12.0,6.0,5.0,0.8333333333333334
2023,Bowling Green,Mid-American,-7.8,21.5,27.4,-1.8,,,7.0,6.0,13.0,5.0,3.0,6.787308531770462,397.62,103.84,119.0,16.0,0.0,0.0,0.0,0.299,0.087,0.104,0.442,0.465,0.137,3.0,16.0,-13.0,2.0,9.940000000000001,-7.940000000000001,Scot Loeffler,26.333333333333332,23.5,2.8333333333333335,12.0,2.0,1.0,0.5
2024,Bowling Green,Mid-American,-1.8,25.6,27.2,-0.2,,,7.0,6.0,13.0,6.0,2.0,7.443176189935018,484.51,149.29,100.0,21.0,0.0,0.0,0.0,0.66,0.969,0.741,0.43,0.721,0.972,13.0,15.0,-2.0,8.969999999999999,6.84,2.129999999999999,Scot Loeffler,26.75,20.25,6.5,12.0,4.0,1.0,0.25
2025,Bowling Green,Mid-American,-12.6,15.4,28.8,0.8,,,4.0,8.0,12.0,2.0,6.0,4.819279373623431,527.31,154.51,94.0,22.0,0.0,0.0,0.0,0.079,0.024,0.173,0.076,0.056,0.03,21.0,29.0,-8.0,16.45,16.58,-0.129999999999999,Eddie George,20.5,24.25,-3.75,12.0,4.0,1.0,0.25
2026,Bowling Green,Mid-American,-15.0,13.9,29.2,0.3,,,0.0,0.0,0.0,0.0,0.0,0.0,568.33,188.03,75.0,27.0,0.0,0.0,0.0,-0.062,9.4,0.0,0.025,0.226,0.23,17.0,27.0,-10.0,10.78,18.91,-8.13,Eddie George,,,,,,,
2004,Buffalo,Mid-American,-27.6,17.3,40.9,,,,2.0,9.0,11.0,2.0,6.0,,,72.05,109.0,14.0,0.0,0.0,0.0,,,,,,,,,,,,,Jim Hofher,17.90909090909091,31.90909090909091,-14.0,11.0,1.0,0.0,0.0
2005,Buffalo,Mid-American,-28.6,7.2,35.8,,0.974,1.3,1.0,10.0,11.0,1.0,7.0,,,75.75,96.0,16.0,0.0,0.0,0.0,,,,,,,,,,,,,Jim Hofher,10.0,29.727272727272727,-19.727272727272727,11.0,2.0,1.0,0.5
2006,Buffalo,Mid-American,-30.3,10.0,39.0,-1.3,0.92,2.5,2.0,10.0,12.0,1.0,7.0,,,96.91,85.0,12.0,0.0,0.0,0.0,,,,,,,,,,,,,Turner Gill,18.333333333333332,35.916666666666664,-17.583333333333332,12.0,2.0,1.0,0.5
2007,Buffalo,Mid-American,-20.1,17.7,37.5,-0.3,0.953,4.8,5.0,7.0,12.0,5.0,3.0,,,61.45,113.0,18.0,0.0,0.0,0.0,,,,,,,,,,,,,Turner Gill,24.25,27.583333333333332,-3.3333333333333335,12.0,2.0,1.0,0.5
2008,Buffalo,Mid-American,-14.4,26.4,39.7,-1.1,0.954,5.0,8.0,6.0,14.0,6.0,3.0,,,65.34,114.0,17.0,0.0,0.0,0.0,,,,,,,,,,,,,Turner Gill,31.076923076923077,27.46153846153846,3.6153846153846154,13.0,7.0,4.0,0.5714285714285714
2009,Buffalo,Mid-American,-11.6,21.8,31.8,-1.6,0.962,5.2,5.0,7.0,12.0,3.0,5.0,,,90.58,108.0,20.0,0.0,0.0,0.0,,,,,,,,,,,,,Turner Gill,24.083333333333332,23.75,0.3333333333333333,12.0,8.0,3.0,0.375
2010,Buffalo,Mid-American,-27.0,6.5,31.5,-2.0,0.968,3.0,2.0,10.0,12.0,1.0,7.0,4.799131984541056,,125.67,108.0,20.0,0.0,0.0,0.0,,,,,,,,,,,,,Jeff Quinn,14.166666666666666,27.833333333333332,-13.666666666666666,12.0,2.0,1.0,0.5
2011,Buffalo,Mid-American,-19.5,17.7,35.8,-1.4,0.964,4.4,3.0,9.0,12.0,2.0,6.0,4.676246932742834,,61.88,100.0,20.0,0.0,0.0,0.0,,,,,,,,,,,,,Jeff Quinn,22.166666666666668,29.416666666666668,-7.25,12.0,3.0,1.0,0.3333333333333333
2012,Buffalo,Mid-American,-16.3,14.2,29.4,-1.2,0.932,5.1,4.0,8.0,12.0,3.0,5.0,4.310679606757299,,89.13,117.0,18.0,0.0,0.0,0.0,,,,,,,,,,,,,Jeff Quinn,21.25,28.5,-7.25,12.0,5.0,2.0,0.4
2013,Buffalo,Mid-American,-9.0,22.3,30.4,-1.0,0.933,7.3,8.0,5.0,13.0,6.0,2.0,6.792320325676543,,72.53,128.0,16.0,0.0,0.0,0.0,,,,,,,,,,,,,Jeff Quinn,30.833333333333332,22.333333333333332,8.5,12.0,1.0,1.0,1.0
2014,Buffalo,Mid-American,-7.7,27.1,33.5,-1.2,0.961,5.8,5.0,6.0,11.0,3.0,4.0,5.505966273133442,,108.06,100.0,19.0,0.0,0.0,0.0,0.54,1.01,-0.113,0.368,0.512,0.973,,,,,,,Jeff Quinn,32.27272727272727,31.545454545454547,0.7272727272727273,11.0,2.0,0.0,0.0
2015,Buffalo,Mid-American,-10.3,24.1,32.2,-2.2,0.958,4.9,5.0,7.0,12.0,3.0,5.0,5.166163613170659,316.44,103.21,118.0,16.0,0.0,0.0,0.0,0.946,1.0,1.0,0.893,0.939,1.0,,,,,,,Lance Leipold,26.666666666666668,27.583333333333332,-0.9166666666666666,12.0,5.0,2.0,0.4
2016,Buffalo,Mid-American,-18.8,16.8,33.5,-2.1,0.968,2.4,2.0,10.0,12.0,1.0,7.0,2.347664468802628,343.64,107.51,118.0,13.0,0.0,0.0,0.0,0.217,0.0,-0.087,0.379,0.266,0.0,,,,,,,Lance Leipold,16.5,32.333333333333336,-15.833333333333334,12.0,2.0,1.0,0.5
2017,Buffalo,Mid-American,-11.2,24.9,33.9,-2.2,0.969,6.1,6.0,6.0,12.0,4.0,4.0,6.892585882340653,294.08,112.97,113.0,22.0,0.0,0.0,0.0,0.353,0.543,0.551,0.234,0.552,0.77,,,,,,,Lance Leipold,28.5,24.833333333333332,3.6666666666666665,12.0,6.0,2.0,0.3333333333333333
2018,Buffalo,Mid-American,-1.1,31.3,29.9,-2.5,0.974,9.5,10.0,4.0,14.0,7.0,2.0,10.875799630013313,369.14,81.31,136.0,11.0,0.0,0.0,0.0,0.737,0.665,0.931,0.762,0.811,0.745,,,,,,,Lance Leipold,34.76923076923077,24.692307692307693,10.076923076923077,13.0,3.0,2.0,0.6666666666666666
2019,Buffalo,Mid-American,-2.0,25.0,24.6,-2.4,,,8.0,5.0,13.0,5.0,3.0,9.355085167947907,284.74,134.64,106.0,24.0,0.0,0.0,0.0,0.171,-0.034,0.667,0.054,0.353,0.025,,,,,,,Lance Leipold,31.5,22.333333333333332,9.166666666666666,12.0,2.0,0.0,0.0
2020,Buffalo,Mid-American,1.4,27.1,25.6,,,,6.0,1.0,7.0,5.0,1.0,6.073839077965313,252.86,114.94,130.0,15.0,0.0,0.0,0.0,0.998,1.0,1.0,1.0,1.0,1.0,,,,,,,Lance Leipold,47.833333333333336,23.833333333333332,24.0,6.0,0.0,0.0,
2021,Buffalo,Mid-American,-9.5,24.6,33.1,,,,4.0,8.0,12.0,2.0,6.0,4.421431518340031,267.09,137.78,98.0,18.0,0.0,0.0,0.0,0.479,1.0,0.405,0.179,0.602,1.0,6.0,20.0,-14.0,2.4,10.519999999999996,-8.119999999999996,Maurice Linguist,29.25,29.916666666666668,-0.6666666666666666,12.0,5.0,2.0,0.4
2022,Buffalo,Mid-American,-9.2,25.0,35.0,0.8,,,7.0,6.0,13.0,5.0,3.0,7.196565220621764,370.96,147.86,81.0,12.0,0.0,0.0,0.0,0.344,0.117,0.213,0.609,0.363,0.254,21.0,27.0,-6.0,13.03,18.169999999999998,-5.139999999999999,Maurice Linguist,29.0,27.166666666666668,1.8333333333333333,12.0,6.0,3.0,0.5
2023,Buffalo,Mid-American,-15.2,15.3,29.5,-1.0,,,3.0,9.0,12.0,3.0,5.0,3.559438224966651,296.09,160.65,84.0,14.0,0.0,0.0,0.0,0.575,0.876,0.915,0.317,0.791,0.99,10.0,14.0,-4.0,8.129999999999999,8.08,0.049999999999998934,Maurice Linguist,20.916666666666668,27.416666666666668,-6.5,12.0,3.0,1.0,0.3333333333333333
2024,Buffalo,Mid-American,-4.0,25.4,30.2,0.8,,,9.0,4.0,13.0,6.0,2.0,7.680281927021848,435.22,140.65,110.0,22.0,0.0,0.0,0.0,0.141,0.067,0.455,0.096,0.168,0.056,17.0,17.0,0.0,8.43,10.020000000000001,-1.5900000000000016,Pete Lembo,29.083333333333332,28.0,1.0833333333333333,12.0,3.0,2.0,0.6666666666666666
2025,Buffalo,Mid-American,-7.5,18.2,27.4,1.6,,,5.0,7.0,12.0,4.0,4.0,4.92267126776278,513.33,155.63,92.0,18.0,0.0,0.0,0.0,0.659,0.364,0.95,0.616,0.684,0.667,8.0,10.0,-2.0,3.0500000000000003,4.21,-1.1599999999999997,Pete Lembo,24.0,23.5,0.5,12.0,6.0,3.0,0.5
2026,Buffalo,Mid-American,-12.7,15.3,28.5,0.6,,,0.0,0.0,0.0,0.0,0.0,0.0,549.31,176.6,101.0,19.0,0.0,0.0,0.0,-0.008,0.094,0.09,-0.071,0.146,0.007,16.0,16.0,0.0,11.66,10.689999999999998,0.9700000000000024,Pete Lembo,,,,,,,
2004,California,ACC,26.7,43.6,19.2,,,,10.0,2.0,12.0,9.0,1.0,,,196.23,20.0,7.0,3.0,1.0,0.42857142857142855,,,,,,,,,,,,,Jeff Tedford,37.27272727272727,13.363636363636363,23.90909090909091,11.0,2.0,1.0,0.5
2005,California,ACC,18.4,35.8,17.5,,0.894,8.7,8.0,4.0,12.0,6.0,4.0,,,241.37,10.0,6.0,4.0,1.0,0.6666666666666666,,,,,,,,,,,,,Jeff Tedford,32.72727272727273,20.545454545454547,12.181818181818182,11.0,4.0,1.0,0.25
2006,California,ACC,17.6,35.7,19.9,1.9,0.854,9.9,10.0,3.0,13.0,8.0,2.0,,,212.65,20.0,12.0,6.0,0.0,0.5,,,,,,,,,,,,,Jeff Tedford,31.833333333333332,20.083333333333332,11.75,12.0,2.0,1.0,0.5
2007,California,ACC,16.6,38.1,21.3,-0.2,0.848,9.2,7.0,6.0,13.0,5.0,6.0,,,210.38,23.0,12.0,2.0,0.0,0.16666666666666666,,,,,,,,,,,,,Jeff Tedford,28.25,26.0,2.25,12.0,6.0,3.0,0.5
2008,California,ACC,18.0,32.7,14.3,-0.4,0.894,9.2,9.0,4.0,13.0,8.0,3.0,,,205.43,29.0,13.0,3.0,0.0,0.23076923076923078,,,,,,,,,,,,,Jeff Tedford,33.333333333333336,20.166666666666668,13.166666666666666,12.0,1.0,1.0,1.0
2009,California,ACC,6.5,30.2,22.5,-1.2,0.885,7.0,8.0,5.0,13.0,6.0,5.0,,,206.98,37.0,10.0,5.0,0.0,0.5,,,,,,,,,,,,,Jeff Tedford,29.25,24.5,4.75,12.0,2.0,2.0,1.0
2010,California,ACC,10.0,28.0,17.4,-0.6,0.829,5.8,5.0,7.0,12.0,3.0,6.0,5.201486103667858,,233.8,20.0,16.0,9.0,1.0,0.5625,,,,,,,,,,,,,Jeff Tedford,25.833333333333332,22.583333333333332,3.25,12.0,4.0,1.0,0.25
2011,California,ACC,12.2,32.2,21.1,1.1,0.865,7.3,7.0,6.0,13.0,5.0,5.0,7.036116452051836,,249.7,15.0,16.0,11.0,0.0,0.6875,,,,,,,,,,,,,Jeff Tedford,29.833333333333332,24.416666666666668,5.416666666666667,12.0,2.0,1.0,0.5
2012,California,ACC,5.3,31.3,25.8,-0.2,0.828,4.7,3.0,9.0,12.0,2.0,7.0,5.718732566696665,,217.88,30.0,16.0,7.0,0.0,0.4375,,,,,,,,,,,,,Jeff Tedford,23.0,33.083333333333336,-10.083333333333334,12.0,2.0,0.0,0.0
2013,California,ACC,-8.7,27.7,37.1,0.8,0.8,1.3,1.0,11.0,12.0,0.0,9.0,4.572157898344328,,190.85,41.0,13.0,2.0,0.0,0.15384615384615385,,,,,,,,,,,,,Sonny Dykes,23.0,45.916666666666664,-22.916666666666668,12.0,2.0,1.0,0.5
2014,California,ACC,-0.6,36.6,36.3,-0.8,0.864,4.9,5.0,7.0,12.0,3.0,6.0,4.683392442063714,,174.52,55.0,9.0,2.0,0.0,0.2222222222222222,0.82,1.043,0.326,0.722,0.742,0.863,,,,,,,Sonny Dykes,38.25,39.75,-1.5,12.0,6.0,3.0,0.5
2015,California,ACC,12.1,41.3,29.5,0.3,0.85,8.6,8.0,5.0,13.0,4.0,5.0,7.918842180060103,626.0,198.77,34.0,12.0,3.0,0.0,0.25,0.913,1.002,0.985,0.832,0.936,0.995,,,,,,,Sonny Dykes,36.5,30.25,6.25,12.0,6.0,4.0,0.6666666666666666
2016,California,ACC,2.4,38.4,36.3,0.3,0.843,5.4,5.0,7.0,12.0,3.0,6.0,5.629747955811931,601.17,207.8,31.0,23.0,2.0,1.0,0.08695652173913043,0.152,0.078,0.535,0.12,0.283,0.038,,,,,,,Sonny Dykes,37.083333333333336,42.583333333333336,-5.5,12.0,5.0,3.0,0.6
2017,California,ACC,-1.0,28.7,29.9,0.3,0.87,4.6,5.0,7.0,12.0,2.0,7.0,5.445762403985491,603.06,159.53,70.0,16.0,2.0,0.0,0.125,0.394,0.169,0.662,0.462,0.351,0.014,,,,,,,Justin Wilcox,27.75,28.416666666666668,-0.6666666666666666,12.0,4.0,1.0,0.25
2018,California,ACC,3.9,18.3,15.6,1.2,0.909,6.5,7.0,6.0,13.0,4.0,5.0,6.341846125290172,596.08,197.41,42.0,22.0,2.0,0.0,0.09090909090909091,0.867,1.0,0.886,0.806,0.824,1.0,,,,,,,Justin Wilcox,22.75,21.25,1.5,12.0,6.0,4.0,0.6666666666666666
2019,California,ACC,-2.6,23.8,24.7,-1.7,,,8.0,5.0,13.0,4.0,5.0,7.770313943108594,611.58,196.48,43.0,22.0,1.0,0.0,0.045454545454545456,0.55,4.767,1.008,0.331,0.406,0.632,,,,,,,Justin Wilcox,20.083333333333332,22.083333333333332,-2.0,12.0,5.0,3.0,0.6
2020,California,ACC,2.4,30.6,28.2,,,,1.0,3.0,4.0,1.0,3.0,1.0511407977352545,599.17,198.0,39.0,29.0,0.0,0.0,0.0,0.887,1.0,0.989,0.807,0.906,1.0,,,,,,,Justin Wilcox,20.25,26.5,-6.25,4.0,3.0,1.0,0.3333333333333333
2021,California,ACC,3.4,27.5,25.0,,,,5.0,7.0,12.0,4.0,5.0,6.0757025125014925,662.11,209.2,28.0,19.0,6.0,0.0,0.3157894736842105,0.977,1.029,1.147,0.884,0.904,0.993,3.0,10.0,-7.0,2.06,6.029999999999999,-3.9699999999999993,Justin Wilcox,23.75,22.25,1.5,12.0,5.0,0.0,0.0
2022,California,ACC,-3.0,23.2,25.9,-0.3,,,4.0,8.0,12.0,2.0,7.0,3.6585133917757187,653.31,175.53,59.0,17.0,1.0,0.0,0.058823529411764705,0.211,0.0,0.343,0.25,0.226,0.0,6.0,11.0,-5.0,4.12,7.16,-3.04,Justin Wilcox,23.916666666666668,27.833333333333332,-3.9166666666666665,12.0,7.0,2.0,0.2857142857142857
2023,California,ACC,-0.1,30.6,28.7,-2.0,,,6.0,7.0,13.0,4.0,5.0,6.406684563955697,681.14,162.74,79.0,14.0,1.0,0.0,0.07142857142857142,0.443,0.0,0.58,0.654,0.34,0.0,20.0,26.0,-6.0,16.500000000000004,16.229999999999997,0.2700000000000067,Justin Wilcox,31.583333333333332,32.666666666666664,-1.0833333333333333,12.0,4.0,2.0,0.5
2024,California,ACC,4.0,27.4,22.9,-0.5,,,6.0,7.0,13.0,2.0,6.0,6.989497551923431,702.38,190.2,55.0,20.0,1.0,0.0,0.05,0.594,0.84,0.512,0.505,0.661,0.718,23.0,23.0,0.0,19.94,17.779999999999998,2.1600000000000037,Justin Wilcox,26.083333333333332,22.166666666666668,3.9166666666666665,12.0,6.0,2.0,0.3333333333333333
2025,California,ACC,-3.2,25.6,27.9,-0.9,,,7.0,6.0,13.0,4.0,4.0,6.241159430705011,726.21,180.41,69.0,15.0,2.0,0.0,0.13333333333333333,0.063,-0.066,0.1,0.121,0.073,0.046,36.0,34.0,2.0,28.160000000000004,24.640000000000004,3.5199999999999996,Nick Rolovich,24.833333333333332,26.5,-1.6666666666666667,12.0,4.0,4.0,1.0
2026,California,ACC,3.0,28.8,25.5,-0.3,,,0.0,0.0,0.0,0.0,0.0,0.0,751.92,202.81,56.0,18.0,2.0,0.0,0.1111111111111111,0.583,0.887,0.0,0.43,0.53,0.972,32.0,36.0,-4.0,26.099999999999998,25.140000000000004,0.9599999999999937,Tosh Lupoi,,,,,,,
2004,Central Michigan,Mid-American,-22.2,25.4,42.6,,,,4.0,7.0,11.0,3.0,5.0,,,72.4,107.0,16.0,0.0,0.0,0.0,,,,,,,,,,,,,Brian Kelly,23.636363636363637,34.36363636363637,-10.727272727272727,11.0,5.0,3.0,0.6
2005,Central Michigan,Mid-American,-8.1,22.1,30.1,,0.937,6.2,6.0,5.0,11.0,5.0,3.0,,,64.54,104.0,22.0,0.0,0.0,0.0,,,,,,,,,,,,,Brian Kelly,23.636363636363637,23.636363636363637,0.0,11.0,8.0,4.0,0.5
2006,Central Michigan,Mid-American,-6.1,23.5,28.8,-0.7,0.944,8.4,10.0,4.0,14.0,8.0,1.0,,,62.5,110.0,25.0,0.0,0.0,0.0,,,,,,,,,,,,,Brian Kelly,29.615384615384617,22.923076923076923,6.6923076923076925,13.0,3.0,2.0,0.6666666666666666
2007,Central Michigan,Mid-American,-10.6,30.2,39.8,-1.0,0.931,7.7,8.0,6.0,14.0,7.0,1.0,,,80.68,106.0,11.0,0.0,0.0,0.0,,,,,,,,,,,,,Butch Jones,33.76923076923077,35.84615384615385,-2.076923076923077,13.0,3.0,2.0,0.6666666666666666
2008,Central Michigan,Mid-American,-5.6,30.1,36.3,0.6,0.965,7.4,8.0,5.0,13.0,6.0,2.0,,,100.63,101.0,22.0,0.0,0.0,0.0,,,,,,,,,,,,,Butch Jones,30.25,30.75,-0.5,12.0,8.0,5.0,0.625
2009,Central Michigan,Mid-American,3.5,29.1,25.7,0.1,0.961,10.5,12.0,2.0,14.0,9.0,0.0,,,154.04,76.0,29.0,0.0,0.0,0.0,,,,,,,,,,,,,Butch Jones,33.15384615384615,17.23076923076923,15.923076923076923,13.0,2.0,2.0,1.0
2010,Central Michigan,Mid-American,-14.7,21.9,34.4,-2.2,0.948,4.8,3.0,9.0,12.0,2.0,6.0,5.5597258235445,,127.67,106.0,19.0,0.0,0.0,0.0,,,,,,,,,,,,,Dan Enos,24.416666666666668,26.0,-1.5833333333333333,12.0,6.0,1.0,0.16666666666666666
2011,Central Michigan,Mid-American,-18.9,21.1,39.2,-0.7,0.952,4.6,3.0,9.0,12.0,2.0,6.0,4.7200045259077195,,75.64,93.0,24.0,0.0,0.0,0.0,,,,,,,,,,,,,Dan Enos,22.583333333333332,33.333333333333336,-10.75,12.0,5.0,2.0,0.4
2012,Central Michigan,Mid-American,-11.6,28.4,40.0,0.0,0.966,6.6,7.0,6.0,13.0,4.0,4.0,6.27121507260887,,120.28,90.0,23.0,0.0,0.0,0.0,,,,,,,,,,,,,Dan Enos,29.25,33.333333333333336,-4.083333333333333,12.0,2.0,2.0,1.0
2013,Central Michigan,Mid-American,-18.8,19.7,37.6,-0.9,0.969,4.7,6.0,6.0,12.0,5.0,3.0,5.16254537644891,,108.05,104.0,18.0,0.0,0.0,0.0,,,,,,,,,,,,,Dan Enos,23.25,28.583333333333332,-5.333333333333333,12.0,3.0,3.0,1.0
2014,Central Michigan,Mid-American,-5.2,26.1,30.2,-1.1,0.979,8.2,7.0,6.0,13.0,5.0,3.0,7.297080121136163,,91.2,116.0,18.0,0.0,0.0,0.0,0.955,0.981,0.627,0.902,0.858,0.921,,,,,,,Dan Enos,25.166666666666668,23.166666666666668,2.0,12.0,4.0,3.0,0.75
2015,Central Michigan,Mid-American,-3.1,26.4,27.2,-2.3,0.935,7.2,7.0,6.0,13.0,6.0,2.0,8.302777018016728,376.81,123.63,97.0,20.0,0.0,0.0,0.0,0.658,0.983,0.566,0.452,0.575,0.998,,,,,,,John Bonamego,26.833333333333332,22.083333333333332,4.75,12.0,5.0,2.0,0.4
2016,Central Michigan,Mid-American,-6.1,27.6,31.4,-2.3,0.936,5.3,6.0,7.0,13.0,3.0,5.0,5.787048822271673,391.81,112.52,107.0,18.0,0.0,0.0,0.0,0.931,1.01,-0.107,0.831,0.853,0.996,,,,,,,John Bonamego,27.666666666666668,28.25,-0.5833333333333334,12.0,6.0,4.0,0.6666666666666666
2017,Central Michigan,Mid-American,-8.6,21.4,28.2,-1.9,0.961,6.1,8.0,5.0,13.0,6.0,2.0,6.663821300481995,387.2,127.4,93.0,27.0,0.0,0.0,0.0,0.65,0.182,0.841,0.858,0.418,0.018,,,,,,,John Bonamego,29.666666666666668,26.75,2.9166666666666665,12.0,4.0,4.0,1.0
2018,Central Michigan,Mid-American,-20.0,9.0,28.7,-0.3,0.958,2.3,1.0,11.0,12.0,0.0,8.0,1.802651780640766,413.6,111.22,120.0,20.0,0.0,0.0,0.0,0.179,0.064,0.538,0.199,0.384,0.049,,,,,,,John Bonamego,15.0,27.333333333333332,-12.333333333333334,12.0,2.0,0.0,0.0
2019,Central Michigan,Mid-American,-4.4,26.0,29.0,-1.4,,,8.0,6.0,14.0,6.0,3.0,8.103289784928755,416.63,137.96,104.0,22.0,0.0,0.0,0.0,0.117,0.934,0.81,0.386,0.863,0.992,,,,,,,Jim McElwain,31.923076923076923,26.76923076923077,5.153846153846154,13.0,3.0,1.0,0.3333333333333333
2020,Central Michigan,Mid-American,-1.8,25.6,27.4,,,,3.0,3.0,6.0,3.0,3.0,2.737605218200912,350.35,130.86,123.0,24.0,0.0,0.0,0.0,0.888,1.0,0.442,0.99,0.862,1.0,,,,,,,Jim McElwain,31.333333333333332,30.166666666666668,1.1666666666666667,6.0,2.0,1.0,0.5
2021,Central Michigan,Mid-American,-1.0,28.5,29.3,,,,9.0,4.0,13.0,6.0,2.0,8.316397176121505,268.89,146.12,87.0,25.0,0.0,0.0,0.0,0.772,0.855,0.824,0.71,0.768,0.618,3.0,18.0,-15.0,1.7999999999999998,8.43,-6.63,Jim McElwain,33.0,26.166666666666668,6.833333333333333,12.0,4.0,3.0,0.75
2022,Central Michigan,Mid-American,-14.0,19.0,32.2,-0.8,,,4.0,8.0,12.0,3.0,5.0,5.347255088515795,384.48,144.51,84.0,19.0,0.0,0.0,0.0,0.67,0.782,0.781,0.56,0.7,0.682,2.0,17.0,-15.0,1.62,11.360000000000001,-9.740000000000002,Jim McElwain,24.75,28.166666666666668,-3.4166666666666665,12.0,4.0,2.0,0.5
2023,Central Michigan,Mid-American,-19.1,16.8,34.0,-1.9,,,5.0,7.0,12.0,3.0,5.0,3.7643715399385247,332.64,153.75,91.0,22.0,0.0,0.0,0.0,0.358,-0.073,0.997,0.236,0.323,0.163,2.0,11.0,-9.0,1.0,5.630000000000001,-4.630000000000001,Jim McElwain,23.166666666666668,31.083333333333332,-7.916666666666667,12.0,6.0,5.0,0.8333333333333334
2024,Central Michigan,Mid-American,-15.8,17.7,34.3,0.9,,,4.0,8.0,12.0,2.0,6.0,4.9844152073936945,467.22,142.13,106.0,18.0,0.0,0.0,0.0,0.518,0.174,0.357,0.833,0.519,0.025,6.0,16.0,-10.0,3.9299999999999997,8.5,-4.57,Jim McElwain,22.583333333333332,29.666666666666668,-7.083333333333333,12.0,5.0,3.0,0.6
2025,Central Michigan,Mid-American,-8.8,17.6,25.7,-0.7,,,7.0,6.0,13.0,5.0,3.0,7.2734494372271,481.16,128.41,113.0,12.0,0.0,0.0,0.0,0.103,0.572,0.123,0.047,0.342,0.77,10.0,19.0,-9.0,5.59,12.259999999999996,-6.669999999999996,Matt Drinkall,23.833333333333332,22.666666666666668,1.1666666666666667,12.0,3.0,1.0,0.3333333333333333
2026,Central Michigan,Mid-American,-15.1,15.5,30.4,-0.2,,,0.0,0.0,0.0,0.0,0.0,0.0,540.01,178.86,95.0,30.0,0.0,0.0,0.0,0.54,0.092,1.228,0.646,0.422,0.18,12.0,17.0,-5.0,5.08,11.269999999999996,-6.189999999999996,Matt Drinkall,,,,,,,
2015,Charlotte,American Athletic,-21.7,11.9,31.9,-1.7,0.97,2.6,2.0,10.0,12.0,0.0,8.0,2.0213151118021098,304.05,86.91,126.0,16.0,0.0,0.0,0.0,,,,,,,,,,,,,Brad Lambert,17.5,36.25,-18.75,12.0,3.0,1.0,0.3333333333333333
2016,Charlotte,American Athletic,-20.9,17.6,36.9,-1.6,0.942,3.4,4.0,8.0,12.0,3.0,5.0,4.852663573956285,330.55,106.83,119.0,15.0,0.0,0.0,0.0,0.859,1.0,1.392,0.734,0.833,1.0,,,,,,,Brad Lambert,25.166666666666668,34.583333333333336,-9.416666666666666,12.0,5.0,2.0,0.4
2017,Charlotte,American Athletic,-26.1,13.7,37.7,-2.1,0.967,1.4,1.0,11.0,12.0,1.0,7.0,0.5428578509529648,283.01,111.82,114.0,17.0,0.0,0.0,0.0,0.668,1.281,0.948,0.341,0.527,0.584,,,,,,,Brad Lambert,14.166666666666666,32.75,-18.583333333333332,12.0,4.0,1.0,0.25
2018,Charlotte,American Athletic,-18.5,15.0,33.5,0.0,0.963,3.6,5.0,7.0,12.0,4.0,4.0,5.716272284484478,311.0,120.43,111.0,20.0,0.0,0.0,0.0,1.194,1.021,1.162,1.031,0.78,0.904,,,,,,,Brad Lambert,21.666666666666668,26.583333333333332,-4.916666666666667,12.0,4.0,3.0,0.75
2019,Charlotte,American Athletic,-6.3,29.9,35.1,-1.1,,,7.0,6.0,13.0,5.0,3.0,7.46057968167491,386.38,112.69,132.0,14.0,0.0,0.0,0.0,0.738,0.936,0.7,0.66,0.829,0.9,,,,,,,Will Healy,31.583333333333332,32.5,-0.9166666666666666,12.0,2.0,2.0,1.0
2020,Charlotte,American Athletic,-6.6,29.4,35.8,,,,2.0,4.0,6.0,2.0,2.0,2.2271184939639728,462.29,152.55,88.0,22.0,1.0,0.0,0.045454545454545456,0.836,0.984,0.636,0.856,0.696,0.91,,,,,,,Will Healy,27.0,32.5,-5.5,6.0,1.0,0.0,0.0
2021,Charlotte,American Athletic,-13.7,27.6,41.2,,,,5.0,7.0,12.0,3.0,5.0,3.2382408115299155,462.67,134.83,101.0,24.0,0.0,0.0,0.0,0.856,1.0,0.347,0.889,0.815,1.0,11.0,12.0,-1.0,6.199999999999999,6.039999999999999,0.16000000000000014,Will Healy,27.166666666666668,34.0,-6.833333333333333,12.0,3.0,3.0,1.0
2022,Charlotte,American Athletic,-16.4,24.0,39.2,-1.2,,,3.0,9.0,12.0,2.0,6.0,2.376026993426871,487.24,117.06,107.0,16.0,0.0,0.0,0.0,0.838,1.0,0.979,0.726,0.916,1.0,3.0,9.0,-6.0,2.27,3.86,-1.5899999999999999,Will Healy,24.416666666666668,39.416666666666664,-15.0,12.0,3.0,2.0,0.6666666666666666
2023,Charlotte,American Athletic,-21.4,14.8,34.4,-1.8,,,3.0,9.0,12.0,2.0,6.0,3.2378180541361177,554.96,69.14,129.0,15.0,0.0,0.0,0.0,0.144,0.035,0.33,0.155,0.222,0.041,17.0,21.0,-4.0,10.119999999999997,13.079999999999997,-2.959999999999999,Biff Poggi,17.5,28.583333333333332,-11.083333333333334,12.0,3.0,2.0,0.6666666666666666
2024,Charlotte,American Athletic,-15.3,21.4,37.6,0.9,,,5.0,7.0,12.0,4.0,4.0,3.044270826042523,648.28,169.59,74.0,16.0,0.0,0.0,0.0,0.623,0.575,0.328,0.721,0.545,0.607,28.0,30.0,-2.0,22.099999999999994,15.589999999999998,6.509999999999996,Tim Brewster,23.666666666666668,35.083333333333336,-11.416666666666666,12.0,4.0,3.0,0.75
2025,Charlotte,American Athletic,-26.7,14.5,39.8,-1.4,,,1.0,11.0,12.0,0.0,8.0,1.4976336434483528,526.3,38.64,144.0,6.0,0.0,0.0,0.0,0.238,0.0,0.077,0.294,0.095,0.0,34.0,44.0,-10.0,25.18,25.820000000000004,-0.6400000000000041,Tim Albin,14.333333333333334,36.333333333333336,-22.0,12.0,1.0,1.0,1.0
2026,Charlotte,American Athletic,-24.1,14.5,38.1,-0.5,,,0.0,0.0,0.0,0.0,0.0,0.0,576.77,176.53,103.0,19.0,0.0,0.0,0.0,0.409,1.13,0.268,0.158,0.478,0.887,19.0,27.0,-8.0,13.529999999999998,14.369999999999996,-0.8399999999999981,Tim Albin,,,,,,,
2004,Cincinnati,Big 12,7.1,36.5,31.7,,,,7.0,5.0,12.0,5.0,4.0,,,72.99,104.0,15.0,0.0,0.0,0.0,,,,,,,,,,,,,Mark Dantonio,28.363636363636363,27.818181818181817,0.5454545454545454,11.0,2.0,1.0,0.5
2005,Cincinnati,Big 12,-9.9,18.4,28.2,,0.894,3.7,4.0,7.0,11.0,2.0,5.0,,,93.59,85.0,20.0,0.0,0.0,0.0,,,,,,,,,,,,,Mark Dantonio,17.454545454545453,31.363636363636363,-13.909090909090908,11.0,3.0,3.0,1.0
2006,Cincinnati,Big 12,7.9,23.6,16.7,1.0,0.817,7.1,8.0,5.0,13.0,4.0,3.0,,,63.4,109.0,12.0,0.0,0.0,0.0,,,,,,,,,,,,,Mark Dantonio,20.583333333333332,19.25,1.3333333333333333,12.0,3.0,2.0,0.6666666666666666
2007,Cincinnati,Big 12,17.5,37.2,19.9,0.2,0.89,10.1,10.0,3.0,13.0,4.0,3.0,,,111.09,87.0,18.0,0.0,0.0,0.0,,,,,,,,,,,,,Brian Kelly,36.75,18.583333333333332,18.166666666666668,12.0,5.0,2.0,0.4
2008,Cincinnati,Big 12,8.6,25.9,19.7,2.4,0.938,9.7,11.0,3.0,14.0,6.0,1.0,,,90.28,104.0,10.0,0.0,0.0,0.0,,,,,,,,,,,,,Brian Kelly,27.307692307692307,20.153846153846153,7.153846153846154,13.0,5.0,5.0,1.0
2009,Cincinnati,Big 12,18.2,40.8,23.4,0.9,0.88,11.2,12.0,1.0,13.0,7.0,0.0,,,176.05,56.0,15.0,1.0,0.0,0.06666666666666667,,,,,,,,,,,,,Brian Kelly,39.833333333333336,20.75,19.083333333333332,12.0,3.0,3.0,1.0
2010,Cincinnati,Big 12,2.5,28.4,27.7,1.9,0.889,5.4,4.0,8.0,12.0,2.0,5.0,5.820201288076756,,184.21,56.0,22.0,1.0,0.0,0.045454545454545456,,,,,,,,,,,,,Butch Jones,27.083333333333332,28.0,-0.9166666666666666,12.0,1.0,0.0,0.0
2011,Cincinnati,Big 12,12.8,30.1,17.8,0.5,0.934,9.2,10.0,3.0,13.0,5.0,2.0,6.680071770615392,,168.77,47.0,15.0,1.0,0.0,0.06666666666666667,,,,,,,,,,,,,Butch Jones,33.5,20.0,13.5,12.0,3.0,2.0,0.6666666666666666
2012,Cincinnati,Big 12,11.1,33.8,23.7,1.0,0.956,10.0,10.0,3.0,13.0,5.0,2.0,8.269793004923107,,185.26,51.0,27.0,0.0,0.0,0.0,,,,,,,,,,,,,Butch Jones,31.0,17.166666666666668,13.833333333333334,12.0,4.0,1.0,0.25
2013,Cincinnati,Big 12,7.8,31.9,21.6,-2.5,0.953,9.8,9.0,4.0,13.0,6.0,2.0,8.225233126400969,,162.33,60.0,9.0,1.0,0.0,0.1111111111111111,,,,,,,,,,,,,Tommy Tuberville,33.333333333333336,19.5,13.833333333333334,12.0,4.0,2.0,0.5
2014,Cincinnati,Big 12,6.9,36.3,29.8,0.4,0.92,8.9,9.0,4.0,13.0,7.0,1.0,7.648260902105682,,161.43,65.0,18.0,0.0,0.0,0.0,0.402,0.101,-0.638,0.659,0.44,0.106,,,,,,,Tommy Tuberville,35.416666666666664,26.75,8.666666666666666,12.0,2.0,2.0,1.0
2015,Cincinnati,Big 12,5.3,34.4,28.2,-0.8,0.932,8.1,7.0,6.0,13.0,4.0,4.0,8.321234587256935,494.65,162.45,68.0,14.0,0.0,0.0,0.0,0.895,0.854,0.845,0.939,0.892,0.808,,,,,,,Tommy Tuberville,36.083333333333336,30.25,5.833333333333333,12.0,4.0,2.0,0.5
2016,Cincinnati,Big 12,-3.6,24.5,27.3,-0.8,0.929,4.4,4.0,8.0,12.0,1.0,7.0,4.2384391506378005,541.58,152.74,74.0,18.0,0.0,0.0,0.0,0.505,0.86,0.742,0.235,0.643,0.977,,,,,,,Tommy Tuberville,19.333333333333332,26.916666666666668,-7.583333333333333,12.0,2.0,1.0,0.5
2017,Cincinnati,Big 12,-6.4,23.3,28.2,-1.4,0.928,4.4,4.0,8.0,12.0,2.0,6.0,3.9514087141379632,500.95,167.8,63.0,24.0,0.0,0.0,0.0,0.732,0.802,-0.093,0.664,0.613,0.729,,,,,,,Luke Fickell,20.916666666666668,31.833333333333332,-10.916666666666666,12.0,4.0,3.0,0.75
2018,Cincinnati,Big 12,5.4,28.3,22.6,-0.4,0.955,9.6,11.0,2.0,13.0,6.0,2.0,10.340911193730284,543.78,192.64,48.0,25.0,1.0,0.0,0.04,0.789,1.084,0.868,0.631,0.765,0.973,,,,,,,Luke Fickell,34.916666666666664,16.083333333333332,18.833333333333332,12.0,3.0,2.0,0.6666666666666666
2019,Cincinnati,Big 12,9.1,29.1,21.1,1.1,,,11.0,3.0,14.0,7.0,2.0,9.068419268203641,576.61,158.17,79.0,17.0,0.0,0.0,0.0,0.823,0.936,0.881,0.714,0.861,0.863,,,,,,,Luke Fickell,29.0,21.692307692307693,7.3076923076923075,13.0,5.0,4.0,0.8
2020,Cincinnati,Big 12,18.6,34.5,15.9,,,,9.0,1.0,10.0,7.0,0.0,9.012258419827784,600.61,194.95,40.0,24.0,3.0,0.0,0.125,0.673,0.888,0.761,0.514,0.612,0.993,,,,,,,Luke Fickell,39.333333333333336,16.0,23.333333333333332,9.0,2.0,2.0,1.0
2021,Cincinnati,Big 12,21.2,37.5,15.9,,,,13.0,1.0,14.0,9.0,0.0,10.94622947930197,626.54,190.66,42.0,24.0,1.0,0.0,0.041666666666666664,0.855,0.955,0.754,0.836,0.735,0.952,3.0,10.0,-7.0,1.8399999999999999,5.199999999999999,-3.3599999999999994,Luke Fickell,39.23076923076923,16.076923076923077,23.153846153846153,13.0,1.0,1.0,1.0
2022,Cincinnati,Big 12,13.1,27.6,16.1,1.5,,,9.0,4.0,13.0,6.0,2.0,7.485065533095179,650.89,197.75,42.0,20.0,3.0,0.0,0.15,0.272,-0.003,0.183,0.525,0.241,0.033,7.0,10.0,-3.0,5.16,6.039999999999999,-0.879999999999999,Kerry Coombs,31.083333333333332,20.333333333333332,10.75,12.0,6.0,3.0,0.5
2023,Cincinnati,Big 12,-6.8,21.3,28.3,0.2,,,3.0,9.0,12.0,1.0,8.0,4.992730474292186,663.68,167.89,75.0,12.0,1.0,0.0,0.08333333333333333,0.067,-0.024,0.429,0.033,0.261,0.178,21.0,25.0,-4.0,16.769999999999996,18.660000000000004,-1.8900000000000077,Scott Satterfield,24.083333333333332,30.0,-5.916666666666667,12.0,4.0,1.0,0.25
2024,Cincinnati,Big 12,-0.1,25.6,25.0,-0.7,,,5.0,7.0,12.0,3.0,6.0,6.15828810810061,662.34,196.87,51.0,24.0,1.0,0.0,0.041666666666666664,0.308,-0.016,0.399,0.389,0.33,0.095,24.0,32.0,-8.0,19.629999999999995,21.759999999999998,-2.1300000000000026,Scott Satterfield,25.166666666666668,24.583333333333332,0.5833333333333334,12.0,5.0,1.0,0.2
2025,Cincinnati,Big 12,4.5,30.2,26.4,0.8,,,7.0,6.0,13.0,5.0,4.0,7.1495265872217715,644.1,189.52,61.0,20.0,0.0,0.0,0.0,0.497,1.008,0.637,0.253,0.636,0.998,20.0,13.0,7.0,16.649999999999995,9.77,6.8799999999999955,Scott Satterfield,31.75,24.833333333333332,6.916666666666667,12.0,3.0,1.0,0.3333333333333333
2026,Cincinnati,Big 12,3.0,28.9,26.1,0.3,,,0.0,0.0,0.0,0.0,0.0,0.0,634.28,199.89,58.0,25.0,1.0,0.0,0.04,0.083,0.035,0.041,0.153,0.071,0.019,23.0,23.0,0.0,18.17,18.63,-0.4599999999999973,Scott Satterfield,,,,,,,
2004,Clemson,ACC,7.1,28.6,22.7,,,,6.0,5.0,11.0,4.0,4.0,,,145.22,44.0,9.0,1.0,0.0,0.1111111111111111,,,,,,,,,,,,,Tommy Bowden,21.454545454545453,20.818181818181817,0.6363636363636364,11.0,6.0,4.0,0.6666666666666666
2005,Clemson,ACC,12.9,31.1,18.2,,0.893,7.4,8.0,4.0,12.0,4.0,4.0,,,217.21,15.0,4.0,2.0,0.0,0.5,,,,,,,,,,,,,Tommy Bowden,27.0,18.272727272727273,8.727272727272727,11.0,7.0,3.0,0.42857142857142855
2006,Clemson,ACC,16.7,31.5,13.7,-1.1,0.883,9.8,8.0,5.0,13.0,5.0,3.0,,,232.26,14.0,9.0,7.0,2.0,0.7777777777777778,,,,,,,,,,,,,Tommy Bowden,33.75,15.166666666666666,18.583333333333332,12.0,5.0,2.0,0.4
2007,Clemson,ACC,16.2,31.6,15.2,-0.2,0.889,9.0,9.0,4.0,13.0,5.0,3.0,,,221.47,16.0,12.0,3.0,0.0,0.25,,,,,,,,,,,,,Tommy Bowden,34.166666666666664,18.333333333333332,15.833333333333334,12.0,3.0,2.0,0.6666666666666666
2008,Clemson,ACC,12.8,27.0,14.2,0.0,0.919,8.1,7.0,6.0,13.0,4.0,4.0,,,271.35,9.0,20.0,12.0,1.0,0.6,,,,,,,,,,,,,Tommy Bowden,25.5,16.583333333333332,8.916666666666666,12.0,4.0,1.0,0.25
2009,Clemson,ACC,16.4,31.1,14.4,-0.2,0.869,9.3,9.0,5.0,14.0,6.0,3.0,,,207.86,36.0,7.0,5.0,1.0,0.7142857142857143,,,,,,,,,,,,,Dabo Swinney,31.923076923076923,21.0,10.923076923076923,13.0,5.0,1.0,0.2
2010,Clemson,ACC,10.1,24.0,13.3,-0.5,0.842,6.9,6.0,7.0,13.0,4.0,4.0,6.939774124663346,,218.08,27.0,19.0,7.0,0.0,0.3684210526315789,,,,,,,,,,,,,Dabo Swinney,23.833333333333332,17.75,6.083333333333333,12.0,5.0,1.0,0.2
2011,Clemson,ACC,7.8,35.4,28.9,1.2,0.888,8.5,10.0,4.0,14.0,7.0,2.0,8.268442209218321,,269.69,10.0,25.0,9.0,3.0,0.36,,,,,,,,,,,,,Dabo Swinney,33.61538461538461,26.153846153846153,7.461538461538462,13.0,2.0,2.0,1.0
2012,Clemson,ACC,18.5,41.5,24.1,1.1,0.883,10.0,11.0,2.0,13.0,7.0,1.0,9.453340731301875,,241.73,20.0,17.0,10.0,0.0,0.5882352941176471,,,,,,,,,,,,,Dabo Swinney,42.333333333333336,24.916666666666668,17.416666666666668,12.0,1.0,1.0,1.0
2013,Clemson,ACC,24.5,42.4,19.6,1.6,0.839,10.3,11.0,2.0,13.0,7.0,1.0,9.055568258891507,,249.66,15.0,17.0,10.0,1.0,0.5882352941176471,,,,,,,,,,,,,Dabo Swinney,40.166666666666664,21.083333333333332,19.083333333333332,12.0,1.0,1.0,1.0
2014,Clemson,ACC,18.1,29.0,11.6,0.8,0.844,8.8,10.0,3.0,13.0,6.0,2.0,9.84206570885622,,240.73,16.0,16.0,10.0,0.0,0.625,0.288,0.161,-0.105,0.4,0.288,0.121,,,,,,,Dabo Swinney,30.083333333333332,17.583333333333332,12.5,12.0,3.0,2.0,0.6666666666666666
2015,Clemson,ACC,24.0,41.9,17.2,-0.7,0.807,13.0,14.0,1.0,15.0,9.0,0.0,14.057736511768017,807.56,277.98,9.0,21.0,12.0,3.0,0.5714285714285714,0.86,0.797,0.391,0.933,0.632,0.331,,,,,,,Dabo Swinney,38.46153846153846,20.23076923076923,18.23076923076923,13.0,3.0,3.0,1.0
2016,Clemson,ACC,28.7,43.5,14.1,-0.7,0.82,12.8,14.0,1.0,15.0,8.0,1.0,13.481793660954883,846.0,271.16,11.0,21.0,13.0,1.0,0.6190476190476191,0.888,0.956,0.984,0.791,0.89,0.994,,,,,,,Dabo Swinney,40.15384615384615,18.384615384615383,21.76923076923077,13.0,7.0,6.0,0.8571428571428571
2017,Clemson,ACC,26.4,36.5,8.3,-1.8,0.829,11.8,12.0,2.0,14.0,8.0,1.0,11.49344574230669,853.65,238.91,16.0,15.0,10.0,2.0,0.6666666666666666,0.243,0.085,0.043,0.4,0.229,0.031,,,,,,,Dabo Swinney,35.38461538461539,12.76923076923077,22.615384615384617,13.0,2.0,1.0,0.5
2018,Clemson,ACC,29.7,43.0,12.6,-0.6,0.912,14.0,15.0,0.0,15.0,9.0,0.0,13.87247505748794,893.21,283.67,7.0,17.0,12.0,5.0,0.7058823529411765,0.793,0.783,0.987,0.682,0.779,0.852,,,,,,,Dabo Swinney,45.38461538461539,13.692307692307692,31.692307692307693,13.0,2.0,2.0,1.0
2019,Clemson,ACC,28.1,43.5,14.6,-0.7,,,14.0,1.0,15.0,9.0,0.0,12.763099058213355,863.03,275.55,10.0,31.0,14.0,1.0,0.45161290322580644,0.813,0.95,0.643,0.839,0.752,0.882,,,,,,,Dabo Swinney,46.53846153846154,10.615384615384615,35.92307692307692,13.0,1.0,1.0,1.0
2020,Clemson,ACC,26.1,42.6,16.7,,,,10.0,2.0,12.0,9.0,1.0,9.104876417528777,915.57,309.73,3.0,24.0,19.0,5.0,0.7916666666666666,0.764,0.852,0.95,0.561,0.849,0.833,,,,,,,Dabo Swinney,44.90909090909091,17.545454545454547,27.363636363636363,11.0,2.0,1.0,0.5
2021,Clemson,ACC,18.7,28.3,11.6,,,,10.0,3.0,13.0,6.0,2.0,8.707181810036925,935.08,291.2,5.0,21.0,18.0,3.0,0.8571428571428571,0.261,0.206,0.234,0.313,0.351,0.308,0.0,8.0,-8.0,0.0,6.74,-6.74,Dabo Swinney,26.833333333333332,15.0,11.833333333333334,12.0,6.0,4.0,0.6666666666666666
2022,Clemson,ACC,17.6,34.9,18.5,1.2,,,11.0,3.0,14.0,9.0,0.0,11.041650620669936,943.0,260.87,10.0,22.0,10.0,2.0,0.45454545454545453,0.458,0.206,0.732,0.657,0.621,0.492,1.0,10.0,-9.0,0.8,8.45,-7.6499999999999995,Dabo Swinney,34.69230769230769,20.076923076923077,14.615384615384615,13.0,4.0,3.0,0.75
2023,Clemson,ACC,10.5,29.3,19.0,0.2,,,9.0,4.0,13.0,4.0,4.0,8.821833855095537,917.88,273.39,11.0,26.0,19.0,1.0,0.7307692307692307,0.551,0.296,0.741,0.577,0.505,0.219,1.0,11.0,-10.0,0.83,9.270000000000001,-8.440000000000001,Dabo Swinney,29.166666666666668,19.916666666666668,9.25,12.0,3.0,1.0,0.3333333333333333
2024,Clemson,ACC,13.3,35.4,20.9,-1.1,,,10.0,4.0,14.0,8.0,1.0,9.84249544952703,924.63,272.19,11.0,23.0,12.0,2.0,0.5217391304347826,0.774,0.872,0.732,0.743,0.778,0.969,0.0,11.0,-11.0,0.0,8.92,-8.92,Dabo Swinney,35.53846153846154,22.307692307692307,13.23076923076923,13.0,3.0,2.0,0.6666666666666666
2025,Clemson,ACC,9.5,27.5,18.9,0.8,,,7.0,6.0,13.0,4.0,4.0,8.636965634301305,918.43,227.23,26.0,15.0,7.0,1.0,0.4666666666666667,0.826,1.0,0.696,0.793,0.753,1.0,4.0,9.0,-5.0,2.61,6.92,-4.3100000000000005,Dabo Swinney,28.666666666666668,20.416666666666668,8.25,12.0,4.0,1.0,0.25
2026,Clemson,ACC,13.1,29.8,17.1,0.3,,,0.0,0.0,0.0,0.0,0.0,0.0,862.85,243.28,20.0,22.0,10.0,0.0,0.45454545454545453,0.414,0.141,-0.377,0.712,0.373,0.175,11.0,15.0,-4.0,9.44,11.869999999999997,-2.429999999999998,Dabo Swinney,,,,,,,
2018,Coastal Carolina,Sun Belt,-17.2,28.1,45.7,0.4,0.952,3.5,5.0,7.0,12.0,2.0,6.0,4.663706905207452,284.24,120.13,114.0,33.0,0.0,0.0,0.0,0.352,-0.098,0.403,0.533,0.485,0.401,,,,,,,Joe Moglia,26.666666666666668,33.166666666666664,-6.5,12.0,3.0,2.0,0.6666666666666666
2019,Coastal Carolina,Sun Belt,-12.8,23.4,35.3,-0.9,,,5.0,7.0,12.0,2.0,6.0,5.226362455165599,305.73,125.06,122.0,29.0,0.0,0.0,0.0,0.565,0.57,0.407,0.635,0.471,0.508,,,,,,,Jamey Chadwell,30.333333333333332,30.5,-0.16666666666666666,12.0,7.0,3.0,0.42857142857142855
2020,Coastal Carolina,Sun Belt,6.6,33.7,27.3,,,,11.0,1.0,12.0,8.0,0.0,10.913111750807143,213.39,136.61,116.0,22.0,0.0,0.0,0.0,0.798,1.0,0.836,0.665,0.82,1.0,,,,,,,Jamey Chadwell,37.45454545454545,18.727272727272727,18.727272727272727,11.0,3.0,3.0,1.0
2021,Coastal Carolina,Sun Belt,13.2,39.5,26.1,,,,11.0,2.0,13.0,6.0,2.0,10.51859260217133,415.91,150.67,84.0,18.0,0.0,0.0,0.0,0.842,0.964,0.707,0.807,0.72,0.87,4.0,11.0,-7.0,2.4,4.8,-2.4,Jamey Chadwell,40.416666666666664,20.0,20.416666666666668,12.0,5.0,3.0,0.6
2022,Coastal Carolina,Sun Belt,0.6,32.7,30.6,-1.5,,,9.0,4.0,13.0,6.0,3.0,6.995402100022587,446.58,165.67,69.0,19.0,0.0,0.0,0.0,0.578,0.943,0.613,0.246,0.623,0.991,4.0,16.0,-12.0,2.2,8.899999999999999,-6.699999999999998,Jamey Chadwell,29.083333333333332,30.083333333333332,-1.0,12.0,5.0,5.0,1.0
2023,Coastal Carolina,Sun Belt,-1.2,27.6,27.2,-1.6,,,8.0,5.0,13.0,5.0,3.0,7.735956111567856,515.69,113.66,114.0,17.0,0.0,0.0,0.0,0.915,0.982,1.128,0.819,0.893,0.971,13.0,19.0,-6.0,7.81,12.52,-4.71,Tim Beck,28.0,24.666666666666668,3.3333333333333335,12.0,3.0,2.0,0.6666666666666666
2024,Coastal Carolina,Sun Belt,-6.9,25.5,33.4,1.0,,,6.0,7.0,13.0,3.0,5.0,5.987129355324899,557.61,169.22,75.0,22.0,0.0,0.0,0.0,0.268,0.168,0.518,0.292,0.393,0.296,18.0,29.0,-11.0,12.700000000000001,16.990000000000002,-4.290000000000001,Tim Beck,29.833333333333332,30.583333333333332,-0.75,12.0,0.0,0.0,
2025,Coastal Carolina,Sun Belt,-15.1,23.4,37.0,-1.4,,,6.0,7.0,13.0,5.0,3.0,5.177088148891926,610.88,156.66,91.0,12.0,0.0,0.0,0.0,0.364,-0.029,0.026,0.615,0.161,0.087,30.0,49.0,-19.0,22.520000000000003,23.909999999999997,-1.3899999999999935,Tim Beck,22.833333333333332,33.916666666666664,-11.083333333333334,12.0,1.0,0.0,0.0
2026,Coastal Carolina,Sun Belt,-14.7,20.6,34.8,-0.5,,,0.0,0.0,0.0,0.0,0.0,0.0,573.96,165.03,118.0,13.0,0.0,0.0,0.0,0.154,0.115,0.161,0.17,0.226,0.005,32.0,43.0,-11.0,24.030000000000005,23.63,0.4000000000000057,Ryan Beard,,,,,,,
2004,Colorado,Big 12,7.8,32.9,27.0,,,,8.0,5.0,13.0,4.0,5.0,,,143.15,47.0,7.0,0.0,0.0,0.0,,,,,,,,,,,,,Gary Barnett,22.583333333333332,25.333333333333332,-2.75,12.0,5.0,4.0,0.8
2005,Colorado,Big 12,11.7,27.8,16.1,,0.819,6.9,7.0,6.0,13.0,5.0,4.0,,,165.97,40.0,10.0,1.0,0.0,0.1,,,,,,,,,,,,,Gary Barnett,24.583333333333332,24.0,0.5833333333333334,12.0,2.0,2.0,1.0
2006,Colorado,Big 12,1.8,20.1,18.9,0.6,0.849,4.1,2.0,10.0,12.0,2.0,6.0,,,155.35,47.0,11.0,0.0,0.0,0.0,,,,,,,,,,,,,Dan Hawkins,16.333333333333332,22.25,-5.916666666666667,12.0,4.0,0.0,0.0
2007,Colorado,Big 12,4.2,29.1,23.9,-0.9,0.812,4.9,6.0,7.0,13.0,4.0,4.0,,,207.66,27.0,19.0,1.0,1.0,0.05263157894736842,,,,,,,,,,,,,Dan Hawkins,27.583333333333332,29.416666666666668,-1.8333333333333333,12.0,5.0,3.0,0.6
2008,Colorado,Big 12,-2.7,23.0,23.2,-2.5,0.851,4.0,5.0,7.0,12.0,2.0,6.0,,,236.08,15.0,17.0,7.0,1.0,0.4117647058823529,,,,,,,,,,,,,Dan Hawkins,20.166666666666668,29.25,-9.083333333333334,12.0,5.0,4.0,0.8
2009,Colorado,Big 12,0.2,20.6,19.3,-1.1,0.855,4.1,3.0,9.0,12.0,2.0,6.0,,,188.77,49.0,13.0,1.0,0.0,0.07692307692307693,,,,,,,,,,,,,Dan Hawkins,22.25,28.833333333333332,-6.583333333333333,12.0,5.0,2.0,0.4
2010,Colorado,Big 12,-1.9,27.3,27.7,-1.4,0.835,4.6,5.0,7.0,12.0,2.0,6.0,5.05056023205341,,183.91,57.0,17.0,1.0,0.0,0.058823529411764705,,,,,,,,,,,,,Dan Hawkins,24.166666666666668,30.75,-6.583333333333333,12.0,4.0,1.0,0.25
2011,Colorado,Big 12,-8.8,26.0,34.6,-0.2,0.859,3.3,3.0,10.0,13.0,2.0,8.0,4.521073940297877,,147.7,64.0,15.0,0.0,0.0,0.0,,,,,,,,,,,,,Jon Embree,19.76923076923077,36.53846153846154,-16.76923076923077,13.0,3.0,1.0,0.3333333333333333
2012,Colorado,Big 12,-17.2,20.2,37.5,0.2,0.856,1.4,1.0,11.0,12.0,1.0,8.0,1.8854987596157633,,203.71,39.0,25.0,2.0,0.0,0.08,,,,,,,,,,,,,Jon Embree,17.833333333333332,46.0,-28.166666666666668,12.0,4.0,1.0,0.25
2013,Colorado,Big 12,-0.7,28.0,28.3,-0.4,0.84,4.3,4.0,8.0,12.0,1.0,8.0,4.458658364586485,,151.29,68.0,16.0,0.0,0.0,0.0,,,,,,,,,,,,,Mike MacIntyre,25.416666666666668,38.25,-12.833333333333334,12.0,1.0,0.0,0.0
2014,Colorado,Big 12,-5.0,32.5,38.9,1.5,0.876,3.9,2.0,10.0,12.0,0.0,9.0,2.818099922163723,,147.9,74.0,16.0,0.0,0.0,0.0,0.624,0.942,0.872,0.575,0.718,0.605,,,,,,,Mike MacIntyre,28.5,39.0,-10.5,12.0,5.0,1.0,0.2
2015,Colorado,Big 12,-4.0,25.8,28.5,-1.3,0.87,4.5,4.0,9.0,13.0,1.0,8.0,3.370553874515719,542.06,162.04,69.0,7.0,1.0,0.0,0.14285714285714285,0.811,0.985,1.08,0.688,0.839,0.998,,,,,,,Mike MacIntyre,24.615384615384617,27.46153846153846,-2.8461538461538463,13.0,6.0,2.0,0.3333333333333333
2016,Colorado,Big 12,6.3,29.3,21.7,-1.3,0.838,9.0,10.0,4.0,14.0,8.0,2.0,9.04936261577807,526.39,160.42,69.0,14.0,1.0,0.0,0.07142857142857142,0.756,0.894,1.153,0.586,0.701,0.759,,,,,,,Mike MacIntyre,32.84615384615385,20.46153846153846,12.384615384615385,13.0,4.0,3.0,0.75
2017,Colorado,Big 12,2.0,30.3,30.1,1.8,0.897,4.7,5.0,7.0,12.0,2.0,7.0,4.902088521539909,568.59,203.78,35.0,26.0,3.0,0.0,0.11538461538461539,0.746,0.373,0.696,0.976,0.671,0.319,,,,,,,Mike MacIntyre,26.416666666666668,28.166666666666668,-1.75,12.0,3.0,1.0,0.3333333333333333
2018,Colorado,Big 12,-0.7,27.0,27.2,-0.5,0.904,5.4,5.0,7.0,12.0,2.0,7.0,5.275756756375455,575.65,187.11,53.0,17.0,0.0,0.0,0.0,0.586,1.048,0.446,0.383,0.521,0.989,,,,,,,Mike MacIntyre,27.083333333333332,27.25,-0.16666666666666666,12.0,3.0,2.0,0.6666666666666666
2019,Colorado,Big 12,-4.1,30.1,34.7,0.5,,,5.0,7.0,12.0,3.0,6.0,4.669249677801276,614.27,194.55,44.0,20.0,1.0,0.0,0.05,0.851,0.996,1.587,0.686,0.679,0.996,,,,,,,Mel Tucker,23.5,31.833333333333332,-8.333333333333334,12.0,7.0,4.0,0.5714285714285714
2020,Colorado,Big 12,-0.4,30.1,30.4,,,,4.0,2.0,6.0,3.0,1.0,4.056224651927857,630.39,203.17,36.0,21.0,4.0,0.0,0.19047619047619047,0.258,0.022,0.28,0.389,0.443,0.007,,,,,,,Karl Dorrell,29.6,27.0,2.6,5.0,2.0,2.0,1.0
2021,Colorado,Big 12,-10.0,18.8,29.6,,,,4.0,8.0,12.0,3.0,6.0,3.2081872654807424,640.85,167.11,65.0,19.0,0.0,0.0,0.0,0.758,0.189,0.716,0.987,0.547,0.06,6.0,13.0,-7.0,4.46,8.44,-3.9799999999999995,Karl Dorrell,18.75,26.666666666666668,-7.916666666666667,12.0,3.0,2.0,0.6666666666666666
2022,Colorado,Big 12,-20.4,24.0,45.0,0.7,,,1.0,11.0,12.0,1.0,8.0,1.0413059166536356,616.28,192.38,47.0,24.0,0.0,0.0,0.0,0.694,0.596,0.635,0.74,0.717,0.986,6.0,24.0,-18.0,3.96,17.35,-13.39,Karl Dorrell,15.416666666666666,44.5,-29.083333333333332,12.0,1.0,1.0,1.0
2023,Colorado,Big 12,-4.9,29.6,34.4,-0.1,,,4.0,8.0,12.0,1.0,8.0,3.3075221739721936,711.87,219.75,29.0,18.0,4.0,1.0,0.2222222222222222,0.077,0.0,0.272,0.053,0.13,0.0,48.0,59.0,-11.0,41.75000000000001,43.63,-1.8799999999999955,Deion Sanders,28.166666666666668,34.833333333333336,-6.666666666666667,12.0,7.0,2.0,0.2857142857142857
2024,Colorado,Big 12,8.1,33.3,23.5,-1.7,,,9.0,4.0,13.0,7.0,2.0,7.453874345036746,749.16,165.05,81.0,12.0,4.0,1.0,0.3333333333333333,0.665,0.994,0.567,0.502,0.621,0.992,41.0,41.0,0.0,34.47000000000001,29.41,5.060000000000013,Deion Sanders,34.5,22.0,12.5,12.0,3.0,2.0,0.6666666666666666
2025,Colorado,Big 12,-8.3,22.6,29.5,-1.4,,,3.0,9.0,12.0,1.0,8.0,3.8596997587010264,755.2,209.08,37.0,16.0,8.0,0.0,0.5,0.075,-0.026,-0.143,0.155,0.196,0.01,33.0,34.0,-1.0,27.39,24.610000000000003,2.7799999999999976,Deion Sanders,20.916666666666668,30.5,-9.583333333333334,12.0,4.0,1.0,0.25
2026,Colorado,Big 12,0.7,26.1,25.0,-0.5,,,0.0,0.0,0.0,0.0,0.0,0.0,731.62,193.36,67.0,14.0,2.0,0.0,0.14285714285714285,0.137,-0.261,-0.371,0.386,0.36,0.267,42.0,38.0,4.0,36.07000000000001,27.850000000000005,8.220000000000002,Deion Sanders,,,,,,,
2004,Colorado State,Pac-12,-0.9,32.2,33.4,,,,4.0,7.0,11.0,3.0,6.0,,,122.11,58.0,10.0,0.0,0.0,0.0,,,,,,,,,,,,,Sonny Lubick,23.727272727272727,29.545454545454547,-5.818181818181818,11.0,2.0,1.0,0.5
2005,Colorado State,Pac-12,-2.9,31.4,34.3,,0.941,4.9,6.0,6.0,12.0,5.0,4.0,,,94.42,84.0,15.0,0.0,0.0,0.0,,,,,,,,,,,,,Sonny Lubick,26.454545454545453,28.90909090909091,-2.4545454545454546,11.0,3.0,2.0,0.6666666666666666
2006,Colorado State,Pac-12,-5.4,18.9,23.2,-1.1,0.914,5.1,4.0,8.0,12.0,1.0,7.0,,,112.11,74.0,18.0,0.0,0.0,0.0,,,,,,,,,,,,,Sonny Lubick,16.833333333333332,21.916666666666668,-5.083333333333333,12.0,3.0,1.0,0.3333333333333333
2007,Colorado State,Pac-12,-7.7,27.2,35.4,0.6,0.922,3.9,3.0,9.0,12.0,2.0,7.0,,,123.4,81.0,22.0,0.0,0.0,0.0,,,,,,,,,,,,,Sonny Lubick,25.333333333333332,30.75,-5.416666666666667,12.0,4.0,0.0,0.0
2008,Colorado State,Pac-12,-3.3,29.8,33.8,0.7,0.939,5.7,7.0,6.0,13.0,4.0,5.0,,,114.44,91.0,18.0,0.0,0.0,0.0,,,,,,,,,,,,,Steve Fairchild,23.916666666666668,29.833333333333332,-5.916666666666667,12.0,5.0,3.0,0.6
2009,Colorado State,Pac-12,-4.5,29.7,32.8,-1.4,0.917,5.6,3.0,9.0,12.0,0.0,8.0,,,125.17,94.0,16.0,0.0,0.0,0.0,,,,,,,,,,,,,Steve Fairchild,21.666666666666668,29.833333333333332,-8.166666666666666,12.0,6.0,2.0,0.3333333333333333
2010,Colorado State,Pac-12,-16.8,20.7,36.7,-0.9,0.909,2.6,3.0,9.0,12.0,2.0,6.0,4.363727396758729,,172.59,70.0,27.0,0.0,0.0,0.0,,,,,,,,,,,,,Steve Fairchild,16.5,34.666666666666664,-18.166666666666668,12.0,2.0,1.0,0.5
2011,Colorado State,Pac-12,-12.6,22.3,34.4,-0.4,0.942,3.8,3.0,9.0,12.0,1.0,6.0,5.097031608855562,,122.79,76.0,23.0,0.0,0.0,0.0,,,,,,,,,,,,,Steve Fairchild,21.416666666666668,31.25,-9.833333333333334,12.0,6.0,2.0,0.3333333333333333
2012,Colorado State,Pac-12,-9.7,19.7,30.3,0.8,0.947,4.5,4.0,8.0,12.0,3.0,5.0,4.129600819936693,,74.75,120.0,20.0,0.0,0.0,0.0,,,,,,,,,,,,,Jim McElwain,21.166666666666668,30.25,-9.083333333333334,12.0,2.0,2.0,1.0
2013,Colorado State,Pac-12,3.0,31.8,29.5,0.7,0.937,8.4,8.0,6.0,14.0,5.0,3.0,8.030169852667084,,132.61,84.0,16.0,0.0,0.0,0.0,,,,,,,,,,,,,Jim McElwain,35.30769230769231,28.615384615384617,6.6923076923076925,13.0,3.0,1.0,0.3333333333333333
2014,Colorado State,Pac-12,4.5,33.2,29.2,0.6,0.961,9.5,10.0,3.0,13.0,6.0,2.0,8.302548697223894,,122.77,86.0,19.0,0.0,0.0,0.0,0.667,1.0,0.293,0.652,0.572,1.0,,,,,,,Jim McElwain,35.916666666666664,23.416666666666668,12.5,12.0,5.0,4.0,0.8
2015,Colorado State,Pac-12,0.5,29.4,30.2,1.3,0.952,7.3,7.0,6.0,13.0,5.0,4.0,6.441830244032991,389.1,101.72,119.0,12.0,0.0,0.0,0.0,0.482,0.013,0.316,0.853,0.414,0.059,,,,,,,Mike Bobo,30.166666666666668,27.166666666666668,3.0,12.0,5.0,3.0,0.6
2016,Colorado State,Pac-12,0.8,33.5,34.0,1.3,0.941,7.5,7.0,6.0,13.0,5.0,3.0,7.419433515851126,412.28,150.5,76.0,17.0,0.0,0.0,0.0,0.517,0.949,0.522,0.279,0.611,0.877,,,,,,,Mike Bobo,34.083333333333336,27.833333333333332,6.25,12.0,4.0,1.0,0.25
2017,Colorado State,Pac-12,3.9,34.6,32.7,2.0,0.925,8.0,7.0,6.0,13.0,5.0,3.0,7.308903842284229,441.98,158.09,73.0,22.0,0.0,0.0,0.0,0.822,0.943,0.902,0.699,0.873,0.91,,,,,,,Mike Bobo,33.833333333333336,27.5,6.333333333333333,12.0,4.0,2.0,0.5
2018,Colorado State,Pac-12,-10.3,27.6,36.7,-1.2,0.918,3.6,3.0,9.0,12.0,2.0,6.0,3.0803722871584927,479.97,152.79,86.0,20.0,0.0,0.0,0.0,0.206,0.0,0.338,0.334,0.232,0.0,,,,,,,Mike Bobo,22.833333333333332,36.75,-13.916666666666666,12.0,3.0,2.0,0.6666666666666666
2019,Colorado State,Pac-12,-3.9,26.1,30.1,0.1,,,4.0,8.0,12.0,3.0,5.0,5.294321956053535,518.83,155.22,84.0,17.0,0.0,0.0,0.0,0.256,0.147,-0.007,0.337,0.396,0.423,,,,,,,Mike Bobo,28.083333333333332,31.166666666666668,-3.0833333333333335,12.0,2.0,0.0,0.0
2020,Colorado State,Pac-12,-6.5,24.2,30.5,,,,1.0,3.0,4.0,1.0,3.0,0.8797982840113602,446.94,142.8,102.0,19.0,0.0,0.0,0.0,0.773,0.778,0.129,0.836,0.751,0.785,,,,,,,Steve Addazio,22.25,35.75,-13.5,4.0,0.0,0.0,
2021,Colorado State,Pac-12,-2.4,23.3,25.9,,,,3.0,9.0,12.0,2.0,6.0,6.1388969211020905,443.16,144.67,89.0,23.0,0.0,0.0,0.0,0.546,-0.285,1.071,0.872,0.69,0.32,6.0,13.0,-7.0,3.69,7.84,-4.15,Steve Addazio,23.666666666666668,28.25,-4.583333333333333,12.0,3.0,0.0,0.0
2022,Colorado State,Pac-12,-22.2,7.8,29.0,-1.0,,,3.0,9.0,12.0,3.0,5.0,4.0196839090231835,431.38,152.84,78.0,16.0,0.0,0.0,0.0,0.277,-0.006,-0.948,0.584,0.422,0.002,11.0,22.0,-11.0,7.409999999999999,11.09,-3.6800000000000006,Jay Norvell,13.166666666666666,26.916666666666668,-13.75,12.0,4.0,2.0,0.5
2023,Colorado State,Pac-12,-8.9,21.9,32.0,1.2,,,5.0,7.0,12.0,3.0,5.0,4.601747971767062,413.96,176.09,70.0,27.0,0.0,0.0,0.0,0.92,1.0,-2.348,0.756,0.825,1.0,10.0,20.0,-10.0,5.08,13.599999999999998,-8.519999999999998,Jay Norvell,26.083333333333332,29.583333333333332,-3.5,12.0,4.0,2.0,0.5
2024,Colorado State,Pac-12,-5.7,24.2,29.2,-0.8,,,8.0,5.0,13.0,6.0,1.0,6.94186753918691,546.04,172.05,69.0,20.0,0.0,0.0,0.0,0.635,0.914,0.91,0.483,0.733,0.945,11.0,19.0,-8.0,6.86,10.899999999999999,-4.039999999999998,Jay Norvell,25.0,24.333333333333332,0.6666666666666666,12.0,3.0,2.0,0.6666666666666666
2025,Colorado State,Pac-12,-15.6,17.6,32.9,-0.3,,,2.0,10.0,12.0,1.0,7.0,3.102715323679149,583.71,140.19,106.0,13.0,0.0,0.0,0.0,0.504,0.85,0.363,0.354,0.649,0.982,18.0,13.0,5.0,11.74,9.45,2.290000000000001,Jay Norvell,18.5,30.833333333333332,-12.333333333333334,12.0,3.0,1.0,0.3333333333333333
2026,Colorado State,Pac-12,-11.6,16.8,28.3,-0.1,,,0.0,0.0,0.0,0.0,0.0,0.0,640.31,188.82,73.0,26.0,0.0,0.0,0.0,0.396,0.23,-0.28,0.584,0.306,0.269,32.0,38.0,-6.0,21.619999999999994,23.490000000000006,-1.8700000000000117,Jim Mora,,,,,,,
2025,Delaware,Conference USA,-10.9,26.2,36.2,-0.9,,,7.0,6.0,13.0,4.0,4.0,5.8037663251161575,242.85,51.97,137.0,20.0,0.0,0.0,0.0,,,,,,,8.0,3.0,5.0,4.85,2.08,2.7699999999999996,Ryan Carty,29.75,32.5,-2.75,12.0,5.0,3.0,0.6
2026,Delaware,Conference USA,-12.9,22.8,35.4,-0.3,,,0.0,0.0,0.0,0.0,0.0,0.0,483.48,167.01,115.0,19.0,0.0,0.0,0.0,0.849,0.963,0.877,0.771,0.917,0.98,13.0,8.0,5.0,9.5,3.7,5.8,Ryan Carty,,,,,,,
2004,Duke,ACC,-7.6,25.1,32.1,,,,2.0,9.0,11.0,1.0,7.0,,,107.79,67.0,18.0,0.0,0.0,0.0,,,,,,,,,,,,,Ted Roof,16.636363636363637,29.272727272727273,-12.636363636363637,11.0,3.0,1.0,0.3333333333333333
2005,Duke,ACC,-20.2,14.7,35.0,,0.891,1.3,1.0,10.0,11.0,0.0,8.0,,,140.17,55.0,15.0,1.0,0.0,0.06666666666666667,,,,,,,,,,,,,Ted Roof,16.09090909090909,37.09090909090909,-21.0,11.0,3.0,0.0,0.0
2006,Duke,ACC,-19.5,13.8,31.6,-1.6,0.869,2.2,0.0,12.0,12.0,0.0,8.0,,,152.48,51.0,20.0,1.0,0.0,0.05,,,,,,,,,,,,,Ted Roof,14.916666666666666,33.833333333333336,-18.916666666666668,12.0,3.0,0.0,0.0
2007,Duke,ACC,-22.0,15.7,34.8,-2.9,0.903,2.0,1.0,11.0,12.0,0.0,8.0,,,126.41,77.0,18.0,0.0,0.0,0.0,,,,,,,,,,,,,Ted Roof,17.916666666666668,33.166666666666664,-15.25,12.0,4.0,1.0,0.25
2008,Duke,ACC,-6.7,17.8,24.9,0.4,0.947,4.8,4.0,8.0,12.0,1.0,7.0,,,145.79,67.0,12.0,1.0,0.0,0.08333333333333333,,,,,,,,,,,,,David Cutcliffe,20.083333333333332,23.416666666666668,-3.3333333333333335,12.0,3.0,1.0,0.3333333333333333
2009,Duke,ACC,-6.1,22.5,28.4,-0.2,0.882,5.3,5.0,7.0,12.0,3.0,5.0,,,181.94,54.0,21.0,1.0,0.0,0.047619047619047616,,,,,,,,,,,,,David Cutcliffe,25.166666666666668,28.333333333333332,-3.1666666666666665,12.0,1.0,1.0,1.0
2010,Duke,ACC,-9.6,23.8,34.3,1.0,0.855,4.2,3.0,9.0,12.0,1.0,7.0,5.011058603750812,,171.81,73.0,17.0,0.0,0.0,0.0,,,,,,,,,,,,,David Cutcliffe,25.25,35.416666666666664,-10.166666666666666,12.0,6.0,2.0,0.3333333333333333
2011,Duke,ACC,-13.3,23.1,35.5,-0.9,0.891,3.6,3.0,9.0,12.0,1.0,7.0,4.842901921351564,,149.33,63.0,17.0,0.0,0.0,0.0,,,,,,,,,,,,,David Cutcliffe,22.5,31.166666666666668,-8.666666666666666,12.0,6.0,2.0,0.3333333333333333
2012,Duke,ACC,-7.1,28.3,36.4,1.0,0.875,5.2,6.0,7.0,13.0,3.0,5.0,6.290032361381943,,165.02,62.0,20.0,0.0,0.0,0.0,,,,,,,,,,,,,David Cutcliffe,31.333333333333332,35.0,-3.6666666666666665,12.0,3.0,2.0,0.6666666666666666
2013,Duke,ACC,5.0,32.0,27.2,0.1,0.874,8.5,10.0,4.0,14.0,6.0,3.0,7.333141068095718,,148.96,71.0,17.0,0.0,0.0,0.0,,,,,,,,,,,,,David Cutcliffe,31.615384615384617,24.692307692307693,6.923076923076923,13.0,5.0,4.0,0.8
2014,Duke,ACC,7.0,29.6,25.1,2.5,0.929,7.4,9.0,4.0,13.0,5.0,3.0,7.606862373535099,,166.35,61.0,11.0,0.0,0.0,0.0,0.782,0.728,0.358,0.875,0.728,0.693,,,,,,,David Cutcliffe,32.5,20.583333333333332,11.916666666666666,12.0,4.0,3.0,0.75
2015,Duke,ACC,3.4,27.0,21.5,-2.0,0.907,6.1,8.0,5.0,13.0,4.0,4.0,6.658362356099072,563.19,175.77,52.0,6.0,1.0,0.0,0.16666666666666666,0.394,0.218,0.652,0.298,0.37,0.04,,,,,,,David Cutcliffe,30.5,24.083333333333332,6.416666666666667,12.0,4.0,3.0,0.75
2016,Duke,ACC,-2.8,26.8,27.6,-2.0,0.856,4.0,4.0,8.0,12.0,1.0,7.0,4.72572853257184,599.82,204.67,33.0,23.0,4.0,0.0,0.17391304347826086,0.693,0.9,0.953,0.527,0.753,0.99,,,,,,,David Cutcliffe,23.333333333333332,28.166666666666668,-4.833333333333333,12.0,5.0,3.0,0.6
2017,Duke,ACC,6.1,25.5,19.2,-0.2,0.873,7.0,7.0,6.0,13.0,3.0,5.0,7.447559235468098,627.62,184.46,47.0,23.0,1.0,0.0,0.043478260869565216,0.827,1.0,0.881,0.724,0.809,1.0,,,,,,,David Cutcliffe,25.75,20.75,5.0,12.0,4.0,0.0,0.0
2018,Duke,ACC,5.0,30.5,25.0,-0.5,0.901,6.8,8.0,5.0,13.0,3.0,5.0,7.4420592514310995,635.63,176.85,63.0,16.0,1.0,0.0,0.0625,0.85,1.102,0.77,0.866,0.835,0.992,,,,,,,David Cutcliffe,27.166666666666668,27.416666666666668,-0.25,12.0,1.0,1.0,1.0
2019,Duke,ACC,-1.8,19.7,23.0,1.5,,,5.0,7.0,12.0,3.0,5.0,5.090007639346648,633.24,191.38,49.0,21.0,1.0,0.0,0.047619047619047616,0.289,0.058,0.427,0.327,0.391,0.167,,,,,,,David Cutcliffe,25.25,29.166666666666668,-3.9166666666666665,12.0,2.0,0.0,0.0
2020,Duke,ACC,-4.2,21.4,25.5,,,,2.0,9.0,11.0,1.0,9.0,2.163262300610285,617.12,171.72,61.0,18.0,0.0,0.0,0.0,0.377,-0.362,-0.243,0.615,0.476,0.047,,,,,,,David Cutcliffe,24.818181818181817,38.09090909090909,-13.272727272727273,11.0,1.0,0.0,0.0
2021,Duke,ACC,-13.5,23.4,36.3,,,,3.0,9.0,12.0,0.0,8.0,4.0545194639079085,605.57,176.16,58.0,18.0,0.0,0.0,0.0,0.682,0.078,0.99,0.778,0.379,0.086,8.0,9.0,-1.0,2.8,5.73,-2.9300000000000006,David Cutcliffe,22.833333333333332,39.75,-16.916666666666668,12.0,3.0,1.0,0.3333333333333333
2022,Duke,ACC,5.0,29.4,24.7,0.3,,,9.0,4.0,13.0,5.0,3.0,8.388743574134134,603.98,186.78,52.0,18.0,1.0,0.0,0.05555555555555555,0.376,0.071,0.468,0.533,0.329,0.218,8.0,13.0,-5.0,4.55,9.35,-4.8,Mike Elko,33.083333333333336,22.833333333333332,10.25,12.0,5.0,2.0,0.4
2023,Duke,ACC,9.4,27.3,19.5,1.5,,,8.0,5.0,13.0,4.0,4.0,6.941561596412663,620.9,191.8,56.0,26.0,0.0,0.0,0.0,0.989,1.0,1.005,0.972,0.991,1.0,6.0,16.0,-10.0,5.19,10.040000000000001,-4.8500000000000005,Mike Elko,27.75,19.75,8.0,12.0,4.0,1.0,0.25
2024,Duke,ACC,5.6,26.7,21.3,0.2,,,9.0,4.0,13.0,5.0,3.0,7.012492966063774,635.89,183.9,61.0,18.0,1.0,0.0,0.05555555555555555,0.496,0.533,0.221,0.567,0.496,0.525,18.0,21.0,-3.0,13.790000000000001,14.07,-0.27999999999999936,Manny Diaz,26.833333333333332,22.166666666666668,4.666666666666667,12.0,7.0,6.0,0.8571428571428571
2025,Duke,ACC,6.6,34.8,29.2,1.1,,,9.0,5.0,14.0,6.0,2.0,7.797623118385673,669.18,220.94,30.0,28.0,4.0,0.0,0.14285714285714285,0.179,0.017,0.479,0.288,0.267,0.101,9.0,13.0,-4.0,7.72,8.979999999999999,-1.259999999999999,Manny Diaz,34.0,28.692307692307693,5.3076923076923075,13.0,5.0,3.0,0.6
2026,Duke,ACC,5.6,32.8,27.6,0.4,,,0.0,0.0,0.0,0.0,0.0,0.0,668.47,189.26,71.0,15.0,2.0,0.0,0.13333333333333333,0.171,0.041,0.432,0.203,0.22,0.004,19.0,17.0,2.0,16.27,13.769999999999998,2.5000000000000018,Manny Diaz,,,,,,,
2004,East Carolina,American Athletic,-18.9,29.0,42.8,,,,2.0,9.0,11.0,2.0,8.0,,,102.81,69.0,20.0,0.0,0.0,0.0,,,,,,,,,,,,,John Thompson,21.0,39.90909090909091,-18.90909090909091,11.0,3.0,1.0,0.3333333333333333
2005,East Carolina,American Athletic,-4.6,27.3,31.9,,0.965,6.0,5.0,6.0,11.0,4.0,4.0,,,47.3,109.0,21.0,0.0,0.0,0.0,,,,,,,,,,,,,Skip Holtz,24.272727272727273,28.818181818181817,-4.545454545454546,11.0,5.0,3.0,0.6
2006,East Carolina,American Athletic,-0.9,23.6,24.3,-0.2,0.928,7.0,7.0,6.0,13.0,5.0,3.0,,,115.08,72.0,18.0,0.0,0.0,0.0,,,,,,,,,,,,,Skip Holtz,22.75,20.5,2.25,12.0,5.0,2.0,0.4
2007,East Carolina,American Athletic,-0.7,29.6,29.0,-1.3,0.912,7.0,8.0,5.0,13.0,6.0,2.0,,,118.48,84.0,22.0,0.0,0.0,0.0,,,,,,,,,,,,,Skip Holtz,30.166666666666668,29.75,0.4166666666666667,12.0,4.0,3.0,0.75
2008,East Carolina,American Athletic,1.3,21.9,20.2,-0.3,0.971,8.5,9.0,5.0,14.0,7.0,2.0,,,119.53,86.0,18.0,0.0,0.0,0.0,,,,,,,,,,,,,Skip Holtz,23.76923076923077,20.76923076923077,3.0,13.0,7.0,6.0,0.8571428571428571
2009,East Carolina,American Athletic,-2.3,24.5,26.7,-0.1,0.911,7.4,9.0,5.0,14.0,8.0,1.0,,,124.38,97.0,16.0,0.0,0.0,0.0,,,,,,,,,,,,,Skip Holtz,27.76923076923077,22.076923076923077,5.6923076923076925,13.0,6.0,5.0,0.8333333333333334
2010,East Carolina,American Athletic,-5.3,33.2,39.7,1.3,0.919,5.7,6.0,7.0,13.0,5.0,3.0,5.898645325302546,,152.95,83.0,14.0,0.0,0.0,0.0,,,,,,,,,,,,,Ruffin McNeill,38.166666666666664,43.416666666666664,-5.25,12.0,4.0,3.0,0.75
2011,East Carolina,American Athletic,-3.0,26.8,29.8,0.0,0.918,5.6,5.0,7.0,12.0,4.0,4.0,4.88693882333008,,138.07,72.0,20.0,0.0,0.0,0.0,,,,,,,,,,,,,Ruffin McNeill,26.25,32.25,-6.0,12.0,6.0,3.0,0.5
2012,East Carolina,American Athletic,-5.5,27.5,33.0,-0.1,0.955,6.0,8.0,5.0,13.0,7.0,1.0,5.945923202937081,,133.06,80.0,11.0,0.0,0.0,0.0,,,,,,,,,,,,,Ruffin McNeill,31.25,30.666666666666668,0.5833333333333334,12.0,3.0,3.0,1.0
2013,East Carolina,American Athletic,7.5,33.3,23.8,-2.0,0.963,11.0,10.0,3.0,13.0,6.0,2.0,8.757072932425181,,146.66,73.0,23.0,0.0,0.0,0.0,,,,,,,,,,,,,Ruffin McNeill,40.416666666666664,25.166666666666668,15.25,12.0,3.0,1.0,0.3333333333333333
2014,East Carolina,American Athletic,8.5,34.7,24.6,-1.5,0.937,10.7,8.0,5.0,13.0,5.0,3.0,9.965940922433367,,136.87,76.0,24.0,0.0,0.0,0.0,0.827,1.0,0.527,0.695,0.744,1.0,,,,,,,Ruffin McNeill,37.166666666666664,25.666666666666668,11.5,12.0,2.0,1.0,0.5
2015,East Carolina,American Athletic,-0.5,28.6,27.9,-1.2,0.919,6.2,5.0,7.0,12.0,3.0,5.0,5.537777171562683,403.62,126.85,93.0,7.0,0.0,0.0,0.0,0.188,0.021,0.442,0.252,0.246,0.018,,,,,,,Ruffin McNeill,27.416666666666668,26.0,1.4166666666666667,12.0,5.0,1.0,0.2
2016,East Carolina,American Athletic,-9.0,27.2,35.1,-1.1,0.92,3.9,3.0,9.0,12.0,1.0,7.0,2.887529162185359,442.26,146.62,79.0,22.0,0.0,0.0,0.0,0.472,0.133,0.808,0.668,0.392,0.215,,,,,,,Scottie Montgomery,27.0,36.083333333333336,-9.083333333333334,12.0,2.0,1.0,0.5
2017,East Carolina,American Athletic,-14.0,27.2,41.8,0.5,0.914,2.4,3.0,9.0,12.0,2.0,6.0,3.0560250056536815,471.1,144.55,79.0,18.0,0.0,0.0,0.0,0.442,0.385,0.157,0.521,0.42,0.359,,,,,,,Scottie Montgomery,24.916666666666668,45.0,-20.083333333333332,12.0,2.0,1.0,0.5
2018,East Carolina,American Athletic,-14.9,18.3,34.2,1.0,0.936,3.8,3.0,9.0,12.0,1.0,7.0,4.714698245994893,434.48,147.43,89.0,22.0,0.0,0.0,0.0,0.267,0.082,0.589,0.39,0.282,0.004,,,,,,,David Blackwell,22.75,37.333333333333336,-14.583333333333334,12.0,4.0,1.0,0.25
2019,East Carolina,American Athletic,-14.0,24.0,38.1,0.2,,,4.0,8.0,12.0,1.0,7.0,3.533423533427293,468.23,158.4,78.0,19.0,0.0,0.0,0.0,0.803,1.145,2.792,0.581,0.735,0.974,,,,,,,Mike Houston,26.75,33.666666666666664,-6.916666666666667,12.0,3.0,2.0,0.6666666666666666
2020,East Carolina,American Athletic,-11.0,26.0,37.1,,,,3.0,6.0,9.0,3.0,5.0,3.8825095760912296,528.47,163.06,70.0,27.0,1.0,0.0,0.037037037037037035,1.001,1.0,1.0,1.0,1.0,1.0,,,,,,,Mike Houston,30.22222222222222,35.44444444444444,-5.222222222222222,9.0,2.0,0.0,0.0
2021,East Carolina,American Athletic,0.5,27.4,28.3,,,,7.0,5.0,12.0,5.0,3.0,5.670479134411131,516.06,139.28,96.0,12.0,0.0,0.0,0.0,1.001,1.0,1.0,1.0,1.0,1.0,11.0,14.0,-3.0,6.799999999999999,6.4,0.3999999999999986,Mike Houston,29.666666666666668,26.25,3.4166666666666665,12.0,7.0,4.0,0.5714285714285714
2022,East Carolina,American Athletic,1.1,31.5,28.7,-1.7,,,8.0,5.0,13.0,4.0,4.0,7.976078563945352,494.82,143.29,85.0,14.0,0.0,0.0,0.0,0.747,0.913,1.07,0.594,0.873,0.986,14.0,28.0,-14.0,9.129999999999999,15.379999999999995,-6.2499999999999964,Mike Houston,30.833333333333332,27.0,3.8333333333333335,12.0,6.0,3.0,0.5
2023,East Carolina,American Athletic,-12.8,15.4,28.1,-0.1,,,2.0,10.0,12.0,1.0,7.0,3.4861740337285267,563.94,180.54,65.0,21.0,1.0,0.0,0.047619047619047616,0.088,0.016,-0.255,0.202,0.209,0.03,17.0,25.0,-8.0,12.99,14.92,-1.9299999999999997,Mike Houston,17.333333333333332,22.416666666666668,-5.083333333333333,12.0,4.0,0.0,0.0
2024,East Carolina,American Athletic,-1.0,28.5,29.7,0.2,,,8.0,5.0,13.0,5.0,3.0,7.023829245479379,611.66,171.38,73.0,20.0,0.0,0.0,0.0,0.328,-0.101,-0.924,0.48,0.327,0.005,17.0,33.0,-16.0,13.58,18.259999999999998,-4.679999999999998,Blake Harrell,32.5,27.833333333333332,4.666666666666667,12.0,3.0,2.0,0.6666666666666666
2025,East Carolina,American Athletic,8.0,32.6,24.0,-0.5,,,9.0,4.0,13.0,6.0,2.0,8.686512738582678,611.55,172.8,77.0,20.0,0.0,0.0,0.0,0.506,0.762,0.336,0.438,0.453,0.542,24.0,31.0,-7.0,13.19,16.929999999999996,-3.7399999999999967,Blake Harrell,33.5,20.333333333333332,13.166666666666666,12.0,3.0,1.0,0.3333333333333333
2026,East Carolina,American Athletic,-2.3,24.1,26.3,-0.2,,,0.0,0.0,0.0,0.0,0.0,0.0,623.79,178.99,94.0,16.0,0.0,0.0,0.0,0.136,0.0,0.268,0.195,0.136,0.0,24.0,26.0,-2.0,14.089999999999998,17.580000000000002,-3.4900000000000038,Blake Harrell,,,,,,,
2004,Eastern Michigan,Mid-American,-20.2,35.6,50.8,,,,4.0,7.0,11.0,4.0,4.0,,,72.7,105.0,18.0,0.0,0.0,0.0,,,,,,,,,,,,,Jeff Genyk,29.818181818181817,41.63636363636363,-11.818181818181818,11.0,6.0,4.0,0.6666666666666666
2005,Eastern Michigan,Mid-American,-18.5,19.0,37.5,,0.959,4.6,4.0,7.0,11.0,3.0,5.0,,,28.36,115.0,18.0,0.0,0.0,0.0,,,,,,,,,,,,,Jeff Genyk,21.818181818181817,26.818181818181817,-5.0,11.0,5.0,2.0,0.4
2006,Eastern Michigan,Mid-American,-22.0,10.6,33.5,0.9,0.978,2.3,1.0,11.0,12.0,1.0,7.0,,,49.67,112.0,20.0,0.0,0.0,0.0,,,,,,,,,,,,,Jeff Genyk,13.916666666666666,26.833333333333332,-12.916666666666666,12.0,5.0,1.0,0.2
2007,Eastern Michigan,Mid-American,-24.8,18.0,41.5,-1.3,0.964,3.1,4.0,8.0,12.0,3.0,4.0,,,69.38,111.0,21.0,0.0,0.0,0.0,,,,,,,,,,,,,Jeff Genyk,24.166666666666668,31.166666666666668,-7.0,12.0,4.0,2.0,0.5
2008,Eastern Michigan,Mid-American,-22.0,21.3,41.2,-2.1,0.971,3.1,3.0,9.0,12.0,2.0,6.0,,,77.66,110.0,21.0,0.0,0.0,0.0,,,,,,,,,,,,,Jeff Genyk,25.75,35.583333333333336,-9.833333333333334,12.0,5.0,2.0,0.4
2009,Eastern Michigan,Mid-American,-32.7,11.7,42.3,-2.1,0.957,1.0,0.0,12.0,12.0,0.0,8.0,,,102.1,104.0,13.0,0.0,0.0,0.0,,,,,,,,,,,,,Ron English,16.416666666666668,38.25,-21.833333333333332,12.0,3.0,0.0,0.0
2010,Eastern Michigan,Mid-American,-29.2,18.2,44.8,-2.7,0.933,2.7,2.0,10.0,12.0,2.0,6.0,2.9652255549058633,,110.9,111.0,16.0,0.0,0.0,0.0,,,,,,,,,,,,,Ron English,19.0,43.916666666666664,-24.916666666666668,12.0,4.0,2.0,0.5
2011,Eastern Michigan,Mid-American,-15.3,16.1,31.4,-0.1,0.949,6.4,6.0,6.0,12.0,4.0,4.0,6.974643228408385,,53.69,111.0,10.0,0.0,0.0,0.0,,,,,,,,,,,,,Ron English,21.25,24.333333333333332,-3.0833333333333335,12.0,6.0,3.0,0.5
2012,Eastern Michigan,Mid-American,-23.0,17.9,42.2,1.2,0.961,2.2,2.0,10.0,12.0,1.0,7.0,3.734016685085988,,96.95,108.0,21.0,0.0,0.0,0.0,,,,,,,,,,,,,Ron English,21.333333333333332,37.583333333333336,-16.25,12.0,3.0,1.0,0.3333333333333333
2013,Eastern Michigan,Mid-American,-35.7,17.8,50.4,-3.1,0.964,1.4,2.0,10.0,12.0,1.0,7.0,4.235040322768298,,98.58,113.0,17.0,0.0,0.0,0.0,,,,,,,,,,,,,Ron English,18.833333333333332,45.166666666666664,-26.333333333333332,12.0,1.0,1.0,1.0
2014,Eastern Michigan,Mid-American,-25.9,17.8,42.7,-0.9,0.934,1.4,2.0,10.0,12.0,1.0,7.0,1.2637453533840954,,84.89,124.0,16.0,0.0,0.0,0.0,0.737,0.137,0.714,0.856,0.659,0.336,,,,,,,Chris Creighton,15.166666666666666,40.916666666666664,-25.75,12.0,1.0,1.0,1.0
2015,Eastern Michigan,Mid-American,-19.7,25.6,45.5,0.1,0.944,2.1,1.0,11.0,12.0,0.0,8.0,1.645040147652935,341.36,110.15,115.0,22.0,0.0,0.0,0.0,0.78,-3.175,2.615,0.369,0.49,0.672,,,,,,,Chris Creighton,25.416666666666668,42.083333333333336,-16.666666666666668,12.0,2.0,0.0,0.0
2016,Eastern Michigan,Mid-American,-8.2,28.3,36.6,0.1,0.956,6.2,7.0,6.0,13.0,4.0,4.0,7.165027566922423,347.7,102.89,121.0,20.0,0.0,0.0,0.0,0.547,0.987,0.257,0.416,0.583,0.833,,,,,,,Chris Creighton,30.416666666666668,30.333333333333332,0.08333333333333333,12.0,6.0,5.0,0.8333333333333334
2017,Eastern Michigan,Mid-American,-5.3,22.0,26.4,-1.0,0.965,5.8,5.0,7.0,12.0,3.0,5.0,5.522325847114877,292.11,100.97,123.0,24.0,0.0,0.0,0.0,0.806,0.782,0.857,0.812,0.831,0.723,,,,,,,Chris Creighton,26.083333333333332,23.333333333333332,2.75,12.0,9.0,3.0,0.3333333333333333
2018,Eastern Michigan,Mid-American,-2.0,25.5,26.1,-1.5,0.97,8.5,7.0,6.0,13.0,5.0,3.0,7.8434299292249055,344.06,121.54,110.0,18.0,0.0,0.0,0.0,0.154,0.008,0.919,0.263,0.422,0.045,,,,,,,Chris Creighton,27.5,22.0,5.5,12.0,6.0,2.0,0.3333333333333333
2019,Eastern Michigan,Mid-American,-8.6,29.3,37.8,-0.1,,,6.0,7.0,13.0,3.0,5.0,5.984639921912726,317.49,124.99,123.0,20.0,0.0,0.0,0.0,0.648,0.446,1.244,0.707,0.554,0.291,,,,,,,Chris Creighton,29.083333333333332,30.333333333333332,-1.25,12.0,6.0,4.0,0.6666666666666666
2020,Eastern Michigan,Mid-American,-12.2,28.3,40.5,,,,2.0,4.0,6.0,2.0,4.0,2.487199454676494,246.82,136.77,115.0,22.0,0.0,0.0,0.0,0.364,0.132,0.123,0.56,0.297,0.15,,,,,,,Chris Creighton,33.166666666666664,36.0,-2.8333333333333335,6.0,2.0,0.0,0.0
2021,Eastern Michigan,Mid-American,-7.8,27.2,37.2,,,,7.0,6.0,13.0,4.0,4.0,4.516876848807129,340.6,128.54,112.0,22.0,0.0,0.0,0.0,0.895,1.0,0.983,0.804,0.921,1.0,3.0,12.0,-9.0,1.2,6.2,-5.0,Chris Creighton,31.0,27.833333333333332,3.1666666666666665,12.0,5.0,3.0,0.6
2022,Eastern Michigan,Mid-American,-7.1,24.0,32.4,1.3,,,9.0,4.0,13.0,5.0,3.0,8.267295377093223,404.1,77.97,128.0,5.0,0.0,0.0,0.0,0.504,0.09,0.318,0.81,0.451,0.013,5.0,15.0,-10.0,3.65,7.48,-3.8300000000000005,Chris Creighton,28.833333333333332,28.583333333333332,0.25,12.0,5.0,4.0,0.8
2023,Eastern Michigan,Mid-American,-12.3,13.0,26.8,1.5,,,6.0,7.0,13.0,4.0,4.0,4.53850427462027,377.07,158.7,87.0,20.0,0.0,0.0,0.0,0.503,0.281,0.946,0.409,0.536,0.3,5.0,10.0,-5.0,2.8000000000000003,6.160000000000001,-3.3600000000000008,Chris Creighton,20.333333333333332,24.0,-3.6666666666666665,12.0,4.0,2.0,0.5
2024,Eastern Michigan,Mid-American,-13.3,20.5,34.3,0.5,,,5.0,7.0,12.0,2.0,6.0,3.224629329317106,508.73,156.11,93.0,21.0,0.0,0.0,0.0,0.206,0.0,-0.118,0.385,0.112,0.0,21.0,24.0,-3.0,15.88,14.679999999999998,1.2000000000000028,Chris Creighton,25.916666666666668,27.916666666666668,-2.0,12.0,4.0,2.0,0.5
2025,Eastern Michigan,Mid-American,-14.7,19.4,34.1,0.1,,,4.0,8.0,12.0,3.0,5.0,4.180145688354969,572.9,151.82,97.0,19.0,0.0,0.0,0.0,0.249,0.04,0.036,0.352,0.124,0.024,20.0,30.0,-10.0,10.4,18.95,-8.549999999999999,Chris Creighton,24.083333333333332,29.75,-5.666666666666667,12.0,6.0,3.0,0.5
2026,Eastern Michigan,Mid-American,-16.1,17.2,33.4,0.0,,,0.0,0.0,0.0,0.0,0.0,0.0,580.64,175.41,106.0,30.0,0.0,0.0,0.0,0.721,0.974,0.486,0.635,0.587,0.995,12.0,26.0,-14.0,7.51,13.339999999999996,-5.8299999999999965,Chris Creighton,,,,,,,
2004,Florida,SEC,17.1,39.4,25.0,,,,7.0,5.0,12.0,4.0,4.0,,,273.5,5.0,9.0,8.0,2.0,0.8888888888888888,,,,,,,,,,,,,Charlie Strong,33.81818181818182,20.545454545454547,13.272727272727273,11.0,5.0,1.0,0.2
2005,Florida,SEC,6.7,26.3,19.6,,0.88,7.7,9.0,3.0,12.0,5.0,3.0,,,220.98,12.0,3.0,2.0,0.0,0.6666666666666666,,,,,,,,,,,,,Urban Meyer,28.363636363636363,18.363636363636363,10.0,11.0,3.0,2.0,0.6666666666666666
2006,Florida,SEC,26.5,36.0,8.4,-1.1,0.785,11.7,13.0,1.0,14.0,8.0,1.0,,,294.83,2.0,20.0,18.0,3.0,0.9,,,,,,,,,,,,,Urban Meyer,28.846153846153847,13.461538461538462,15.384615384615385,13.0,5.0,5.0,1.0
2007,Florida,SEC,28.8,50.1,21.9,0.7,0.83,10.4,9.0,4.0,13.0,5.0,3.0,,,313.05,1.0,18.0,16.0,6.0,0.8888888888888888,,,,,,,,,,,,,Urban Meyer,43.083333333333336,24.166666666666668,18.916666666666668,12.0,3.0,1.0,0.3333333333333333
2008,Florida,SEC,34.7,43.7,11.2,2.2,0.865,13.1,13.0,1.0,14.0,8.0,1.0,,,286.27,5.0,16.0,15.0,2.0,0.9375,,,,,,,,,,,,,Urban Meyer,45.15384615384615,12.846153846153847,32.30769230769231,13.0,1.0,0.0,0.0
2009,Florida,SEC,32.8,39.4,8.0,1.5,0.83,12.6,13.0,1.0,14.0,8.0,1.0,,,270.42,7.0,10.0,9.0,4.0,0.9,,,,,,,,,,,,,Urban Meyer,34.69230769230769,11.538461538461538,23.153846153846153,13.0,1.0,1.0,1.0
2010,Florida,SEC,14.0,29.3,15.6,0.2,0.819,7.0,8.0,5.0,13.0,4.0,4.0,7.632704449701576,,324.62,1.0,27.0,22.0,5.0,0.8148148148148148,,,,,,,,,,,,,Urban Meyer,29.25,21.083333333333332,8.166666666666666,12.0,3.0,1.0,0.3333333333333333
2011,Florida,SEC,14.7,28.6,15.9,2.0,0.808,7.0,7.0,6.0,13.0,3.0,5.0,7.611982908170353,,258.24,11.0,17.0,12.0,1.0,0.7058823529411765,,,,,,,,,,,,,Will Muschamp,25.583333333333332,20.583333333333332,5.0,12.0,3.0,1.0,0.3333333333333333
2012,Florida,SEC,28.0,32.2,6.6,2.5,0.806,10.4,11.0,2.0,13.0,7.0,1.0,7.844315522884748,,290.27,3.0,21.0,14.0,3.0,0.6666666666666666,,,,,,,,,,,,,Will Muschamp,26.75,12.916666666666666,13.833333333333334,12.0,3.0,3.0,1.0
2013,Florida,SEC,9.0,25.8,15.9,-0.9,0.801,5.4,4.0,8.0,12.0,3.0,5.0,5.847189805469399,,291.89,3.0,26.0,15.0,2.0,0.5769230769230769,,,,,,,,,,,,,Will Muschamp,18.833333333333332,21.083333333333332,-2.25,12.0,4.0,0.0,0.0
2014,Florida,SEC,17.3,29.8,14.1,1.6,0.777,7.4,7.0,5.0,12.0,4.0,4.0,7.219230018654591,,267.4,9.0,18.0,9.0,1.0,0.5,0.436,0.413,1.73,0.514,0.639,0.377,,,,,,,D.J. Durkin,30.454545454545453,21.181818181818183,9.272727272727273,11.0,5.0,2.0,0.4
2015,Florida,SEC,13.8,26.7,15.8,2.8,0.799,8.7,10.0,4.0,14.0,7.0,2.0,9.062808468675803,789.79,227.46,21.0,13.0,5.0,2.0,0.38461538461538464,0.522,0.634,0.262,0.543,0.426,0.346,,,,,,,Jim McElwain,24.46153846153846,16.53846153846154,7.923076923076923,13.0,6.0,5.0,0.8333333333333334
2016,Florida,SEC,15.4,26.6,14.0,2.8,0.837,7.9,9.0,4.0,13.0,6.0,3.0,8.494063327585629,798.44,260.96,12.0,21.0,8.0,0.0,0.38095238095238093,0.311,0.119,-0.023,0.483,0.218,0.016,,,,,,,Jim McElwain,23.416666666666668,17.916666666666668,5.5,12.0,2.0,2.0,1.0
2017,Florida,SEC,10.1,30.8,22.4,1.7,0.818,5.1,4.0,7.0,11.0,3.0,5.0,3.5872715167912084,793.83,251.23,11.0,24.0,11.0,0.0,0.4583333333333333,0.802,0.706,0.81,0.847,0.727,0.485,,,,,,,Jim McElwain,22.09090909090909,27.272727272727273,-5.181818181818182,11.0,4.0,2.0,0.5
2018,Florida,SEC,23.0,38.6,17.4,1.7,0.813,9.7,10.0,3.0,13.0,5.0,3.0,9.633407022365226,831.78,259.56,14.0,19.0,12.0,0.0,0.631578947368421,0.704,0.663,0.738,0.707,0.721,0.744,,,,,,,Dan Mullen,34.5,20.416666666666668,14.083333333333334,12.0,2.0,2.0,1.0
2019,Florida,SEC,24.0,37.8,15.5,1.7,,,11.0,2.0,13.0,6.0,2.0,10.832520726503908,835.68,276.85,9.0,25.0,16.0,0.0,0.64,0.857,0.986,0.733,0.87,0.854,0.997,,,,,,,Dan Mullen,33.0,14.416666666666666,18.583333333333332,12.0,2.0,1.0,0.5
2020,Florida,SEC,19.8,43.3,23.9,,,,8.0,4.0,12.0,8.0,3.0,8.036293115788439,809.32,272.99,8.0,25.0,18.0,1.0,0.72,0.572,0.777,0.475,0.441,0.631,0.845,,,,,,,Dan Mullen,41.63636363636363,28.636363636363637,13.0,11.0,3.0,0.0,0.0
2021,Florida,SEC,11.0,35.0,23.2,,,,6.0,7.0,13.0,2.0,6.0,8.255906417446498,885.67,261.62,13.0,21.0,14.0,1.0,0.6666666666666666,0.27,0.044,0.651,0.383,0.41,0.073,7.0,10.0,-3.0,4.67,6.629999999999999,-1.959999999999999,Greg Knox,31.833333333333332,26.583333333333332,5.25,12.0,5.0,1.0,0.2
2022,Florida,SEC,10.4,39.6,29.5,0.3,,,6.0,7.0,13.0,3.0,5.0,6.254924744494766,856.95,232.99,17.0,22.0,7.0,0.0,0.3181818181818182,0.31,0.131,0.27,0.444,0.302,0.164,9.0,18.0,-9.0,7.640000000000001,14.750000000000002,-7.110000000000001,Billy Napier,31.75,28.75,3.0,12.0,6.0,3.0,0.5
2023,Florida,SEC,6.8,31.1,26.0,1.7,,,5.0,7.0,12.0,3.0,5.0,5.9464788624945,845.29,271.43,13.0,21.0,18.0,0.0,0.8571428571428571,0.367,0.087,0.401,0.513,0.438,0.074,12.0,25.0,-13.0,10.649999999999999,20.28,-9.630000000000003,Billy Napier,28.416666666666668,27.583333333333332,0.8333333333333334,12.0,3.0,1.0,0.3333333333333333
2024,Florida,SEC,13.8,31.7,20.0,2.1,,,8.0,5.0,13.0,4.0,4.0,7.748073980235289,894.24,268.25,13.0,19.0,13.0,2.0,0.6842105263157895,0.723,0.906,0.605,0.64,0.718,0.909,15.0,23.0,-8.0,13.390000000000002,17.79,-4.399999999999997,Billy Napier,27.916666666666668,24.333333333333332,3.5833333333333335,12.0,2.0,1.0,0.5
2025,Florida,SEC,3.5,24.5,22.6,1.5,,,4.0,8.0,12.0,2.0,6.0,4.489637300372124,898.58,287.77,7.0,27.0,17.0,1.0,0.6296296296296297,0.537,0.702,0.715,0.36,0.639,0.725,8.0,20.0,-12.0,6.579999999999999,14.489999999999998,-7.909999999999999,Billy Gonzales,21.583333333333332,24.0,-2.4166666666666665,12.0,3.0,1.0,0.3333333333333333
2026,Florida,SEC,15.2,30.4,15.8,0.5,,,0.0,0.0,0.0,0.0,0.0,0.0,891.07,250.98,17.0,19.0,13.0,0.0,0.6842105263157895,0.691,0.943,0.893,0.515,0.79,0.997,27.0,36.0,-9.0,20.7,29.490000000000002,-8.790000000000003,Jon Sumrall,,,,,,,
2004,Florida A&M,SWAC,-37.4,16.3,47.5,,,,6.0,12.0,18.0,0.0,0.0,,,,,,,,,,,,,,,,,,,,,,25.944444444444443,34.72222222222222,-8.777777777777779,18.0,4.0,2.0,0.5
2004,Florida Atlantic,American Athletic,-11.7,18.6,29.2,,,,14.0,3.0,17.0,2.0,0.0,,,15.54,117.0,1.0,0.0,0.0,0.0,,,,,,,,,,,,,Howard Schnellenberger,27.823529411764707,15.705882352941176,12.117647058823529,17.0,7.0,6.0,0.8571428571428571
2005,Florida Atlantic,American Athletic,-24.9,9.8,34.6,,0.946,2.8,2.0,9.0,11.0,2.0,5.0,,,28.65,114.0,4.0,0.0,0.0,0.0,,,,,,,,,,,,,Howard Schnellenberger,13.454545454545455,30.818181818181817,-17.363636363636363,11.0,3.0,1.0,0.3333333333333333
2006,Florida Atlantic,American Athletic,-19.6,9.8,28.2,-1.2,0.928,4.6,5.0,7.0,12.0,4.0,3.0,,,32.72,118.0,20.0,0.0,0.0,0.0,,,,,,,,,,,,,Howard Schnellenberger,15.083333333333334,24.916666666666668,-9.833333333333334,12.0,4.0,2.0,0.5
2007,Florida Atlantic,American Athletic,-12.5,25.1,36.1,-1.5,0.917,6.5,8.0,5.0,13.0,6.0,1.0,,,,,,,,,,,,,,,,,,,,,Howard Schnellenberger,30.083333333333332,33.75,-3.6666666666666665,12.0,5.0,4.0,0.8
2008,Florida Atlantic,American Athletic,-8.5,25.5,33.6,-0.4,0.945,7.0,7.0,6.0,13.0,4.0,3.0,,,,,,,,,,,,,,,,,,,,,Howard Schnellenberger,25.166666666666668,29.333333333333332,-4.166666666666667,12.0,4.0,3.0,0.75
2009,Florida Atlantic,American Athletic,-17.3,25.8,42.6,-0.5,0.95,5.6,5.0,7.0,12.0,5.0,3.0,,,,,,,,,,,,,,,,,,,,,Howard Schnellenberger,27.416666666666668,33.75,-6.333333333333333,12.0,6.0,3.0,0.5
2010,Florida Atlantic,American Athletic,-22.8,14.5,36.6,-0.7,0.961,3.9,4.0,8.0,12.0,3.0,5.0,3.144631699929973,,66.11,118.0,9.0,0.0,0.0,0.0,,,,,,,,,,,,,Howard Schnellenberger,16.833333333333332,29.25,-12.416666666666666,12.0,5.0,3.0,0.6
2011,Florida Atlantic,American Athletic,-30.7,6.6,35.4,-1.9,0.946,1.4,1.0,11.0,12.0,0.0,8.0,2.406678406496022,,60.49,103.0,24.0,0.0,0.0,0.0,,,,,,,,,,,,,Howard Schnellenberger,12.916666666666666,34.666666666666664,-21.75,12.0,2.0,1.0,0.5
2012,Florida Atlantic,American Athletic,-17.9,18.4,33.6,-2.7,0.899,4.7,3.0,9.0,12.0,2.0,6.0,4.667138030859169,,125.72,82.0,18.0,0.0,0.0,0.0,,,,,,,,,,,,,Carl Pelini,20.5,30.833333333333332,-10.333333333333334,12.0,5.0,2.0,0.4
2013,Florida Atlantic,American Athletic,-6.6,18.9,25.0,-0.5,0.936,7.5,6.0,6.0,12.0,4.0,4.0,6.747533860264587,,119.58,96.0,18.0,0.0,0.0,0.0,,,,,,,,,,,,,Carl Pelini,26.416666666666668,22.25,4.166666666666667,12.0,3.0,0.0,0.0
2014,Florida Atlantic,American Athletic,-10.4,25.2,34.9,-0.8,0.908,4.3,3.0,9.0,12.0,2.0,6.0,3.25846009454539,,111.77,94.0,21.0,0.0,0.0,0.0,0.739,1.007,76.667,0.461,0.711,0.994,,,,,,,Charlie Partridge,24.0,34.416666666666664,-10.416666666666666,12.0,6.0,2.0,0.3333333333333333
2015,Florida Atlantic,American Athletic,-9.8,18.8,29.3,0.7,0.945,4.7,3.0,9.0,12.0,3.0,5.0,4.933459088824522,401.61,146.02,79.0,22.0,0.0,0.0,0.0,0.759,1.168,1.284,0.439,0.641,0.84,,,,,,,Charlie Partridge,22.5,28.75,-6.25,12.0,5.0,1.0,0.2
2016,Florida Atlantic,American Athletic,-14.1,28.7,43.5,0.7,0.939,3.7,3.0,9.0,12.0,2.0,6.0,3.367460497306066,408.4,132.74,89.0,19.0,0.0,0.0,0.0,0.415,0.496,0.035,0.528,0.489,0.398,,,,,,,Charlie Partridge,26.416666666666668,39.75,-13.333333333333334,12.0,5.0,1.0,0.2
2017,Florida Atlantic,American Athletic,5.1,34.7,31.3,1.8,0.948,11.1,11.0,3.0,14.0,9.0,0.0,10.80065272450496,470.88,171.18,60.0,18.0,0.0,0.0,0.0,0.901,1.0,0.981,0.808,0.965,1.0,,,,,,,Lane Kiffin,39.84615384615385,24.23076923076923,15.615384615384615,13.0,2.0,1.0,0.5
2018,Florida Atlantic,American Athletic,-0.8,30.8,29.9,-1.8,0.931,6.6,5.0,7.0,12.0,3.0,5.0,5.988194828469562,537.93,163.9,75.0,13.0,0.0,0.0,0.0,0.491,0.019,0.599,0.686,0.458,0.013,,,,,,,Lane Kiffin,31.083333333333332,31.666666666666668,-0.5833333333333334,12.0,4.0,1.0,0.25
2019,Florida Atlantic,American Athletic,-0.6,28.6,29.5,0.2,,,11.0,3.0,14.0,8.0,1.0,11.224353878906097,524.02,178.99,60.0,31.0,0.0,0.0,0.0,0.522,1.062,-0.016,0.644,0.48,0.827,,,,,,,Lane Kiffin,35.23076923076923,22.307692307692307,12.923076923076923,13.0,1.0,0.0,0.0
2020,Florida Atlantic,American Athletic,-0.3,23.2,23.7,,,,5.0,4.0,9.0,4.0,2.0,4.5136392564965275,488.99,162.51,73.0,21.0,0.0,0.0,0.0,0.272,0.05,0.9,0.252,0.385,0.061,,,,,,,Willie Taggart,20.0,16.5,3.5,8.0,2.0,2.0,1.0
2021,Florida Atlantic,American Athletic,-5.2,23.1,28.4,,,,5.0,7.0,12.0,3.0,5.0,6.384624086645985,553.28,153.21,82.0,19.0,0.0,0.0,0.0,0.977,1.0,0.895,1.002,0.94,1.0,7.0,9.0,-2.0,5.029999999999999,2.6,2.4299999999999993,Willie Taggart,25.416666666666668,25.75,-0.3333333333333333,12.0,1.0,1.0,1.0
2022,Florida Atlantic,American Athletic,-7.1,24.4,30.4,-1.1,,,5.0,7.0,12.0,4.0,4.0,7.021202189835405,550.51,94.73,124.0,11.0,0.0,0.0,0.0,0.825,1.081,1.077,0.638,0.746,0.88,12.0,12.0,0.0,8.810000000000002,7.019999999999999,1.7900000000000036,Willie Taggart,29.75,26.583333333333332,3.1666666666666665,12.0,6.0,2.0,0.3333333333333333
2023,Florida Atlantic,American Athletic,-9.4,19.8,27.9,-1.2,,,4.0,8.0,12.0,3.0,5.0,3.923183905309284,582.59,161.44,82.0,20.0,0.0,0.0,0.0,0.446,0.169,0.913,0.524,0.442,0.024,12.0,18.0,-6.0,7.3500000000000005,11.19,-3.839999999999999,Tom Herman,23.75,25.5,-1.75,12.0,5.0,1.0,0.2
2024,Florida Atlantic,American Athletic,-12.7,20.8,32.1,-1.5,,,3.0,9.0,12.0,1.0,7.0,5.428544497529731,592.16,166.84,79.0,16.0,0.0,0.0,0.0,0.027,0.037,-0.107,0.056,0.083,0.036,20.0,34.0,-14.0,15.260000000000002,22.060000000000002,-6.800000000000001,Tom Herman,25.916666666666668,30.25,-4.333333333333333,12.0,3.0,0.0,0.0
2025,Florida Atlantic,American Athletic,-8.7,27.8,38.1,1.5,,,4.0,8.0,12.0,3.0,5.0,4.261233365978114,605.22,163.23,85.0,19.0,0.0,0.0,0.0,0.208,-0.068,0.273,0.256,0.179,0.208,38.0,36.0,2.0,26.220000000000002,21.699999999999996,4.520000000000007,Zach Kittley,29.5,36.333333333333336,-6.833333333333333,12.0,2.0,1.0,0.5
2026,Florida Atlantic,American Athletic,-6.1,27.7,34.3,0.5,,,0.0,0.0,0.0,0.0,0.0,0.0,593.36,157.5,130.0,11.0,0.0,0.0,0.0,0.684,0.934,1.068,0.475,0.65,0.908,22.0,30.0,-8.0,12.279999999999998,17.729999999999997,-5.449999999999999,Zach Kittley,,,,,,,
2004,Florida International,Conference USA,-27.8,24.5,45.4,,,,6.0,10.0,16.0,0.0,1.0,,,4.44,120.0,2.0,0.0,0.0,0.0,,,,,,,,,,,,,Don Strock,26.6875,31.625,-4.9375,16.0,7.0,4.0,0.5714285714285714
2005,Florida International,Conference USA,-23.5,15.3,38.7,,0.959,5.0,5.0,6.0,11.0,3.0,4.0,,,26.01,116.0,6.0,0.0,0.0,0.0,,,,,,,,,,,,,Don Strock,23.363636363636363,29.363636363636363,-6.0,11.0,5.0,3.0,0.6
2006,Florida International,Conference USA,-29.7,-0.5,26.5,-2.7,0.947,2.8,0.0,12.0,12.0,0.0,7.0,,,90.73,94.0,22.0,0.0,0.0,0.0,,,,,,,,,,,,,Don Strock,9.583333333333334,26.083333333333332,-16.5,12.0,5.0,0.0,0.0
2007,Florida International,Conference USA,-32.9,9.6,40.9,-1.6,0.907,1.8,1.0,11.0,12.0,1.0,6.0,,,93.66,98.0,17.0,0.0,0.0,0.0,,,,,,,,,,,,,Mario Cristobal,15.083333333333334,39.083333333333336,-24.0,12.0,1.0,0.0,0.0
2008,Florida International,Conference USA,-17.3,15.0,31.2,-1.1,0.95,5.6,5.0,7.0,12.0,3.0,4.0,,,123.67,84.0,23.0,0.0,0.0,0.0,,,,,,,,,,,,,Mario Cristobal,24.666666666666668,28.333333333333332,-3.6666666666666665,12.0,3.0,1.0,0.3333333333333333
2009,Florida International,Conference USA,-30.3,12.6,42.6,-0.3,0.893,2.2,3.0,9.0,12.0,3.0,5.0,,,152.22,77.0,23.0,0.0,0.0,0.0,,,,,,,,,,,,,Mario Cristobal,22.916666666666668,35.333333333333336,-12.416666666666666,12.0,3.0,2.0,0.6666666666666666
2010,Florida International,Conference USA,-12.3,20.8,33.5,0.3,0.954,7.3,7.0,6.0,13.0,6.0,2.0,4.857302488499182,,153.54,82.0,18.0,1.0,0.0,0.05555555555555555,,,,,,,,,,,,,Mario Cristobal,28.333333333333332,26.916666666666668,1.4166666666666667,12.0,6.0,3.0,0.5
2011,Florida International,Conference USA,-8.5,17.5,26.9,0.9,0.982,8.0,8.0,5.0,13.0,5.0,3.0,6.674607509427999,,76.24,92.0,23.0,0.0,0.0,0.0,,,,,,,,,,,,,Mario Cristobal,26.25,19.416666666666668,6.833333333333333,12.0,6.0,3.0,0.5
2012,Florida International,Conference USA,-12.7,23.5,34.6,-1.7,0.969,6.0,3.0,9.0,12.0,2.0,6.0,6.448247315729456,,134.46,79.0,28.0,0.0,0.0,0.0,,,,,,,,,,,,,Mario Cristobal,25.0,31.666666666666668,-6.666666666666667,12.0,5.0,1.0,0.2
2013,Florida International,Conference USA,-38.9,6.4,43.4,-1.9,0.936,0.9,1.0,11.0,12.0,1.0,7.0,2.28978223573374,,98.08,114.0,18.0,0.0,0.0,0.0,,,,,,,,,,,,,Ron Turner,9.75,37.0,-27.25,12.0,2.0,1.0,0.5
2014,Florida International,Conference USA,-16.2,15.0,30.3,-0.9,0.938,3.5,4.0,8.0,12.0,3.0,5.0,2.7907186842611673,,100.66,109.0,25.0,0.0,0.0,0.0,1.076,1.867,0.558,0.832,0.584,0.453,,,,,,,Ron Turner,23.0,24.833333333333332,-1.8333333333333333,12.0,4.0,0.0,0.0
2015,Florida International,Conference USA,-16.6,21.7,36.5,-1.9,0.96,4.1,5.0,7.0,12.0,3.0,5.0,4.916877240439448,360.11,120.42,100.0,23.0,0.0,0.0,0.0,0.669,0.99,0.942,0.585,0.855,0.877,,,,,,,Ron Turner,25.5,29.833333333333332,-4.333333333333333,12.0,1.0,1.0,1.0
2016,Florida International,Conference USA,-19.0,25.0,42.2,-1.8,0.955,3.2,4.0,8.0,12.0,4.0,4.0,3.973585622751035,362.84,119.8,104.0,24.0,0.0,0.0,0.0,0.711,0.964,0.981,0.545,0.827,0.958,,,,,,,Ron Turner,24.0,34.833333333333336,-10.833333333333334,12.0,3.0,2.0,0.6666666666666666
2017,Florida International,Conference USA,-10.4,24.0,35.0,0.7,0.964,6.4,8.0,5.0,13.0,5.0,3.0,7.005399537767896,334.18,137.75,83.0,20.0,0.0,0.0,0.0,0.72,0.954,1.0,0.566,0.931,0.998,,,,,,,Butch Davis,27.5,28.5,-1.0,12.0,5.0,4.0,0.8
2018,Florida International,Conference USA,-7.4,26.7,34.7,0.6,0.971,7.4,9.0,4.0,13.0,6.0,2.0,9.413844191738534,476.52,173.58,69.0,21.0,0.0,0.0,0.0,0.225,-0.109,0.299,0.411,0.343,0.115,,,,,,,Butch Davis,34.583333333333336,24.666666666666668,9.916666666666666,12.0,3.0,2.0,0.6666666666666666
2019,Florida International,Conference USA,-7.0,22.0,29.4,0.4,,,6.0,7.0,13.0,3.0,5.0,7.661308841162943,532.88,152.57,88.0,17.0,0.0,0.0,0.0,0.788,0.859,0.789,0.736,0.801,0.859,,,,,,,Butch Davis,26.5,26.666666666666668,-0.16666666666666666,12.0,4.0,2.0,0.5
2020,Florida International,Conference USA,-10.7,21.6,32.4,,,,0.0,5.0,5.0,0.0,3.0,0.8677705800283926,480.5,162.27,74.0,20.0,0.0,0.0,0.0,0.178,0.034,0.231,0.255,0.233,0.072,,,,,,,Butch Davis,22.4,32.4,-10.0,5.0,2.0,0.0,0.0
2021,Florida International,Conference USA,-21.6,19.9,40.2,,,,1.0,11.0,12.0,0.0,8.0,1.2156753758256371,520.69,152.13,83.0,18.0,0.0,0.0,0.0,1.6,0.684,1.293,0.952,0.699,0.568,,,,,,,Butch Davis,20.333333333333332,39.666666666666664,-19.333333333333332,12.0,2.0,0.0,0.0
2022,Florida International,Conference USA,-25.5,18.4,42.3,-1.6,,,4.0,8.0,12.0,2.0,6.0,2.4866482887519537,459.71,,,18.0,0.0,0.0,0.0,0.444,0.153,0.373,0.604,0.372,0.1,11.0,17.0,-6.0,7.719999999999999,10.820000000000002,-3.100000000000003,Mike MacIntyre,18.666666666666668,37.25,-18.583333333333332,12.0,2.0,1.0,0.5
2023,Florida International,Conference USA,-21.2,16.0,35.6,-1.6,,,4.0,8.0,12.0,1.0,7.0,3.1718629850145237,487.5,147.71,95.0,19.0,0.0,0.0,0.0,0.68,0.889,0.993,0.478,0.78,0.948,8.0,19.0,-11.0,4.2,12.719999999999997,-8.519999999999996,Mike MacIntyre,20.083333333333332,31.833333333333332,-11.75,12.0,5.0,4.0,0.8
2024,Florida International,Conference USA,-12.1,20.5,31.3,-1.2,,,4.0,8.0,12.0,3.0,5.0,6.384605791367858,504.39,141.29,109.0,13.0,0.0,0.0,0.0,0.599,0.93,0.777,0.456,0.804,0.894,10.0,16.0,-6.0,8.07,8.910000000000002,-0.8400000000000016,Mike MacIntyre,26.333333333333332,25.75,0.5833333333333334,12.0,6.0,1.0,0.16666666666666666
2025,Florida International,Conference USA,-10.5,26.1,35.8,-0.8,,,7.0,6.0,13.0,5.0,3.0,6.796869790181518,562.61,157.7,90.0,22.0,0.0,0.0,0.0,0.42,1.009,0.955,0.118,0.613,0.914,23.0,36.0,-13.0,14.19,22.43,-8.24,Willie Simmons,29.25,27.75,1.5,12.0,3.0,2.0,0.6666666666666666
2026,Florida International,Conference USA,-14.5,21.1,35.3,-0.3,,,0.0,0.0,0.0,0.0,0.0,0.0,607.56,176.58,102.0,20.0,0.0,0.0,0.0,0.316,-0.006,0.164,0.489,0.263,0.002,17.0,22.0,-5.0,9.819999999999999,15.399999999999997,-5.579999999999998,Willie Simmons,,,,,,,
2004,Florida State,ACC,20.2,32.7,13.4,,,,9.0,3.0,12.0,7.0,2.0,,,292.97,1.0,10.0,10.0,2.0,1.0,,,,,,,,,,,,,Bobby Bowden,24.727272727272727,13.727272727272727,11.0,11.0,6.0,3.0,0.5
2005,Florida State,ACC,5.4,23.7,18.2,,0.849,7.5,8.0,5.0,13.0,6.0,3.0,,,281.52,2.0,14.0,13.0,3.0,0.9285714285714286,,,,,,,,,,,,,Bobby Bowden,29.416666666666668,21.666666666666668,7.75,12.0,4.0,2.0,0.5
2006,Florida State,ACC,11.9,25.5,13.9,0.3,0.877,7.7,7.0,6.0,13.0,3.0,5.0,,,286.53,4.0,19.0,12.0,3.0,0.631578947368421,,,,,,,,,,,,,Bobby Bowden,25.083333333333332,19.25,5.833333333333333,12.0,7.0,2.0,0.2857142857142857
2007,Florida State,ACC,9.6,25.9,17.5,1.2,0.858,7.0,7.0,6.0,13.0,4.0,4.0,,,216.82,20.0,10.0,4.0,0.0,0.4,,,,,,,,,,,,,Bobby Bowden,22.916666666666668,21.916666666666668,1.0,12.0,3.0,1.0,0.3333333333333333
2008,Florida State,ACC,18.7,33.8,17.7,2.6,0.907,9.1,9.0,4.0,13.0,5.0,3.0,,,259.98,12.0,20.0,12.0,2.0,0.6,,,,,,,,,,,,,Bobby Bowden,32.666666666666664,20.75,11.916666666666666,12.0,2.0,1.0,0.5
2009,Florida State,ACC,8.8,38.5,30.6,1.0,0.832,6.6,7.0,6.0,13.0,4.0,4.0,,,259.63,11.0,16.0,9.0,2.0,0.5625,,,,,,,,,,,,,Bobby Bowden,29.833333333333332,30.75,-0.9166666666666666,12.0,6.0,3.0,0.5
2010,Florida State,ACC,19.7,34.6,16.9,1.9,0.833,9.4,10.0,4.0,14.0,6.0,3.0,8.193295591836124,,271.41,8.0,18.0,10.0,3.0,0.5555555555555556,,,,,,,,,,,,,Jimbo Fisher,31.76923076923077,19.846153846153847,11.923076923076923,13.0,4.0,2.0,0.5
2011,Florida State,ACC,22.8,32.2,12.1,2.8,0.893,9.8,9.0,4.0,13.0,5.0,3.0,9.007202791533057,,297.03,2.0,18.0,15.0,4.0,0.8333333333333334,,,,,,,,,,,,,Jimbo Fisher,31.666666666666668,15.166666666666666,16.5,12.0,4.0,1.0,0.25
2012,Florida State,ACC,30.8,40.8,12.7,2.7,0.906,12.5,12.0,2.0,14.0,8.0,1.0,11.285361608055645,,290.11,4.0,17.0,14.0,6.0,0.8235294117647058,,,,,,,,,,,,,Jimbo Fisher,39.92307692307692,15.076923076923077,24.846153846153847,13.0,3.0,2.0,0.6666666666666666
2013,Florida State,ACC,38.5,47.7,11.5,2.2,0.898,13.5,14.0,0.0,14.0,9.0,0.0,12.266499014439155,,262.69,11.0,18.0,12.0,2.0,0.6666666666666666,,,,,,,,,,,,,Jimbo Fisher,53.0,10.692307692307692,42.30769230769231,13.0,0.0,0.0,
2014,Florida State,ACC,28.5,45.0,18.9,2.3,0.863,10.3,13.0,1.0,14.0,9.0,0.0,9.964970914311918,,286.79,4.0,20.0,16.0,2.0,0.8,0.617,1.0,0.595,0.302,0.621,1.0,,,,,,,Jimbo Fisher,34.76923076923077,23.0,11.76923076923077,13.0,7.0,7.0,1.0
2015,Florida State,ACC,23.2,38.0,15.0,0.2,0.881,11.0,10.0,3.0,13.0,6.0,2.0,9.647540605752695,889.92,287.06,3.0,18.0,13.0,4.0,0.7222222222222222,0.308,0.144,0.419,0.442,0.372,0.115,,,,,,,Jimbo Fisher,32.333333333333336,15.75,16.583333333333332,12.0,2.0,1.0,0.5
2016,Florida State,ACC,24.0,42.6,18.8,0.2,0.806,10.6,10.0,3.0,13.0,5.0,3.0,9.265689082711427,906.64,294.83,3.0,24.0,18.0,1.0,0.75,0.773,0.441,1.058,0.931,0.749,0.476,,,,,,,Jimbo Fisher,35.25,24.416666666666668,10.833333333333334,12.0,4.0,2.0,0.5
2017,Florida State,ACC,22.8,33.3,12.5,2.0,0.808,8.0,7.0,6.0,13.0,3.0,5.0,6.730471767649094,924.97,292.88,6.0,24.0,13.0,4.0,0.5416666666666666,0.597,0.842,0.459,0.521,0.562,0.958,,,,,,,Jimbo Fisher,26.666666666666668,21.916666666666668,4.75,12.0,6.0,3.0,0.5
2018,Florida State,ACC,1.4,25.0,22.8,-0.8,0.85,4.4,5.0,7.0,12.0,3.0,5.0,4.003989219805517,888.75,265.42,11.0,22.0,13.0,0.0,0.5909090909090909,0.639,0.767,0.644,0.573,0.874,0.952,,,,,,,Willie Taggart,21.916666666666668,31.5,-9.583333333333334,12.0,3.0,2.0,0.6666666666666666
2019,Florida State,ACC,1.8,30.2,27.1,-1.3,,,6.0,7.0,13.0,4.0,4.0,7.003935325802586,878.07,244.31,19.0,20.0,9.0,0.0,0.45,0.526,0.296,0.121,0.631,0.421,0.132,,,,,,,Odell Haggins,29.083333333333332,28.5,0.5833333333333334,12.0,5.0,2.0,0.4
2020,Florida State,ACC,-4.9,26.4,31.3,,,,3.0,6.0,9.0,2.0,6.0,3.2284969261110645,832.59,238.41,22.0,24.0,8.0,0.0,0.3333333333333333,0.623,0.704,0.401,0.639,0.527,0.689,,,,,,,Mike Norvell,25.77777777777778,36.0,-10.222222222222221,9.0,2.0,1.0,0.5
2021,Florida State,ACC,7.6,29.8,23.0,,,,5.0,7.0,12.0,4.0,5.0,5.996309195082118,769.76,214.97,22.0,17.0,8.0,0.0,0.47058823529411764,0.85,0.318,0.862,0.766,0.735,0.739,12.0,17.0,-5.0,8.9,11.899999999999999,-2.9999999999999982,Mike Norvell,27.583333333333332,26.5,1.0833333333333333,12.0,6.0,3.0,0.5
2022,Florida State,ACC,13.2,34.8,20.4,-1.3,,,10.0,3.0,13.0,5.0,3.0,9.494500205110302,780.76,229.46,20.0,19.0,7.0,0.0,0.3684210526315789,0.738,0.758,0.647,0.776,0.598,0.595,13.0,28.0,-15.0,10.46,18.76,-8.3,Mike Norvell,36.166666666666664,19.666666666666668,16.5,12.0,5.0,3.0,0.6
2023,Florida State,ACC,19.4,34.1,16.5,1.8,,,13.0,1.0,14.0,9.0,0.0,10.452484506827076,765.33,237.15,19.0,17.0,9.0,1.0,0.5294117647058824,0.785,0.96,0.832,0.624,0.792,0.99,11.0,23.0,-12.0,9.979999999999999,18.490000000000006,-8.510000000000007,Mike Norvell,37.0,15.923076923076923,21.076923076923077,13.0,3.0,3.0,1.0
2024,Florida State,ACC,-3.2,20.1,25.3,2.0,,,2.0,10.0,12.0,1.0,7.0,1.8067782514400066,879.48,271.76,12.0,25.0,16.0,0.0,0.64,0.211,-0.047,0.459,0.317,0.262,0.127,17.0,19.0,-2.0,15.19,14.749999999999998,0.4400000000000013,Mike Norvell,15.416666666666666,28.0,-12.583333333333334,12.0,3.0,1.0,0.3333333333333333
2025,Florida State,ACC,7.2,29.3,21.2,-0.8,,,5.0,7.0,12.0,2.0,6.0,6.460647560656071,828.45,244.11,19.0,23.0,13.0,0.0,0.5652173913043478,0.131,-0.884,-0.07,0.207,0.34,0.316,22.0,34.0,-12.0,19.34,26.79,-7.449999999999999,Mike Norvell,33.0,22.0,11.0,12.0,3.0,0.0,0.0
2026,Florida State,ACC,9.1,29.8,20.4,-0.3,,,0.0,0.0,0.0,0.0,0.0,0.0,800.2,251.54,16.0,30.0,12.0,0.0,0.4,0.401,0.125,0.282,0.652,0.305,0.06,22.0,44.0,-22.0,17.319999999999997,35.390000000000015,-18.070000000000018,Mike Norvell,,,,,,,
2004,Fresno State,Pac-12,14.9,43.8,32.1,,,,9.0,3.0,12.0,5.0,3.0,,,72.67,106.0,13.0,0.0,0.0,0.0,,,,,,,,,,,,,Pat Hill,40.45454545454545,19.272727272727273,21.181818181818183,11.0,2.0,0.0,0.0
2005,Fresno State,Pac-12,10.6,36.4,25.8,,0.919,9.5,8.0,5.0,13.0,6.0,2.0,,,100.59,80.0,15.0,0.0,0.0,0.0,,,,,,,,,,,,,Pat Hill,38.916666666666664,21.75,17.166666666666668,12.0,2.0,0.0,0.0
2006,Fresno State,Pac-12,-8.1,21.6,29.4,-0.3,0.885,4.2,4.0,8.0,12.0,4.0,4.0,,,111.54,76.0,17.0,0.0,0.0,0.0,,,,,,,,,,,,,Pat Hill,23.0,28.25,-5.25,12.0,5.0,2.0,0.4
2007,Fresno State,Pac-12,1.8,33.2,32.0,0.6,0.912,8.4,9.0,4.0,13.0,6.0,2.0,,,129.21,71.0,22.0,0.0,0.0,0.0,,,,,,,,,,,,,Pat Hill,32.25,26.916666666666668,5.333333333333333,12.0,3.0,1.0,0.3333333333333333
2008,Fresno State,Pac-12,-3.5,29.4,33.4,0.5,0.968,7.6,7.0,6.0,13.0,4.0,4.0,,,143.22,70.0,19.0,0.0,0.0,0.0,,,,,,,,,,,,,Pat Hill,29.166666666666668,30.333333333333332,-1.1666666666666667,12.0,7.0,4.0,0.5714285714285714
2009,Fresno State,Pac-12,4.1,33.5,32.1,2.8,0.929,6.8,8.0,5.0,13.0,6.0,2.0,,,130.4,87.0,15.0,1.0,0.0,0.06666666666666667,,,,,,,,,,,,,Pat Hill,34.333333333333336,27.833333333333332,6.5,12.0,4.0,3.0,0.75
2010,Fresno State,Pac-12,3.7,29.9,27.5,1.3,0.909,7.4,8.0,5.0,13.0,5.0,3.0,6.286278567968062,,175.17,69.0,16.0,1.0,0.0,0.0625,,,,,,,,,,,,,Pat Hill,30.0,29.166666666666668,0.8333333333333334,12.0,4.0,3.0,0.75
2011,Fresno State,Pac-12,-6.0,30.4,35.7,-0.7,0.932,5.9,4.0,9.0,13.0,3.0,4.0,6.315698797575986,,67.3,98.0,16.0,0.0,0.0,0.0,,,,,,,,,,,,,Pat Hill,28.53846153846154,35.15384615384615,-6.615384615384615,13.0,6.0,2.0,0.3333333333333333
2012,Fresno State,Pac-12,12.5,31.9,19.6,0.2,0.941,9.1,9.0,4.0,13.0,7.0,1.0,9.133077795290703,,89.62,115.0,12.0,0.0,0.0,0.0,,,,,,,,,,,,,Tim DeRuyter,40.25,22.25,18.0,12.0,1.0,0.0,0.0
2013,Fresno State,Pac-12,8.8,36.1,26.7,-0.6,0.958,9.4,11.0,2.0,13.0,8.0,1.0,8.131577471644462,,142.76,75.0,17.0,0.0,0.0,0.0,,,,,,,,,,,,,Tim DeRuyter,45.333333333333336,29.083333333333332,16.25,12.0,5.0,5.0,1.0
2014,Fresno State,Pac-12,-6.9,24.5,31.0,-0.4,0.936,5.7,6.0,8.0,14.0,5.0,4.0,6.386666489613238,,124.42,84.0,21.0,0.0,0.0,0.0,0.295,-0.021,0.717,0.395,0.385,0.02,,,,,,,Tim DeRuyter,28.076923076923077,32.61538461538461,-4.538461538461538,13.0,2.0,1.0,0.5
2015,Fresno State,Pac-12,-12.6,19.6,32.8,0.6,0.907,3.9,3.0,9.0,12.0,2.0,6.0,4.046399999453096,402.58,155.02,72.0,11.0,1.0,0.0,0.09090909090909091,0.377,0.04,0.525,0.368,0.302,0.081,,,,,,,Tim DeRuyter,22.25,38.083333333333336,-15.833333333333334,12.0,2.0,1.0,0.5
2016,Fresno State,Pac-12,-16.9,16.4,33.9,0.5,0.937,2.1,1.0,11.0,12.0,0.0,8.0,1.6349777846519937,404.97,137.22,85.0,16.0,0.0,0.0,0.0,0.706,-0.23,0.182,0.623,0.286,0.133,,,,,,,Tim DeRuyter,17.666666666666668,30.916666666666668,-13.25,12.0,4.0,0.0,0.0
2017,Fresno State,Pac-12,-2.7,22.3,25.5,0.5,0.895,9.4,10.0,4.0,14.0,7.0,2.0,9.892805477815575,374.63,137.74,84.0,17.0,0.0,0.0,0.0,0.858,0.981,-1.394,0.704,0.609,0.791,,,,,,,Jeff Tedford,26.692307692307693,17.23076923076923,9.461538461538462,13.0,3.0,2.0,0.6666666666666666
2018,Fresno State,Pac-12,17.4,33.5,15.5,-0.6,0.944,12.1,12.0,2.0,14.0,8.0,1.0,11.938153916220935,459.07,141.73,92.0,21.0,1.0,0.0,0.047619047619047616,0.848,0.862,0.848,0.836,0.862,0.811,,,,,,,Jeff Tedford,34.92307692307692,13.692307692307692,21.23076923076923,13.0,3.0,1.0,0.3333333333333333
2019,Fresno State,Pac-12,-4.0,30.6,33.6,-1.1,,,4.0,8.0,12.0,2.0,6.0,6.352413968160976,482.79,153.5,87.0,20.0,1.0,0.0,0.05,0.308,0.012,0.542,0.438,0.416,0.029,,,,,,,Jeff Tedford,30.0,30.083333333333332,-0.08333333333333333,12.0,5.0,1.0,0.2
2020,Fresno State,Pac-12,-5.5,29.3,34.8,,,,3.0,3.0,6.0,3.0,3.0,3.4279300177057643,440.1,131.51,121.0,18.0,0.0,0.0,0.0,0.472,0.047,0.522,0.676,0.403,0.018,,,,,,,Kalen DeBoer,32.833333333333336,30.0,2.8333333333333335,6.0,0.0,0.0,
2021,Fresno State,Pac-12,10.8,34.7,24.2,,,,10.0,3.0,13.0,6.0,2.0,8.3059504354475,483.77,159.11,74.0,22.0,0.0,0.0,0.0,0.965,0.977,0.953,0.96,0.96,0.941,8.0,13.0,-5.0,4.26,6.4,-2.1400000000000006,Kalen DeBoer,33.583333333333336,20.25,13.333333333333334,12.0,4.0,2.0,0.5
2022,Fresno State,Pac-12,3.3,27.1,24.4,0.6,,,10.0,4.0,14.0,8.0,1.0,8.401889406908776,502.26,163.46,72.0,17.0,0.0,0.0,0.0,0.86,0.986,1.2,0.752,0.791,0.998,12.0,16.0,-4.0,8.639999999999999,9.079999999999998,-0.4399999999999995,Jeff Tedford,30.692307692307693,20.46153846153846,10.23076923076923,13.0,5.0,3.0,0.6
2023,Fresno State,Pac-12,2.5,28.9,27.9,1.5,,,9.0,4.0,13.0,4.0,4.0,6.207914118436058,555.3,161.0,83.0,14.0,0.0,0.0,0.0,0.171,0.179,0.23,0.149,0.261,0.259,8.0,24.0,-16.0,5.74,15.469999999999999,-9.729999999999999,Jeff Tedford,29.916666666666668,24.583333333333332,5.333333333333333,12.0,6.0,5.0,0.8333333333333334
2024,Fresno State,Pac-12,-3.8,25.1,27.6,-1.4,,,6.0,7.0,13.0,4.0,3.0,6.477155329024348,568.31,160.65,86.0,17.0,0.0,0.0,0.0,0.683,0.884,0.795,0.564,0.762,0.803,7.0,11.0,-4.0,6.0,5.36,0.6399999999999997,Tim Skipper,26.583333333333332,24.583333333333332,2.0,12.0,4.0,2.0,0.5
2025,Fresno State,Pac-12,1.8,23.0,21.1,-0.1,,,9.0,4.0,13.0,5.0,3.0,8.016719527542591,586.84,142.63,103.0,16.0,0.0,0.0,0.0,0.172,0.037,1.087,0.138,0.3,0.026,21.0,26.0,-5.0,14.019999999999998,16.65,-2.630000000000001,Matt Entz,26.416666666666668,20.083333333333332,6.333333333333333,12.0,2.0,2.0,1.0
2026,Fresno State,Pac-12,-1.4,21.0,22.4,0.0,,,0.0,0.0,0.0,0.0,0.0,0.0,609.75,189.36,70.0,22.0,0.0,0.0,0.0,0.383,0.073,0.166,0.695,0.491,0.005,13.0,10.0,3.0,9.540000000000001,6.619999999999999,2.9200000000000017,Matt Entz,,,,,,,
2004,Georgia,SEC,21.8,35.2,14.1,,,,10.0,2.0,12.0,6.0,2.0,,,267.62,7.0,7.0,7.0,2.0,1.0,,,,,,,,,,,,,Mark Richt,28.272727272727273,16.09090909090909,12.181818181818182,11.0,5.0,4.0,0.8
2005,Georgia,SEC,22.3,36.1,13.8,,0.9,10.3,10.0,3.0,13.0,7.0,2.0,,,248.26,7.0,7.0,6.0,1.0,0.8571428571428571,,,,,,,,,,,,,Mark Richt,29.083333333333332,14.583333333333334,14.5,12.0,5.0,3.0,0.6
2006,Georgia,SEC,17.8,28.7,11.3,0.4,0.838,8.4,9.0,4.0,13.0,4.0,4.0,,,292.15,3.0,20.0,15.0,2.0,0.75,,,,,,,,,,,,,Mark Richt,24.666666666666668,17.083333333333332,7.583333333333333,12.0,7.0,4.0,0.5714285714285714
2007,Georgia,SEC,23.6,38.7,16.6,1.5,0.835,9.0,11.0,2.0,13.0,6.0,2.0,,,249.84,8.0,9.0,5.0,0.0,0.5555555555555556,,,,,,,,,,,,,Mark Richt,31.916666666666668,21.0,10.916666666666666,12.0,3.0,2.0,0.6666666666666666
2008,Georgia,SEC,20.9,39.2,18.3,0.1,0.891,9.3,10.0,3.0,13.0,6.0,2.0,,,281.95,7.0,20.0,15.0,3.0,0.75,,,,,,,,,,,,,Mark Richt,32.083333333333336,25.583333333333332,6.5,12.0,4.0,3.0,0.75
2009,Georgia,SEC,19.1,33.6,16.8,2.3,0.813,8.0,8.0,5.0,13.0,4.0,4.0,,,283.72,4.0,15.0,14.0,3.0,0.9333333333333333,,,,,,,,,,,,,Mark Richt,27.666666666666668,26.416666666666668,1.25,12.0,6.0,4.0,0.6666666666666666
2010,Georgia,SEC,22.2,41.0,20.9,2.2,0.847,8.6,6.0,7.0,13.0,3.0,5.0,8.220449731124711,,259.87,11.0,15.0,9.0,1.0,0.6,,,,,,,,,,,,,Mark Richt,34.25,23.083333333333332,11.166666666666666,12.0,3.0,0.0,0.0
2011,Georgia,SEC,22.9,32.7,10.3,0.5,0.85,10.2,10.0,4.0,14.0,7.0,2.0,9.432648058355266,,278.18,7.0,22.0,13.0,2.0,0.5909090909090909,,,,,,,,,,,,,Mark Richt,32.15384615384615,19.615384615384617,12.538461538461538,13.0,3.0,2.0,0.6666666666666666
2012,Georgia,SEC,28.0,44.9,16.6,-0.2,0.839,11.3,12.0,2.0,14.0,7.0,2.0,9.450771011972849,,273.57,9.0,17.0,10.0,4.0,0.5882352941176471,,,,,,,,,,,,,Mark Richt,37.23076923076923,18.76923076923077,18.46153846153846,13.0,3.0,2.0,0.6666666666666666
2013,Georgia,SEC,25.1,44.9,21.8,1.9,0.835,9.2,8.0,5.0,13.0,5.0,3.0,8.690671193955595,,260.38,12.0,25.0,12.0,0.0,0.48,,,,,,,,,,,,,Mark Richt,38.166666666666664,29.416666666666668,8.75,12.0,7.0,4.0,0.5714285714285714
2014,Georgia,SEC,27.6,44.2,16.8,0.1,0.836,10.5,10.0,3.0,13.0,6.0,2.0,10.709232590188682,,273.39,8.0,16.0,13.0,3.0,0.8125,0.513,0.283,0.013,0.672,0.528,0.244,,,,,,,Mark Richt,41.666666666666664,21.25,20.416666666666668,12.0,3.0,1.0,0.3333333333333333
2015,Georgia,SEC,16.8,28.6,10.7,-1.1,0.857,9.0,10.0,3.0,13.0,5.0,3.0,8.31865285910245,877.74,282.54,6.0,18.0,14.0,2.0,0.7777777777777778,0.461,0.23,0.927,0.419,0.558,0.136,,,,,,,Mark Richt,26.5,16.916666666666668,9.583333333333334,12.0,5.0,4.0,0.8
2016,Georgia,SEC,9.3,28.0,17.6,-1.1,0.887,8.0,8.0,5.0,13.0,4.0,4.0,7.626085837192547,872.0,281.31,6.0,23.0,12.0,3.0,0.5217391304347826,0.778,0.983,0.873,0.62,0.802,0.897,,,,,,,Kirby Smart,24.0,24.083333333333332,-0.08333333333333333,12.0,7.0,4.0,0.5714285714285714
2017,Georgia,SEC,26.7,39.6,15.4,2.6,0.835,12.7,13.0,2.0,15.0,8.0,2.0,12.283945778343474,930.34,301.6,3.0,25.0,20.0,3.0,0.8,0.804,0.867,0.92,0.728,0.895,0.956,,,,,,,Kirby Smart,34.92307692307692,13.23076923076923,21.692307692307693,13.0,1.0,1.0,1.0
2018,Georgia,SEC,32.9,45.9,14.2,1.3,0.794,11.5,11.0,3.0,14.0,7.0,2.0,11.598825232325622,964.0,323.31,1.0,26.0,21.0,7.0,0.8076923076923077,0.627,0.872,0.286,0.744,0.597,0.944,,,,,,,Kirby Smart,39.15384615384615,18.53846153846154,20.615384615384617,13.0,1.0,0.0,0.0
2019,Georgia,SEC,26.8,34.2,10.0,2.6,,,12.0,2.0,14.0,7.0,2.0,11.51014000494875,960.16,309.12,2.0,21.0,19.0,5.0,0.9047619047619048,0.532,0.771,0.534,0.334,0.601,0.836,,,,,,,Kirby Smart,31.153846153846153,12.461538461538462,18.692307692307693,13.0,5.0,4.0,0.8
2020,Georgia,SEC,19.1,30.8,12.1,,,,8.0,2.0,10.0,7.0,2.0,7.49418184307191,990.47,313.34,1.0,27.0,19.0,4.0,0.7037037037037037,0.356,0.096,0.263,0.542,0.304,0.07,,,,,,,Kirby Smart,33.22222222222222,19.88888888888889,13.333333333333334,9.0,1.0,1.0,1.0
2021,Georgia,SEC,32.0,41.4,10.3,,,,14.0,1.0,15.0,8.0,1.0,13.922687672527756,1001.79,294.55,3.0,22.0,16.0,4.0,0.7272727272727273,0.97,1.135,0.979,0.876,0.923,0.9,3.0,13.0,-10.0,2.83,8.09,-5.26,Kirby Smart,39.38461538461539,9.538461538461538,29.846153846153847,13.0,1.0,1.0,1.0
2022,Georgia,SEC,35.3,37.2,3.7,1.7,,,15.0,0.0,15.0,9.0,0.0,14.387702815193459,989.76,318.34,3.0,31.0,22.0,5.0,0.7096774193548387,0.683,0.768,0.475,0.714,0.63,0.773,1.0,14.0,-13.0,0.4,11.149999999999999,-10.749999999999998,Kirby Smart,39.15384615384615,12.76923076923077,26.384615384615383,13.0,1.0,1.0,1.0
2023,Georgia,SEC,31.2,41.5,12.2,1.9,,,13.0,1.0,14.0,8.0,1.0,12.5577106502658,977.87,315.68,2.0,26.0,22.0,5.0,0.8461538461538461,0.43,0.178,0.532,0.59,0.446,0.084,4.0,15.0,-11.0,3.5700000000000003,13.45,-9.879999999999999,Kirby Smart,38.38461538461539,16.615384615384617,21.76923076923077,13.0,2.0,1.0,0.5
2024,Georgia,SEC,24.3,37.3,14.9,1.9,,,11.0,3.0,14.0,7.0,2.0,9.672673443996022,1006.89,317.05,1.0,32.0,24.0,5.0,0.75,0.604,0.966,0.36,0.455,0.579,0.959,11.0,26.0,-15.0,9.15,21.180000000000007,-12.030000000000006,Kirby Smart,33.15384615384615,20.384615384615383,12.76923076923077,13.0,4.0,3.0,0.75
2025,Georgia,SEC,24.1,37.0,14.8,1.9,,,12.0,2.0,14.0,7.0,1.0,10.335515518672764,1002.98,304.64,2.0,29.0,25.0,5.0,0.8620689655172413,0.372,0.132,0.378,0.508,0.351,0.132,10.0,20.0,-10.0,8.84,15.25,-6.41,Kirby Smart,31.923076923076923,15.923076923076923,16.0,13.0,4.0,3.0,0.75
2026,Georgia,SEC,26.4,38.7,12.9,0.6,,,0.0,0.0,0.0,0.0,0.0,0.0,1003.67,291.98,6.0,32.0,23.0,1.0,0.71875,0.687,0.997,0.993,0.347,0.742,0.991,9.0,16.0,-7.0,8.030000000000001,13.6,-5.5699999999999985,Kirby Smart,,,,,,,
2014,Georgia Southern,Sun Belt,-2.4,32.0,33.4,-1.0,0.969,8.8,9.0,3.0,12.0,8.0,0.0,9.186597773943161,,111.25,96.0,15.0,0.0,0.0,0.0,,,,,,,,,,,,,Willie Fritz,39.083333333333336,23.416666666666668,15.666666666666666,12.0,4.0,2.0,0.5
2015,Georgia Southern,Sun Belt,7.3,32.8,26.5,1.0,0.935,8.9,9.0,4.0,13.0,6.0,2.0,8.946256045310001,391.18,137.18,85.0,16.0,0.0,0.0,0.0,0.714,1.0,0.745,0.338,0.79,1.0,,,,,,,Willie Fritz,34.666666666666664,23.25,11.416666666666666,12.0,1.0,0.0,0.0
2016,Georgia Southern,Sun Belt,-3.9,27.8,32.6,1.0,0.942,4.4,5.0,7.0,12.0,4.0,4.0,4.587936244770052,435.33,149.4,77.0,27.0,0.0,0.0,0.0,1.016,1.0,1.043,0.816,0.927,1.0,,,,,,,Tyson Summers,26.583333333333332,26.5,0.08333333333333333,12.0,6.0,3.0,0.5
2017,Georgia Southern,Sun Belt,-15.8,18.3,35.5,1.4,0.934,2.2,2.0,10.0,12.0,2.0,6.0,3.2408777821173445,365.57,118.78,106.0,21.0,0.0,0.0,0.0,0.301,0.153,0.388,0.342,0.2,0.025,,,,,,,Chad Lunsford,20.833333333333332,32.166666666666664,-11.333333333333334,12.0,1.0,0.0,0.0
2018,Georgia Southern,Sun Belt,-2.4,27.9,31.6,1.4,0.934,7.9,10.0,3.0,13.0,6.0,2.0,8.361066681534792,303.12,146.64,90.0,22.0,0.0,0.0,0.0,0.613,1.0,0.677,0.53,0.76,1.0,,,,,,,Chad Lunsford,31.083333333333332,21.583333333333332,9.5,12.0,2.0,2.0,1.0
2019,Georgia Southern,Sun Belt,-4.5,22.2,27.4,0.7,,,7.0,6.0,13.0,5.0,3.0,6.032607415518692,411.8,125.24,121.0,25.0,0.0,0.0,0.0,0.749,0.96,0.824,0.507,0.581,0.992,,,,,,,Chad Lunsford,29.166666666666668,28.583333333333332,0.5833333333333334,12.0,5.0,3.0,0.6
2020,Georgia Southern,Sun Belt,0.2,27.4,27.1,,,,8.0,5.0,13.0,4.0,4.0,9.990198186344454,335.43,145.22,98.0,23.0,0.0,0.0,0.0,0.818,0.906,1.0,0.433,0.966,0.995,,,,,,,Chad Lunsford,26.333333333333332,22.25,4.083333333333333,12.0,8.0,5.0,0.625
2021,Georgia Southern,Sun Belt,-15.3,18.4,34.0,,,,3.0,9.0,12.0,2.0,6.0,4.560727839150213,383.76,141.76,92.0,22.0,0.0,0.0,0.0,0.48,0.137,0.552,0.422,0.535,0.165,4.0,14.0,-10.0,2.5999999999999996,8.32,-5.720000000000001,Chad Lunsford,20.25,31.416666666666668,-11.166666666666666,12.0,3.0,1.0,0.3333333333333333
2022,Georgia Southern,Sun Belt,-6.4,34.3,40.3,-0.4,,,6.0,7.0,13.0,3.0,5.0,4.3310468065594065,414.14,115.78,110.0,22.0,1.0,0.0,0.045454545454545456,0.695,0.114,0.375,1.012,0.403,0.15,11.0,18.0,-7.0,4.45,10.359999999999998,-5.9099999999999975,Clay Helton,33.666666666666664,32.333333333333336,1.3333333333333333,12.0,6.0,4.0,0.6666666666666666
2023,Georgia Southern,Sun Belt,-5.2,30.8,36.5,0.5,,,6.0,7.0,13.0,3.0,5.0,4.860874030795419,416.69,131.86,101.0,21.0,0.0,0.0,0.0,0.454,0.007,0.617,0.709,0.375,0.007,15.0,15.0,0.0,8.399999999999999,9.699999999999998,-1.299999999999999,Clay Helton,30.916666666666668,29.583333333333332,1.3333333333333333,12.0,2.0,0.0,0.0
2024,Georgia Southern,Sun Belt,-1.7,26.5,30.1,1.9,,,8.0,5.0,13.0,6.0,2.0,5.675921573133078,527.99,156.6,91.0,22.0,0.0,0.0,0.0,0.414,0.054,0.971,0.469,0.375,0.036,12.0,19.0,-7.0,7.859999999999999,6.739999999999999,1.12,Clay Helton,28.166666666666668,27.333333333333332,0.8333333333333334,12.0,3.0,3.0,1.0
2025,Georgia Southern,Sun Belt,-9.4,28.3,37.7,0.1,,,7.0,6.0,13.0,4.0,4.0,6.167599654756486,574.48,165.34,80.0,21.0,1.0,0.0,0.047619047619047616,0.656,0.846,0.781,0.541,0.684,0.933,16.0,18.0,-2.0,10.49,10.87,-0.379999999999999,Clay Helton,27.833333333333332,34.166666666666664,-6.333333333333333,12.0,5.0,4.0,0.8
2026,Georgia Southern,Sun Belt,-10.8,22.7,33.5,0.0,,,0.0,0.0,0.0,0.0,0.0,0.0,634.19,181.78,89.0,21.0,1.0,0.0,0.047619047619047616,0.058,-0.04,0.066,0.093,0.212,0.071,17.0,18.0,-1.0,13.219999999999997,9.989999999999998,3.2299999999999986,Clay Helton,,,,,,,
2013,Georgia State,Sun Belt,-32.6,13.3,44.4,-1.5,0.947,2.5,0.0,12.0,12.0,0.0,7.0,5.435041995122126,,101.05,111.0,20.0,0.0,0.0,0.0,,,,,,,,,,,,,Trent Miles,18.75,36.666666666666664,-17.916666666666668,12.0,4.0,0.0,0.0
2014,Georgia State,Sun Belt,-22.8,22.8,45.9,0.3,0.953,2.0,1.0,11.0,12.0,0.0,8.0,1.1714688185269633,,102.91,105.0,16.0,0.0,0.0,0.0,0.604,0.957,-0.181,0.409,0.7,0.995,,,,,,,Trent Miles,22.666666666666668,43.333333333333336,-20.666666666666668,12.0,4.0,1.0,0.25
2015,Georgia State,Sun Belt,-6.7,28.0,31.9,-2.7,0.953,7.9,6.0,7.0,13.0,5.0,3.0,7.568407658839105,335.67,90.61,124.0,9.0,0.0,0.0,0.0,0.883,0.988,0.171,0.74,0.802,0.965,,,,,,,Trent Miles,27.833333333333332,28.416666666666668,-0.5833333333333334,12.0,3.0,1.0,0.3333333333333333
2016,Georgia State,Sun Belt,-12.1,17.3,26.7,-2.7,0.95,4.8,3.0,9.0,12.0,2.0,6.0,4.056760950336529,321.79,96.32,127.0,22.0,0.0,0.0,0.0,0.405,0.009,0.971,0.73,0.505,0.025,,,,,,,Tim Lappano,19.916666666666668,26.583333333333332,-6.666666666666667,12.0,3.0,1.0,0.3333333333333333
2017,Georgia State,Sun Belt,-14.0,17.0,28.6,-2.4,0.945,5.8,7.0,5.0,12.0,5.0,3.0,5.859747745994275,364.16,119.23,105.0,19.0,0.0,0.0,0.0,0.69,0.953,1.0,0.536,0.855,0.998,,,,,,,Shawn Elliott,19.727272727272727,25.454545454545453,-5.7272727272727275,11.0,4.0,3.0,0.75
2018,Georgia State,Sun Belt,-20.4,23.6,43.6,-0.4,0.951,2.8,2.0,10.0,12.0,1.0,7.0,2.2856224504428364,404.34,140.45,95.0,24.0,0.0,0.0,0.0,0.576,0.036,-0.367,0.847,0.332,0.04,,,,,,,Shawn Elliott,23.833333333333332,37.416666666666664,-13.583333333333334,12.0,2.0,1.0,0.5
2019,Georgia State,Sun Belt,-10.5,29.4,38.4,-1.4,,,7.0,6.0,13.0,4.0,4.0,6.431617855811925,369.05,140.37,98.0,22.0,0.0,0.0,0.0,0.723,0.805,0.835,0.635,0.773,0.821,,,,,,,Shawn Elliott,32.416666666666664,36.083333333333336,-3.6666666666666665,12.0,3.0,2.0,0.6666666666666666
2020,Georgia State,Sun Belt,-5.7,28.7,34.2,,,,6.0,4.0,10.0,4.0,4.0,6.130812133442391,333.22,140.52,110.0,17.0,0.0,0.0,0.0,0.427,-0.024,0.286,0.787,0.361,0.083,,,,,,,Shawn Elliott,32.666666666666664,32.888888888888886,-0.2222222222222222,9.0,5.0,2.0,0.4
2021,Georgia State,Sun Belt,1.8,27.5,26.7,,,,8.0,5.0,13.0,6.0,2.0,8.517032210344896,413.91,134.55,102.0,16.0,0.0,0.0,0.0,1.002,1.0,1.017,0.994,0.981,1.0,3.0,7.0,-4.0,1.43,3.5,-2.0700000000000003,Shawn Elliott,26.25,27.666666666666668,-1.4166666666666667,12.0,3.0,2.0,0.6666666666666666
2022,Georgia State,Sun Belt,-3.3,33.7,38.3,1.4,,,4.0,8.0,12.0,3.0,5.0,6.615837884863028,471.84,124.06,100.0,10.0,0.0,0.0,0.0,0.841,0.957,0.956,0.677,0.79,0.758,4.0,15.0,-11.0,1.9900000000000002,8.85,-6.859999999999999,Shawn Elliott,30.0,31.166666666666668,-1.1666666666666667,12.0,5.0,0.0,0.0
2023,Georgia State,Sun Belt,-6.8,28.2,33.3,-1.7,,,7.0,6.0,13.0,3.0,5.0,7.416657249880071,499.67,111.43,116.0,14.0,0.0,0.0,0.0,0.688,1.0,0.782,0.489,0.669,1.0,19.0,20.0,-1.0,9.84,12.82,-2.9800000000000004,Shawn Elliott,25.75,30.75,-5.0,12.0,3.0,2.0,0.6666666666666666
2024,Georgia State,Sun Belt,-17.9,21.0,37.4,-1.5,,,3.0,9.0,12.0,1.0,7.0,1.977850522614789,564.88,126.1,120.0,11.0,0.0,0.0,0.0,0.314,0.057,0.208,0.486,0.136,0.005,31.0,34.0,-3.0,25.189999999999998,19.689999999999998,5.5,Shawn Elliott,23.833333333333332,33.833333333333336,-10.0,12.0,6.0,2.0,0.3333333333333333
2025,Georgia State,Sun Belt,-24.5,18.6,41.1,-2.0,,,1.0,11.0,12.0,0.0,8.0,1.9625463029369712,611.97,184.18,67.0,26.0,0.0,0.0,0.0,0.449,0.619,0.233,0.409,0.377,0.635,27.0,37.0,-10.0,20.869999999999997,21.539999999999992,-0.6699999999999946,Dell McGee,19.75,37.833333333333336,-18.083333333333332,12.0,2.0,0.0,0.0
2026,Georgia State,Sun Belt,-29.3,14.8,43.4,-0.7,,,0.0,0.0,0.0,0.0,0.0,0.0,573.83,184.01,84.0,16.0,1.0,0.0,0.0625,0.465,0.642,1.268,0.276,0.286,0.403,33.0,39.0,-6.0,22.910000000000007,23.910000000000004,-0.9999999999999964,Dell McGee,,,,,,,
2004,Georgia Tech,ACC,12.4,30.4,19.1,,,,7.0,5.0,12.0,4.0,4.0,,,141.96,48.0,16.0,1.0,1.0,0.0625,,,,,,,,,,,,,Chan Gailey,19.363636363636363,19.363636363636363,0.0,11.0,2.0,1.0,0.5
2005,Georgia Tech,ACC,6.9,22.7,15.8,,0.85,6.0,7.0,5.0,12.0,5.0,3.0,,,114.18,70.0,9.0,0.0,0.0,0.0,,,,,,,,,,,,,Chan Gailey,19.272727272727273,18.454545454545453,0.8181818181818182,11.0,5.0,3.0,0.6
2006,Georgia Tech,ACC,13.5,26.2,13.2,0.5,0.858,9.8,9.0,5.0,14.0,7.0,2.0,,,138.67,62.0,10.0,1.0,0.0,0.1,,,,,,,,,,,,,Chan Gailey,24.153846153846153,16.846153846153847,7.3076923076923075,13.0,6.0,3.0,0.5
2007,Georgia Tech,ACC,8.7,28.1,21.3,1.8,0.891,7.1,7.0,6.0,13.0,4.0,4.0,,,225.49,15.0,11.0,4.0,0.0,0.36363636363636365,,,,,,,,,,,,,Chan Gailey,26.083333333333332,19.25,6.833333333333333,12.0,4.0,2.0,0.5
2008,Georgia Tech,ACC,8.6,29.5,18.9,-2.0,0.913,8.5,9.0,4.0,13.0,5.0,3.0,,,168.44,51.0,12.0,1.0,0.0,0.08333333333333333,,,,,,,,,,,,,Paul Johnson,26.166666666666668,18.833333333333332,7.333333333333333,12.0,7.0,5.0,0.7142857142857143
2009,Georgia Tech,ACC,9.7,35.4,25.8,0.1,0.834,7.9,11.0,3.0,14.0,8.0,1.0,,,201.51,41.0,9.0,2.0,0.0,0.2222222222222222,,,,,,,,,,,,,Paul Johnson,35.30769230769231,24.846153846153847,10.461538461538462,13.0,6.0,5.0,0.8333333333333334
2010,Georgia Tech,ACC,2.9,30.4,27.9,0.3,0.88,6.5,6.0,7.0,13.0,4.0,4.0,7.830697873178308,,201.21,43.0,14.0,5.0,0.0,0.35714285714285715,,,,,,,,,,,,,Paul Johnson,27.583333333333332,26.166666666666668,1.4166666666666667,12.0,4.0,2.0,0.5
2011,Georgia Tech,ACC,5.1,32.6,26.3,-1.2,0.913,7.3,8.0,5.0,13.0,5.0,3.0,8.557809129028012,,174.84,43.0,16.0,0.0,0.0,0.0,,,,,,,,,,,,,Paul Johnson,34.916666666666664,25.75,9.166666666666666,12.0,4.0,3.0,0.75
2012,Georgia Tech,ACC,6.0,36.1,28.1,-2.0,0.846,7.3,7.0,7.0,14.0,5.0,4.0,8.413161226622783,,183.42,53.0,15.0,2.0,0.0,0.13333333333333333,,,,,,,,,,,,,Paul Johnson,34.53846153846154,29.923076923076923,4.615384615384615,13.0,3.0,0.0,0.0
2013,Georgia Tech,ACC,11.4,35.3,24.9,1.0,0.873,6.8,7.0,6.0,13.0,5.0,3.0,7.088766957449038,,149.34,70.0,11.0,1.0,0.0,0.09090909090909091,,,,,,,,,,,,,Paul Johnson,36.583333333333336,22.666666666666668,13.916666666666666,12.0,2.0,0.0,0.0
2014,Georgia Tech,ACC,11.2,44.1,32.0,-0.9,0.839,10.0,11.0,3.0,14.0,6.0,3.0,11.039424605037714,,175.71,54.0,11.0,1.0,0.0,0.09090909090909091,0.441,-0.111,0.434,0.633,0.367,0.105,,,,,,,Paul Johnson,37.0,25.076923076923077,11.923076923076923,13.0,6.0,3.0,0.5
2015,Georgia Tech,ACC,9.0,33.1,25.4,1.4,0.806,3.7,3.0,9.0,12.0,1.0,7.0,4.216617252024069,590.34,185.45,44.0,9.0,0.0,0.0,0.0,0.441,0.888,0.419,0.144,0.413,0.976,,,,,,,Paul Johnson,29.25,25.75,3.5,12.0,6.0,1.0,0.16666666666666666
2016,Georgia Tech,ACC,7.8,35.0,28.5,1.3,0.868,6.8,9.0,4.0,13.0,4.0,4.0,7.154411655645153,582.55,167.13,60.0,17.0,0.0,0.0,0.0,0.883,0.974,0.842,0.892,0.855,0.995,,,,,,,Paul Johnson,27.833333333333332,25.0,2.8333333333333335,12.0,4.0,3.0,0.75
2017,Georgia Tech,ACC,8.9,34.9,25.1,-0.9,0.829,6.0,5.0,6.0,11.0,4.0,4.0,5.882522092209863,574.35,184.4,48.0,27.0,1.0,0.0,0.037037037037037035,0.506,-0.001,0.405,0.934,0.347,0.07,,,,,,,Paul Johnson,28.09090909090909,26.545454545454547,1.5454545454545454,11.0,4.0,1.0,0.25
2018,Georgia Tech,ACC,0.3,33.0,33.9,1.2,0.864,5.8,7.0,6.0,13.0,5.0,3.0,6.77601739676968,583.49,196.94,44.0,23.0,2.0,0.0,0.08695652173913043,0.749,0.913,0.936,0.302,0.867,0.978,,,,,,,Paul Johnson,35.583333333333336,28.916666666666668,6.666666666666667,12.0,3.0,2.0,0.6666666666666666
2019,Georgia Tech,ACC,-12.0,18.8,28.9,-1.9,,,3.0,9.0,12.0,2.0,6.0,2.013436214692921,629.1,188.28,51.0,23.0,1.0,0.0,0.043478260869565216,0.471,0.283,0.56,0.28,0.506,0.156,,,,,,,Geoff Collins,16.666666666666668,32.416666666666664,-15.75,12.0,5.0,3.0,0.6
2020,Georgia Tech,ACC,-1.0,27.2,27.8,,,,3.0,7.0,10.0,3.0,6.0,4.209246375089222,684.42,222.73,26.0,25.0,6.0,0.0,0.24,0.994,1.986,1.147,0.843,0.888,0.861,,,,,,,Geoff Collins,23.9,36.8,-12.9,10.0,1.0,1.0,1.0
2021,Georgia Tech,ACC,-6.7,27.0,32.4,,,,3.0,9.0,12.0,2.0,7.0,3.1231305076726787,707.35,186.82,47.0,16.0,3.0,0.0,0.1875,0.829,0.846,0.992,0.729,0.901,0.944,10.0,19.0,-9.0,6.79,10.8,-4.010000000000001,Geoff Collins,24.0,33.5,-9.5,12.0,4.0,1.0,0.25
2022,Georgia Tech,ACC,-11.8,18.8,29.5,-1.1,,,5.0,7.0,12.0,4.0,4.0,3.6845221996348925,715.48,184.81,54.0,15.0,3.0,0.0,0.2,0.629,0.829,0.746,0.483,0.407,0.517,18.0,17.0,1.0,13.780000000000001,13.51,0.27000000000000135,Geoff Collins,17.166666666666668,28.416666666666668,-11.25,12.0,5.0,4.0,0.8
2023,Georgia Tech,ACC,0.3,29.4,29.1,0.1,,,7.0,6.0,13.0,5.0,3.0,5.721089519848352,710.85,185.2,62.0,21.0,0.0,0.0,0.0,0.366,0.86,0.473,0.27,0.382,0.439,16.0,20.0,-4.0,13.069999999999999,14.349999999999998,-1.2799999999999994,Brent Key,31.166666666666668,30.5,0.6666666666666666,12.0,3.0,2.0,0.6666666666666666
2024,Georgia Tech,ACC,1.9,31.1,27.9,-1.3,,,7.0,6.0,13.0,5.0,3.0,8.299482815850844,703.0,214.0,33.0,23.0,3.0,0.0,0.13043478260869565,0.849,1.0,0.767,0.789,0.852,1.0,12.0,33.0,-21.0,10.1,23.509999999999998,-13.409999999999998,Brent Key,29.083333333333332,24.833333333333332,4.25,12.0,6.0,4.0,0.6666666666666666
2025,Georgia Tech,ACC,9.3,32.5,24.9,1.7,,,9.0,4.0,13.0,6.0,2.0,7.706414759159088,715.56,240.77,21.0,24.0,6.0,0.0,0.25,0.669,0.997,0.846,0.419,0.736,0.838,23.0,33.0,-10.0,18.700000000000003,24.970000000000002,-6.27,Brent Key,33.083333333333336,25.0,8.083333333333334,12.0,5.0,4.0,0.8
2026,Georgia Tech,ACC,5.9,28.7,23.4,0.6,,,0.0,0.0,0.0,0.0,0.0,0.0,751.65,216.7,41.0,24.0,3.0,0.0,0.125,0.126,0.0,0.348,0.113,0.145,0.0,19.0,20.0,-1.0,16.229999999999997,14.309999999999997,1.92,Brent Key,,,,,,,
2004,Hawai'i,Mountain West,-2.4,43.8,43.4,,,,8.0,5.0,13.0,4.0,4.0,,,91.28,79.0,14.0,0.0,0.0,0.0,,,,,,,,,,,,,June Jones,34.0,38.25,-4.25,12.0,2.0,1.0,0.5
2005,Hawai'i,Mountain West,-2.9,34.2,37.1,,0.91,6.4,5.0,7.0,12.0,4.0,4.0,,,112.61,72.0,13.0,1.0,0.0,0.07692307692307693,,,,,,,,,,,,,June Jones,30.666666666666668,35.666666666666664,-5.0,12.0,2.0,1.0,0.5
2006,Hawai'i,Mountain West,13.1,42.6,30.0,0.5,0.928,12.0,11.0,3.0,14.0,7.0,1.0,,,46.53,114.0,12.0,0.0,0.0,0.0,,,,,,,,,,,,,June Jones,47.30769230769231,24.076923076923077,23.23076923076923,13.0,4.0,2.0,0.5
2007,Hawai'i,Mountain West,12.4,39.0,27.0,0.3,0.947,11.5,12.0,1.0,13.0,8.0,0.0,,,140.68,65.0,12.0,0.0,0.0,0.0,,,,,,,,,,,,,June Jones,46.166666666666664,24.166666666666668,22.0,12.0,5.0,5.0,1.0
2008,Hawai'i,Mountain West,-7.6,23.8,29.7,-1.7,0.926,7.3,7.0,7.0,14.0,5.0,3.0,,,134.54,73.0,11.0,0.0,0.0,0.0,,,,,,,,,,,,,Greg McMackin,24.923076923076923,27.307692307692307,-2.3846153846153846,13.0,4.0,2.0,0.5
2009,Hawai'i,Mountain West,-8.8,29.0,35.9,-1.8,0.943,7.0,6.0,7.0,13.0,3.0,5.0,,,151.83,78.0,20.0,0.0,0.0,0.0,,,,,,,,,,,,,Greg McMackin,22.76923076923077,29.46153846153846,-6.6923076923076925,13.0,4.0,3.0,0.75
2010,Hawai'i,Mountain West,12.8,39.5,26.4,-0.2,0.927,10.7,10.0,4.0,14.0,7.0,1.0,8.526202374417428,,155.71,80.0,25.0,0.0,0.0,0.0,,,,,,,,,,,,,Greg McMackin,39.92307692307692,22.692307692307693,17.23076923076923,13.0,2.0,2.0,1.0
2011,Hawai'i,Mountain West,-2.1,29.5,31.2,-0.4,0.975,7.6,6.0,7.0,13.0,3.0,4.0,5.984885968841057,,73.77,94.0,16.0,0.0,0.0,0.0,,,,,,,,,,,,,Greg McMackin,31.46153846153846,29.076923076923077,2.3846153846153846,13.0,4.0,1.0,0.25
2012,Hawai'i,Mountain West,-19.1,14.7,32.8,-1.0,0.928,3.1,3.0,9.0,12.0,1.0,7.0,4.984073072370577,,124.09,84.0,15.0,1.0,0.0,0.06666666666666667,,,,,,,,,,,,,Norm Chow,21.166666666666668,35.666666666666664,-14.5,12.0,0.0,0.0,
2013,Hawai'i,Mountain West,-14.3,23.4,35.6,-2.2,0.941,3.5,1.0,11.0,12.0,0.0,8.0,4.911248128077429,,139.5,78.0,18.0,0.0,0.0,0.0,,,,,,,,,,,,,Norm Chow,27.416666666666668,38.75,-11.333333333333334,12.0,6.0,1.0,0.16666666666666666
2014,Hawai'i,Mountain West,-15.0,15.7,30.6,0.0,0.96,3.3,4.0,9.0,13.0,3.0,5.0,3.52518218043608,,108.34,99.0,17.0,0.0,0.0,0.0,0.309,-0.343,0.552,0.492,0.5,0.27,,,,,,,Norm Chow,20.923076923076923,26.846153846153847,-5.923076923076923,13.0,4.0,2.0,0.5
2015,Hawai'i,Mountain West,-16.3,16.6,35.1,2.2,0.906,3.5,3.0,10.0,13.0,0.0,8.0,3.5566688182921418,385.63,98.16,122.0,7.0,0.0,0.0,0.0,0.752,0.826,0.618,0.76,0.778,0.884,,,,,,,Norm Chow,17.615384615384617,35.61538461538461,-18.0,13.0,2.0,1.0,0.5
2016,Hawai'i,Mountain West,-10.1,28.6,40.8,2.2,0.931,6.7,7.0,7.0,14.0,4.0,4.0,6.722279081830997,384.97,111.87,108.0,15.0,0.0,0.0,0.0,1.013,-1.302,0.744,0.86,0.712,0.389,,,,,,,Nick Rolovich,26.46153846153846,37.46153846153846,-11.0,13.0,6.0,4.0,0.6666666666666666
2017,Hawai'i,Mountain West,-19.7,23.3,40.4,-2.6,0.968,3.5,3.0,9.0,12.0,1.0,7.0,3.8522497861301725,330.56,133.96,86.0,18.0,0.0,0.0,0.0,0.611,0.736,0.612,0.546,0.634,0.758,,,,,,,Nick Rolovich,22.75,33.916666666666664,-11.166666666666666,12.0,2.0,1.0,0.5
2018,Hawai'i,Mountain West,-10.4,29.5,39.5,-0.4,0.941,7.2,8.0,6.0,14.0,5.0,3.0,7.441390091750906,343.97,138.46,96.0,20.0,0.0,0.0,0.0,0.301,-0.059,0.104,0.526,0.131,0.02,,,,,,,Nick Rolovich,32.07692307692308,35.38461538461539,-3.3076923076923075,13.0,5.0,4.0,0.8
2019,Hawai'i,Mountain West,-1.9,34.7,35.8,-0.9,,,10.0,5.0,15.0,5.0,4.0,8.22861427587499,420.99,129.53,115.0,17.0,0.0,0.0,0.0,0.715,0.96,1.095,0.514,0.799,0.98,,,,,,,Nick Rolovich,33.57142857142857,31.714285714285715,1.8571428571428572,14.0,5.0,4.0,0.8
2020,Hawai'i,Mountain West,-7.1,28.2,35.2,,,,5.0,4.0,9.0,4.0,4.0,4.121987017286146,393.56,124.35,127.0,14.0,0.0,0.0,0.0,0.481,0.139,0.63,0.69,0.497,0.198,,,,,,,Todd Graham,26.0,29.25,-3.25,8.0,2.0,2.0,1.0
2021,Hawai'i,Mountain West,-2.3,27.1,30.1,,,,6.0,7.0,13.0,3.0,5.0,6.337521071640404,397.43,90.15,127.0,12.0,0.0,0.0,0.0,0.759,1.023,0.836,0.562,0.685,0.994,6.0,10.0,-4.0,2.8000000000000003,4.6,-1.7999999999999994,Todd Graham,28.76923076923077,31.384615384615383,-2.6153846153846154,13.0,4.0,2.0,0.5
2022,Hawai'i,Mountain West,-24.7,15.8,39.4,-1.1,,,3.0,10.0,13.0,2.0,6.0,2.9155671643628924,419.54,84.97,126.0,16.0,0.0,0.0,0.0,0.243,0.111,0.263,0.315,0.282,0.231,13.0,22.0,-9.0,8.52,14.21,-5.690000000000001,Timmy Chang,19.76923076923077,34.69230769230769,-14.923076923076923,13.0,5.0,1.0,0.2
2023,Hawai'i,Mountain West,-16.4,19.4,35.7,-0.1,,,5.0,8.0,13.0,3.0,5.0,3.9713952343657537,407.77,111.34,117.0,18.0,0.0,0.0,0.0,0.627,0.92,0.595,0.541,0.67,0.995,8.0,9.0,-1.0,4.6,5.2,-0.6000000000000005,Timmy Chang,21.384615384615383,32.23076923076923,-10.846153846153847,13.0,4.0,2.0,0.5
2024,Hawai'i,Mountain West,-10.9,20.9,30.0,-1.8,,,5.0,7.0,12.0,3.0,4.0,5.3011440218501615,513.7,137.6,116.0,18.0,0.0,0.0,0.0,0.896,0.964,0.106,0.916,0.883,0.996,6.0,11.0,-5.0,4.4,4.67,-0.2699999999999996,Timmy Chang,22.333333333333332,26.0,-3.6666666666666665,12.0,4.0,1.0,0.25
2025,Hawai'i,Mountain West,1.7,27.3,27.3,1.7,,,9.0,4.0,13.0,5.0,3.0,7.125338144600391,481.2,101.95,124.0,11.0,0.0,0.0,0.0,0.459,0.438,0.119,0.524,0.349,0.14,13.0,25.0,-12.0,8.379999999999999,13.489999999999997,-5.109999999999998,Timmy Chang,28.5,23.5,5.0,12.0,3.0,1.0,0.3333333333333333
2026,Hawai'i,Mountain West,-2.6,25.9,29.1,0.6,,,0.0,0.0,0.0,0.0,0.0,0.0,556.82,161.47,124.0,17.0,0.0,0.0,0.0,0.645,0.912,0.211,0.523,0.578,0.786,16.0,9.0,7.0,12.5,4.55,7.95,Timmy Chang,,,,,,,
2004,Houston,Big 12,-6.3,29.8,35.0,,,,3.0,8.0,11.0,3.0,6.0,,,93.19,76.0,19.0,0.0,0.0,0.0,,,,,,,,,,,,,Art Briles,20.90909090909091,32.18181818181818,-11.272727272727273,11.0,3.0,0.0,0.0
2005,Houston,Big 12,-1.0,28.6,29.6,,0.958,8.0,6.0,6.0,12.0,4.0,4.0,,,102.37,79.0,17.0,0.0,0.0,0.0,,,,,,,,,,,,,Art Briles,29.454545454545453,25.636363636363637,3.8181818181818183,11.0,5.0,2.0,0.4
2006,Houston,Big 12,7.6,33.9,25.2,-1.1,0.934,11.3,10.0,4.0,14.0,8.0,1.0,,,101.62,83.0,24.0,0.0,0.0,0.0,,,,,,,,,,,,,Art Briles,32.76923076923077,21.923076923076923,10.846153846153847,13.0,5.0,2.0,0.4
2007,Houston,Big 12,-4.7,30.9,34.2,-1.5,0.944,7.1,8.0,5.0,13.0,6.0,2.0,,,137.41,66.0,20.0,0.0,0.0,0.0,,,,,,,,,,,,,Art Briles,36.333333333333336,29.916666666666668,6.416666666666667,12.0,4.0,2.0,0.5
2008,Houston,Big 12,6.4,39.2,31.5,-1.2,0.961,9.2,8.0,5.0,13.0,6.0,2.0,,,129.82,77.0,18.0,0.0,0.0,0.0,,,,,,,,,,,,,Kevin Sumlin,41.166666666666664,31.166666666666668,10.0,12.0,4.0,2.0,0.5
2009,Houston,Big 12,4.0,37.8,33.8,0.0,0.932,8.8,10.0,4.0,14.0,6.0,3.0,,,162.28,68.0,17.0,0.0,0.0,0.0,,,,,,,,,,,,,Kevin Sumlin,43.92307692307692,28.76923076923077,15.153846153846153,13.0,6.0,4.0,0.6666666666666666
2010,Houston,Big 12,-4.7,30.5,35.7,0.5,0.949,5.9,5.0,7.0,12.0,4.0,4.0,6.862380339904429,,185.42,55.0,21.0,0.0,0.0,0.0,,,,,,,,,,,,,Kevin Sumlin,37.666666666666664,32.166666666666664,5.5,12.0,3.0,0.0,0.0
2011,Houston,Big 12,14.2,40.3,26.5,0.5,0.959,11.7,13.0,1.0,14.0,8.0,1.0,10.314146640416439,,133.64,73.0,12.0,0.0,0.0,0.0,,,,,,,,,,,,,Kevin Sumlin,50.76923076923077,23.076923076923077,27.692307692307693,13.0,3.0,3.0,1.0
2012,Houston,Big 12,-5.6,26.2,32.9,1.1,0.969,5.6,5.0,7.0,12.0,4.0,4.0,6.961134563077474,,176.32,56.0,22.0,1.0,0.0,0.045454545454545456,,,,,,,,,,,,,Tony Levine,32.416666666666664,36.0,-3.5833333333333335,12.0,2.0,0.0,0.0
2013,Houston,Big 12,4.9,29.4,25.4,0.8,0.937,8.1,8.0,5.0,13.0,5.0,3.0,6.798391797202906,,171.4,57.0,13.0,0.0,0.0,0.0,,,,,,,,,,,,,Tony Levine,33.916666666666664,20.166666666666668,13.75,12.0,5.0,1.0,0.2
2014,Houston,Big 12,5.4,30.4,23.6,-1.4,0.952,8.5,8.0,5.0,13.0,5.0,3.0,8.873151026212225,,144.26,75.0,22.0,0.0,0.0,0.0,0.84,0.965,0.714,0.806,0.884,0.912,,,,,,,David Gibbs,29.333333333333332,19.5,9.833333333333334,12.0,4.0,1.0,0.25
2015,Houston,Big 12,6.2,33.6,28.4,1.0,0.918,9.7,13.0,1.0,14.0,8.0,1.0,10.77165443233104,511.45,131.58,89.0,17.0,0.0,0.0,0.0,0.696,0.731,0.967,0.516,0.642,0.584,,,,,,,Tom Herman,40.61538461538461,20.46153846153846,20.153846153846153,13.0,4.0,3.0,0.75
2016,Houston,Big 12,10.1,30.8,21.7,1.0,0.896,8.5,9.0,4.0,13.0,5.0,3.0,9.569756358541158,572.7,201.5,36.0,19.0,3.0,1.0,0.15789473684210525,0.709,0.947,0.747,0.524,0.615,0.963,,,,,,,Major Applewhite,38.0,22.583333333333332,15.416666666666666,12.0,4.0,2.0,0.5
2017,Houston,Big 12,7.7,32.3,25.8,1.3,0.948,7.5,7.0,5.0,12.0,5.0,3.0,8.270880673003614,558.72,160.34,69.0,18.0,0.0,0.0,0.0,0.396,0.148,0.086,0.599,0.486,0.112,,,,,,,Major Applewhite,28.363636363636363,23.0,5.363636363636363,11.0,6.0,3.0,0.5
2018,Houston,Big 12,2.3,36.7,34.9,0.6,0.961,8.1,8.0,5.0,13.0,5.0,3.0,7.894145673118324,577.17,166.86,73.0,21.0,0.0,0.0,0.0,0.321,0.418,0.45,0.229,0.32,0.346,,,,,,,Major Applewhite,46.416666666666664,34.416666666666664,12.0,12.0,0.0,0.0,
2019,Houston,Big 12,-4.3,29.6,35.4,1.5,,,4.0,8.0,12.0,2.0,6.0,3.4262733059372423,597.62,165.39,72.0,11.0,0.0,0.0,0.0,0.884,1.01,0.913,0.778,0.892,0.99,,,,,,,Dana Holgorsen,30.666666666666668,34.0,-3.3333333333333335,12.0,4.0,1.0,0.25
2020,Houston,Big 12,3.3,32.2,29.0,,,,3.0,5.0,8.0,3.0,3.0,3.3896688028126065,608.28,155.32,82.0,15.0,0.0,0.0,0.0,0.784,1.235,0.46,0.83,0.757,0.651,,,,,,,Dana Holgorsen,32.285714285714285,32.57142857142857,-0.2857142857142857,7.0,1.0,0.0,0.0
2021,Houston,Big 12,10.9,31.5,20.0,,,,12.0,2.0,14.0,8.0,1.0,10.835028051635348,571.21,153.47,81.0,10.0,0.0,0.0,0.0,0.668,0.986,0.773,0.504,0.723,0.964,10.0,12.0,-2.0,6.91,5.8,1.1100000000000003,Dana Holgorsen,37.30769230769231,21.0,16.307692307692307,13.0,2.0,2.0,1.0
2022,Houston,Big 12,4.5,42.5,37.7,-0.3,,,8.0,5.0,13.0,5.0,3.0,7.952554865690328,629.12,187.64,50.0,14.0,1.0,0.0,0.07142857142857142,0.77,1.017,0.889,0.604,0.834,0.998,11.0,23.0,-12.0,8.13,13.639999999999997,-5.509999999999996,Dana Holgorsen,37.166666666666664,33.5,3.6666666666666665,12.0,7.0,4.0,0.5714285714285714
2023,Houston,Big 12,-7.8,25.6,32.2,-1.2,,,4.0,8.0,12.0,2.0,7.0,2.775606899817383,670.25,191.97,55.0,18.0,3.0,0.0,0.16666666666666666,0.234,0.005,0.333,0.371,0.269,0.008,20.0,21.0,-1.0,16.459999999999997,13.439999999999998,3.0199999999999996,Dana Holgorsen,23.666666666666668,31.5,-7.833333333333333,12.0,5.0,3.0,0.6
2024,Houston,Big 12,-8.2,18.1,24.5,-1.8,,,4.0,8.0,12.0,3.0,6.0,4.963046480468042,646.7,184.0,60.0,14.0,2.0,0.0,0.14285714285714285,0.636,0.977,1.282,0.39,0.828,0.995,27.0,34.0,-7.0,23.339999999999996,25.310000000000002,-1.970000000000006,Willie Fritz,14.0,22.916666666666668,-8.916666666666666,12.0,3.0,2.0,0.6666666666666666
2025,Houston,Big 12,7.4,31.5,23.0,-1.1,,,10.0,3.0,13.0,6.0,3.0,7.08340787794441,656.74,198.73,52.0,19.0,2.0,0.0,0.10526315789473684,0.68,1.0,0.61,0.682,0.669,0.453,28.0,28.0,0.0,21.25,17.979999999999997,3.270000000000003,Willie Fritz,28.333333333333332,21.833333333333332,6.5,12.0,5.0,4.0,0.8
2026,Houston,Big 12,7.4,30.9,23.1,-0.4,,,0.0,0.0,0.0,0.0,0.0,0.0,695.93,218.85,38.0,19.0,4.0,1.0,0.21052631578947367,0.812,0.915,5.226,0.613,0.6,0.929,18.0,17.0,1.0,14.339999999999996,10.399999999999999,3.9399999999999977,Willie Fritz,,,,,,,
2004,Idaho,Big Sky,-23.1,26.6,43.4,,,,3.0,9.0,12.0,2.0,5.0,,,79.45,95.0,26.0,0.0,0.0,0.0,,,,,,,,,,,,,Nick Holt,20.416666666666668,39.416666666666664,-19.0,12.0,3.0,1.0,0.3333333333333333
2006,Idaho,Big Sky,-23.7,14.6,37.2,-1.1,0.924,3.6,4.0,8.0,12.0,3.0,5.0,,,92.85,91.0,14.0,0.0,0.0,0.0,,,,,,,,,,,,,Dennis Erickson,16.916666666666668,34.75,-17.833333333333332,12.0,1.0,1.0,1.0
2007,Idaho,Big Sky,-25.5,15.1,41.0,0.3,0.915,2.6,1.0,11.0,12.0,0.0,8.0,,,88.76,100.0,15.0,0.0,0.0,0.0,,,,,,,,,,,,,,21.5,36.916666666666664,-15.416666666666666,12.0,3.0,1.0,0.3333333333333333
2008,Idaho,Big Sky,-28.8,14.4,44.0,0.8,0.963,2.4,2.0,10.0,12.0,1.0,7.0,,,83.12,107.0,20.0,0.0,0.0,0.0,,,,,,,,,,,,,,19.583333333333332,42.75,-23.166666666666668,12.0,2.0,1.0,0.5
2009,Idaho,Big Sky,-10.6,32.3,42.1,-0.7,0.954,6.5,8.0,5.0,13.0,4.0,4.0,,,78.81,112.0,17.0,0.0,0.0,0.0,,,,,,,,,,,,,,31.833333333333332,35.5,-3.6666666666666665,12.0,5.0,4.0,0.8
2010,Idaho,Big Sky,-11.9,21.2,33.5,0.4,0.908,6.1,6.0,7.0,13.0,3.0,5.0,4.846818944249831,,140.01,97.0,16.0,0.0,0.0,0.0,,,,,,,,,,,,,,26.615384615384617,28.307692307692307,-1.6923076923076923,13.0,3.0,1.0,0.3333333333333333
2011,Idaho,Big Sky,-23.5,10.5,34.5,0.5,0.942,2.1,2.0,10.0,12.0,1.0,6.0,4.106377788462206,,48.78,117.0,14.0,0.0,0.0,0.0,,,,,,,,,,,,,,20.25,33.25,-13.0,12.0,5.0,1.0,0.2
2012,Idaho,Big Sky,-30.6,11.6,43.2,1.1,0.92,2.0,1.0,11.0,12.0,1.0,5.0,4.249779984216275,,96.07,110.0,15.0,0.0,0.0,0.0,,,,,,,,,,,,,,15.833333333333334,42.416666666666664,-26.583333333333332,12.0,2.0,0.0,0.0
2013,Idaho,Big Sky,-35.6,13.6,48.4,-0.9,0.909,1.2,1.0,11.0,12.0,0.0,0.0,3.1931057882720344,,80.11,124.0,15.0,0.0,0.0,0.0,,,,,,,,,,,,,Paul Petrino,18.166666666666668,46.75,-28.583333333333332,12.0,1.0,1.0,1.0
2014,Idaho,Big Sky,-17.4,24.6,41.4,-0.6,0.979,2.4,1.0,10.0,11.0,1.0,7.0,2.0204102271494833,,77.86,129.0,7.0,0.0,0.0,0.0,0.742,1.766,0.713,0.62,0.575,0.51,,,,,,,Paul Petrino,25.0,37.27272727272727,-12.272727272727273,11.0,2.0,0.0,0.0
2015,Idaho,Big Sky,-12.2,30.7,44.4,1.6,0.93,3.2,4.0,8.0,12.0,3.0,5.0,4.168541277199148,262.39,98.54,121.0,13.0,0.0,0.0,0.0,0.383,0.547,0.566,0.274,0.584,0.85,,,,,,,Paul Petrino,30.333333333333332,42.083333333333336,-11.75,12.0,5.0,3.0,0.6
2016,Idaho,Big Sky,-8.6,24.7,34.9,1.5,0.937,6.4,9.0,4.0,13.0,6.0,2.0,6.77581676287416,256.78,101.42,123.0,24.0,0.0,0.0,0.0,0.652,0.892,0.405,0.645,0.603,0.809,,,,,,,Paul Petrino,28.25,29.75,-1.5,12.0,4.0,4.0,1.0
2017,Idaho,Big Sky,-12.4,18.7,30.2,-0.8,0.969,5.2,4.0,8.0,12.0,3.0,5.0,6.042721200349226,184.75,83.36,134.0,18.0,0.0,0.0,0.0,0.591,0.937,0.782,0.389,0.81,0.966,,,,,,,Paul Petrino,20.916666666666668,25.75,-4.833333333333333,12.0,6.0,1.0,0.16666666666666666
2004,Illinois,Big Ten,-11.3,26.7,35.5,,,,3.0,8.0,11.0,1.0,8.0,,,122.38,57.0,18.0,0.0,0.0,0.0,,,,,,,,,,,,,Ron Turner,21.818181818181817,29.363636363636363,-7.545454545454546,11.0,3.0,2.0,0.6666666666666666
2005,Illinois,Big Ten,-8.8,25.6,34.3,,0.817,2.0,2.0,9.0,11.0,0.0,9.0,,,156.4,48.0,12.0,1.0,0.0,0.08333333333333333,,,,,,,,,,,,,Ron Zook,17.0,39.54545454545455,-22.545454545454547,11.0,1.0,1.0,1.0
2006,Illinois,Big Ten,-2.8,20.1,22.3,-0.5,0.871,5.5,2.0,10.0,12.0,1.0,7.0,,,193.1,27.0,11.0,3.0,0.0,0.2727272727272727,,,,,,,,,,,,,Ron Zook,19.583333333333332,26.75,-7.166666666666667,12.0,5.0,1.0,0.2
2007,Illinois,Big Ten,12.7,34.7,22.9,0.9,0.836,8.7,9.0,4.0,13.0,6.0,3.0,,,212.85,22.0,11.0,3.0,2.0,0.2727272727272727,,,,,,,,,,,,,Ron Zook,28.75,19.5,9.25,12.0,5.0,3.0,0.6
2008,Illinois,Big Ten,8.9,33.2,23.8,-0.5,0.875,7.0,5.0,7.0,12.0,3.0,5.0,,,220.63,22.0,16.0,6.0,0.0,0.375,,,,,,,,,,,,,Ron Zook,28.666666666666668,26.583333333333332,2.0833333333333335,12.0,4.0,2.0,0.5
2009,Illinois,Big Ten,-5.7,27.1,32.0,-0.8,0.872,4.3,3.0,9.0,12.0,2.0,6.0,,,214.15,28.0,15.0,6.0,0.0,0.4,,,,,,,,,,,,,Ron Zook,24.166666666666668,30.166666666666668,-6.0,12.0,3.0,1.0,0.3333333333333333
2010,Illinois,Big Ten,8.6,30.2,22.4,0.8,0.877,7.8,7.0,6.0,13.0,4.0,4.0,7.1548037952879495,,180.07,61.0,19.0,0.0,0.0,0.0,,,,,,,,,,,,,Ron Zook,32.083333333333336,24.25,7.833333333333333,12.0,4.0,1.0,0.25
2011,Illinois,Big Ten,6.8,23.6,17.1,0.3,0.895,6.9,7.0,6.0,13.0,2.0,6.0,7.8745121072632465,,183.92,37.0,22.0,1.0,0.0,0.045454545454545456,,,,,,,,,,,,,Ron Zook,22.833333333333332,20.083333333333332,2.75,12.0,5.0,3.0,0.6
2012,Illinois,Big Ten,-9.8,21.2,32.1,1.0,0.882,3.2,2.0,10.0,12.0,0.0,8.0,5.163201275705683,,162.09,63.0,16.0,0.0,0.0,0.0,,,,,,,,,,,,,Tim Beckman,16.666666666666668,32.083333333333336,-15.416666666666666,12.0,1.0,0.0,0.0
2013,Illinois,Big Ten,-4.0,34.2,36.8,-1.4,0.865,4.7,4.0,8.0,12.0,1.0,7.0,5.852850016436464,,176.35,51.0,18.0,1.0,0.0,0.05555555555555555,,,,,,,,,,,,,Tim Beckman,29.666666666666668,35.416666666666664,-5.75,12.0,3.0,1.0,0.3333333333333333
2014,Illinois,Big Ten,0.4,28.3,27.9,-0.1,0.892,5.7,6.0,7.0,13.0,3.0,5.0,5.011346030504698,,153.35,72.0,7.0,0.0,0.0,0.0,0.262,0.019,0.316,0.369,0.387,0.049,,,,,,,Tim Beckman,26.583333333333332,33.916666666666664,-7.333333333333333,12.0,3.0,3.0,1.0
2015,Illinois,Big Ten,2.7,22.7,20.2,0.2,0.854,5.2,5.0,7.0,12.0,2.0,6.0,4.744817112084076,530.96,181.74,48.0,10.0,2.0,0.0,0.2,0.73,0.768,-0.265,0.793,0.555,0.509,,,,,,,Bill Cubit,22.666666666666668,23.25,-0.5833333333333334,12.0,2.0,2.0,1.0
2016,Illinois,Big Ten,-6.7,22.7,29.5,0.2,0.864,3.0,3.0,9.0,12.0,2.0,7.0,3.425821394391717,523.91,153.64,73.0,24.0,0.0,0.0,0.0,0.688,0.988,0.186,0.615,0.71,0.994,,,,,,,Lovie Smith,19.666666666666668,31.916666666666668,-12.25,12.0,2.0,1.0,0.5
2017,Illinois,Big Ten,-7.4,21.6,29.9,0.9,0.848,2.3,2.0,10.0,12.0,0.0,9.0,2.1359313214855207,538.83,185.24,46.0,27.0,0.0,0.0,0.0,0.508,0.025,0.819,0.596,0.541,0.347,,,,,,,Lovie Smith,15.416666666666666,31.5,-16.083333333333332,12.0,2.0,1.0,0.5
2018,Illinois,Big Ten,-7.9,29.1,38.6,1.5,0.909,3.9,4.0,8.0,12.0,2.0,7.0,4.056503777013092,562.67,185.83,54.0,26.0,2.0,0.0,0.07692307692307693,0.764,-2.667,0.613,0.757,0.368,0.005,,,,,,,Lovie Smith,26.0,39.416666666666664,-13.416666666666666,12.0,2.0,1.0,0.5
2019,Illinois,Big Ten,0.6,24.4,25.8,2.0,,,6.0,7.0,13.0,4.0,5.0,5.425147611675753,661.73,184.37,53.0,17.0,3.0,0.0,0.17647058823529413,0.632,-0.234,0.6,0.754,0.463,0.026,,,,,,,Lovie Smith,27.25,25.416666666666668,1.8333333333333333,12.0,4.0,2.0,0.5
2020,Illinois,Big Ten,-5.4,23.9,29.4,,,,2.0,6.0,8.0,2.0,6.0,2.2659332868056357,644.09,152.9,87.0,14.0,0.0,0.0,0.0,0.836,1.0,0.647,0.815,0.711,1.0,,,,,,,Lovie Smith,20.125,34.875,-14.75,8.0,2.0,1.0,0.5
2021,Illinois,Big Ten,4.3,23.2,21.8,,,,5.0,7.0,12.0,4.0,5.0,5.799088614359648,630.16,159.12,73.0,18.0,0.0,0.0,0.0,0.912,1.0,0.98,0.822,0.921,1.0,9.0,17.0,-8.0,4.66,10.239999999999998,-5.579999999999998,Bret Bielema,20.166666666666668,21.916666666666668,-1.75,12.0,5.0,1.0,0.2
2022,Illinois,Big Ten,15.9,20.6,5.5,0.8,,,8.0,5.0,13.0,5.0,4.0,10.178352321979332,631.46,192.59,46.0,25.0,0.0,0.0,0.0,0.55,-0.075,0.747,0.648,0.694,0.504,8.0,23.0,-15.0,3.71,12.839999999999998,-9.129999999999999,Bret Bielema,25.416666666666668,12.25,13.166666666666666,12.0,4.0,1.0,0.25
2023,Illinois,Big Ten,-2.5,21.6,24.1,-0.1,,,5.0,7.0,12.0,3.0,6.0,5.843894709926475,630.95,205.64,38.0,22.0,3.0,0.0,0.13636363636363635,0.321,-0.007,-0.119,0.612,0.268,0.005,7.0,11.0,-4.0,5.57,7.249999999999998,-1.679999999999998,Bret Bielema,24.5,29.416666666666668,-4.916666666666667,12.0,8.0,5.0,0.625
2024,Illinois,Big Ten,9.6,29.0,20.9,1.5,,,10.0,3.0,13.0,6.0,3.0,8.468578368934404,653.75,198.84,49.0,18.0,2.0,0.0,0.1111111111111111,0.447,0.547,0.86,0.306,0.554,0.674,12.0,24.0,-12.0,10.129999999999999,15.989999999999998,-5.859999999999999,Bret Bielema,28.916666666666668,22.083333333333332,6.833333333333333,12.0,4.0,4.0,1.0
2025,Illinois,Big Ten,12.9,33.3,21.7,1.3,,,9.0,4.0,13.0,5.0,4.0,7.779355075210333,662.13,202.76,45.0,21.0,1.0,0.0,0.047619047619047616,0.525,0.912,0.518,0.324,0.74,0.977,18.0,24.0,-6.0,13.950000000000001,15.659999999999997,-1.7099999999999955,Bret Bielema,29.333333333333332,23.25,6.083333333333333,12.0,2.0,2.0,1.0
2026,Illinois,Big Ten,10.4,32.0,22.1,0.4,,,0.0,0.0,0.0,0.0,0.0,0.0,704.01,230.18,24.0,31.0,5.0,0.0,0.16129032258064516,0.211,0.032,0.342,0.313,0.435,0.005,20.0,27.0,-7.0,15.399999999999997,20.09,-4.690000000000003,Bret Bielema,,,,,,,
2004,Indiana,Big Ten,-7.4,30.5,36.3,,,,3.0,8.0,11.0,2.0,7.0,,,125.43,54.0,11.0,0.0,0.0,0.0,,,,,,,,,,,,,Gerry DiNardo,23.818181818181817,31.181818181818183,-7.363636363636363,11.0,4.0,1.0,0.25
2005,Indiana,Big Ten,-4.7,26.2,30.9,,0.854,3.9,4.0,7.0,11.0,1.0,7.0,,,103.16,78.0,20.0,0.0,0.0,0.0,,,,,,,,,,,,,Terry Hoeppner,22.545454545454547,32.81818181818182,-10.272727272727273,11.0,2.0,2.0,1.0
2006,Indiana,Big Ten,-9.9,21.6,31.2,-0.3,0.865,3.7,5.0,7.0,12.0,3.0,5.0,,,122.15,67.0,16.0,0.0,0.0,0.0,,,,,,,,,,,,,Terry Hoeppner,23.083333333333332,32.833333333333336,-9.75,12.0,5.0,3.0,0.6
2007,Indiana,Big Ten,-0.2,27.9,29.3,1.2,0.909,6.5,7.0,6.0,13.0,3.0,5.0,,,123.89,80.0,13.0,0.0,0.0,0.0,,,,,,,,,,,,,Bill Lynch,31.583333333333332,26.75,4.833333333333333,12.0,3.0,1.0,0.3333333333333333
2008,Indiana,Big Ten,-8.3,24.3,31.6,-1.0,0.9,3.8,3.0,9.0,12.0,1.0,7.0,,,145.51,68.0,17.0,0.0,0.0,0.0,,,,,,,,,,,,,Bill Lynch,20.5,35.25,-14.75,12.0,2.0,1.0,0.5
2009,Indiana,Big Ten,-6.7,25.4,30.4,-1.7,0.881,5.0,4.0,8.0,12.0,1.0,7.0,,,163.75,66.0,13.0,0.0,0.0,0.0,,,,,,,,,,,,,Bill Lynch,23.5,29.5,-6.0,12.0,5.0,2.0,0.4
2010,Indiana,Big Ten,-5.3,28.4,33.5,-0.2,0.87,5.3,5.0,7.0,12.0,1.0,7.0,5.90290213339486,,164.39,77.0,23.0,0.0,0.0,0.0,,,,,,,,,,,,,Bill Lynch,27.166666666666668,34.0,-6.833333333333333,12.0,5.0,2.0,0.4
2011,Indiana,Big Ten,-16.9,21.8,38.5,-0.2,0.882,2.0,1.0,11.0,12.0,0.0,8.0,4.461091563606234,,158.62,55.0,15.0,0.0,0.0,0.0,,,,,,,,,,,,,Kevin Wilson,21.416666666666668,37.333333333333336,-15.916666666666666,12.0,4.0,0.0,0.0
2012,Indiana,Big Ten,-4.6,30.5,35.1,-0.1,0.912,4.7,4.0,8.0,12.0,2.0,6.0,5.061337958645788,,175.53,57.0,16.0,0.0,0.0,0.0,,,,,,,,,,,,,Kevin Wilson,30.75,35.25,-4.5,12.0,6.0,2.0,0.3333333333333333
2013,Indiana,Big Ten,1.4,37.1,35.9,0.1,0.865,6.0,5.0,7.0,12.0,3.0,5.0,7.036615577701746,,190.33,42.0,18.0,4.0,0.0,0.2222222222222222,,,,,,,,,,,,,Kevin Wilson,38.416666666666664,38.833333333333336,-0.4166666666666667,12.0,2.0,0.0,0.0
2014,Indiana,Big Ten,1.8,30.1,27.8,-0.5,0.874,4.6,4.0,8.0,12.0,1.0,7.0,4.055901559185323,,180.46,48.0,15.0,1.0,0.0,0.06666666666666667,0.446,0.797,0.404,0.311,0.546,0.685,,,,,,,Kevin Wilson,25.083333333333332,32.833333333333336,-7.75,12.0,4.0,2.0,0.5
2015,Indiana,Big Ten,0.4,37.5,35.9,-1.2,0.869,6.7,6.0,7.0,13.0,2.0,6.0,7.445339926952616,559.08,175.35,53.0,11.0,0.0,0.0,0.0,0.271,0.766,0.177,0.388,0.471,0.997,,,,,,,Kevin Wilson,36.166666666666664,37.083333333333336,-0.9166666666666666,12.0,6.0,3.0,0.5
2016,Indiana,Big Ten,4.6,25.1,19.4,-1.1,0.876,7.6,6.0,7.0,13.0,4.0,5.0,6.271396238759947,565.47,172.23,53.0,19.0,0.0,0.0,0.0,0.387,0.073,0.009,0.739,0.47,0.123,,,,,,,Tom Allen,25.916666666666668,27.333333333333332,-1.4166666666666667,12.0,6.0,4.0,0.6666666666666666
2017,Indiana,Big Ten,10.2,28.6,20.2,1.8,0.821,5.5,5.0,7.0,12.0,2.0,7.0,5.566151816878641,547.92,167.99,62.0,24.0,0.0,0.0,0.0,0.635,0.943,2.797,0.544,0.609,0.961,,,,,,,Tom Allen,26.833333333333332,25.333333333333332,1.5,12.0,3.0,0.0,0.0
2018,Indiana,Big Ten,1.6,30.2,29.1,0.4,0.861,4.7,5.0,7.0,12.0,2.0,7.0,4.988522298128727,564.04,190.77,50.0,30.0,0.0,0.0,0.0,0.291,0.357,4.224,0.353,0.483,0.414,,,,,,,Tom Allen,26.416666666666668,29.916666666666668,-3.5,12.0,6.0,3.0,0.5
2019,Indiana,Big Ten,12.8,35.6,23.8,1.0,,,8.0,5.0,13.0,5.0,4.0,8.05806181205177,603.81,202.63,36.0,23.0,4.0,0.0,0.17391304347826086,0.82,0.882,1.185,0.698,0.871,0.98,,,,,,,Tom Allen,32.583333333333336,24.5,8.083333333333334,12.0,4.0,3.0,0.75
2020,Indiana,Big Ten,11.2,33.6,22.6,,,,6.0,2.0,8.0,6.0,1.0,4.400919295361021,611.17,177.39,58.0,22.0,1.0,0.0,0.045454545454545456,0.593,0.347,0.634,0.739,0.594,0.349,,,,,,,Tom Allen,30.142857142857142,19.428571428571427,10.714285714285714,7.0,2.0,1.0,0.5
2021,Indiana,Big Ten,-7.8,20.4,27.3,,,,2.0,10.0,12.0,0.0,9.0,2.85177486745489,664.25,177.78,54.0,14.0,2.0,0.0,0.14285714285714285,0.878,1.0,0.354,0.857,0.678,1.0,8.0,10.0,-2.0,5.5,5.6,-0.09999999999999964,Tom Allen,17.25,33.25,-16.0,12.0,3.0,1.0,0.3333333333333333
2022,Indiana,Big Ten,-7.1,29.9,36.6,-0.4,,,4.0,8.0,12.0,2.0,7.0,1.7430787709538373,680.74,219.8,26.0,25.0,4.0,0.0,0.16,0.245,0.354,0.781,0.104,0.377,0.585,13.0,34.0,-21.0,9.690000000000001,20.53,-10.84,Tom Allen,23.25,33.916666666666664,-10.666666666666666,12.0,4.0,2.0,0.5
2023,Indiana,Big Ten,-7.4,19.6,27.2,0.3,,,3.0,9.0,12.0,1.0,8.0,4.168797102906604,677.57,177.6,69.0,14.0,0.0,0.0,0.0,0.358,-0.362,0.6,0.513,0.345,0.107,23.0,24.0,-1.0,18.33,15.52,2.8099999999999987,Tom Allen,22.166666666666668,29.916666666666668,-7.75,12.0,6.0,2.0,0.3333333333333333
2024,Indiana,Big Ten,20.1,35.0,16.4,1.5,,,11.0,2.0,13.0,8.0,1.0,10.765014753505865,668.92,179.89,65.0,17.0,1.0,0.0,0.058823529411764705,0.432,0.432,-0.148,0.603,0.285,0.34,30.0,42.0,-12.0,23.810000000000002,30.04000000000001,-6.2300000000000075,Curt Cignetti,43.333333333333336,14.666666666666666,28.666666666666668,12.0,1.0,1.0,1.0
2025,Indiana,Big Ten,32.4,40.8,9.9,1.5,,,16.0,0.0,16.0,9.0,0.0,12.897003024816513,645.34,201.75,47.0,26.0,1.0,0.0,0.038461538461538464,0.251,0.031,0.099,0.446,0.148,0.008,23.0,27.0,-4.0,18.14,18.249999999999996,-0.10999999999999588,Curt Cignetti,41.92307692307692,10.846153846153847,31.076923076923077,13.0,3.0,3.0,1.0
2026,Indiana,Big Ten,25.8,37.8,12.5,0.5,,,0.0,0.0,0.0,0.0,0.0,0.0,735.26,226.46,29.0,23.0,7.0,0.0,0.30434782608695654,0.166,0.019,0.245,0.241,0.118,0.005,17.0,16.0,1.0,13.309999999999999,9.02,4.289999999999999,Curt Cignetti,,,,,,,
2004,Iowa,Big Ten,20.0,34.4,15.3,,,,10.0,2.0,12.0,7.0,2.0,,,35.7,114.0,2.0,1.0,1.0,0.5,,,,,,,,,,,,,Kirk Ferentz,23.818181818181817,16.90909090909091,6.909090909090909,11.0,4.0,4.0,1.0
2005,Iowa,Big Ten,20.9,38.5,17.6,,0.875,8.9,7.0,5.0,12.0,5.0,3.0,,,252.89,6.0,11.0,7.0,3.0,0.6363636363636364,,,,,,,,,,,,,Kirk Ferentz,30.545454545454547,19.0,11.545454545454545,11.0,2.0,0.0,0.0
2006,Iowa,Big Ten,13.4,32.0,18.4,-0.1,0.862,8.2,6.0,7.0,13.0,2.0,6.0,,,174.47,37.0,12.0,2.0,0.0,0.16666666666666666,,,,,,,,,,,,,Kirk Ferentz,23.833333333333332,20.25,3.5833333333333335,12.0,3.0,1.0,0.3333333333333333
2007,Iowa,Big Ten,6.5,23.6,16.5,-0.6,0.919,6.7,6.0,6.0,12.0,4.0,4.0,,,199.85,29.0,13.0,2.0,0.0,0.15384615384615385,,,,,,,,,,,,,Kirk Ferentz,18.5,18.75,-0.25,12.0,5.0,3.0,0.6
2008,Iowa,Big Ten,25.5,35.4,10.9,1.0,0.929,11.0,9.0,4.0,13.0,5.0,3.0,,,169.8,50.0,17.0,0.0,0.0,0.0,,,,,,,,,,,,,Kirk Ferentz,30.25,13.25,17.0,12.0,6.0,2.0,0.3333333333333333
2009,Iowa,Big Ten,17.3,25.1,8.9,1.1,0.885,9.9,11.0,2.0,13.0,7.0,2.0,,,165.44,64.0,18.0,2.0,0.0,0.1111111111111111,,,,,,,,,,,,,Kirk Ferentz,23.083333333333332,15.5,7.583333333333333,12.0,6.0,4.0,0.6666666666666666
2010,Iowa,Big Ten,17.0,35.9,19.8,0.9,0.852,8.4,8.0,5.0,13.0,4.0,5.0,7.766498243985989,,208.14,36.0,16.0,4.0,0.0,0.25,,,,,,,,,,,,,Kirk Ferentz,29.083333333333332,16.416666666666668,12.666666666666666,12.0,6.0,1.0,0.16666666666666666
2011,Iowa,Big Ten,12.8,32.4,19.7,0.1,0.875,7.6,7.0,6.0,13.0,4.0,4.0,7.575425272190953,,208.64,26.0,14.0,5.0,0.0,0.35714285714285715,,,,,,,,,,,,,Kirk Ferentz,28.666666666666668,23.25,5.416666666666667,12.0,3.0,1.0,0.3333333333333333
2012,Iowa,Big Ten,0.5,22.5,22.4,0.5,0.894,4.0,4.0,8.0,12.0,2.0,6.0,5.712998702188916,,201.08,40.0,23.0,4.0,0.0,0.17391304347826086,,,,,,,,,,,,,Kirk Ferentz,19.333333333333332,22.916666666666668,-3.5833333333333335,12.0,7.0,2.0,0.2857142857142857
2013,Iowa,Big Ten,17.3,29.6,12.4,0.1,0.859,8.0,8.0,5.0,13.0,5.0,3.0,7.608439306324725,,171.96,56.0,11.0,0.0,0.0,0.0,,,,,,,,,,,,,Kirk Ferentz,27.333333333333332,18.75,8.583333333333334,12.0,4.0,3.0,0.75
2014,Iowa,Big Ten,6.8,32.5,24.2,-1.5,0.907,6.6,7.0,6.0,13.0,4.0,4.0,7.96240360751203,,171.84,58.0,13.0,0.0,0.0,0.0,0.825,1.0,1.115,0.749,0.952,1.0,,,,,,,Kirk Ferentz,28.25,24.0,4.25,12.0,6.0,2.0,0.3333333333333333
2015,Iowa,Big Ten,9.3,30.1,21.0,0.2,0.889,9.8,12.0,2.0,14.0,8.0,1.0,10.052833822025198,573.06,169.99,59.0,13.0,1.0,0.0,0.07692307692307693,0.333,0.145,0.038,0.538,0.356,0.209,,,,,,,Kirk Ferentz,32.07692307692308,18.46153846153846,13.615384615384615,13.0,4.0,3.0,0.75
2016,Iowa,Big Ten,10.3,29.0,18.9,0.2,0.872,8.2,8.0,5.0,13.0,6.0,3.0,7.371007351675093,558.73,181.39,47.0,24.0,0.0,0.0,0.0,0.839,0.965,0.871,0.723,0.744,0.995,,,,,,,Kirk Ferentz,26.75,17.916666666666668,8.833333333333334,12.0,5.0,3.0,0.6
2017,Iowa,Big Ten,9.8,28.4,19.4,0.8,0.819,6.9,8.0,5.0,13.0,4.0,5.0,7.934344552327252,592.95,191.44,41.0,30.0,3.0,1.0,0.1,0.304,0.038,0.26,0.408,0.264,0.027,,,,,,,Kirk Ferentz,28.333333333333332,19.916666666666668,8.416666666666666,12.0,5.0,2.0,0.4
2018,Iowa,Big Ten,13.3,30.3,17.7,0.7,0.911,8.8,9.0,4.0,13.0,5.0,4.0,8.603166796142737,615.08,203.34,39.0,26.0,0.0,0.0,0.0,0.827,0.933,1.711,0.743,0.598,0.989,,,,,,,Kirk Ferentz,31.5,17.416666666666668,14.083333333333334,12.0,4.0,1.0,0.25
2019,Iowa,Big Ten,16.7,30.0,15.2,1.8,,,10.0,3.0,13.0,6.0,3.0,7.726973450589029,637.65,199.36,41.0,22.0,3.0,0.0,0.13636363636363635,0.609,0.893,1.114,0.346,0.811,0.988,,,,,,,Kirk Ferentz,23.833333333333332,13.166666666666666,10.666666666666666,12.0,7.0,4.0,0.5714285714285714
2020,Iowa,Big Ten,16.3,29.7,13.5,,,,6.0,2.0,8.0,6.0,2.0,6.32902030292588,631.81,203.81,35.0,22.0,4.0,0.0,0.18181818181818182,0.581,0.004,0.34,0.963,0.522,0.025,,,,,,,Kirk Ferentz,31.75,16.0,15.75,8.0,3.0,1.0,0.3333333333333333
2021,Iowa,Big Ten,11.4,23.6,14.4,,,,10.0,4.0,14.0,7.0,3.0,6.9858093970651876,657.39,213.89,23.0,19.0,7.0,0.0,0.3684210526315789,0.624,0.935,0.515,0.512,0.765,0.996,1.0,10.0,-9.0,0.84,5.599999999999999,-4.759999999999999,Kirk Ferentz,23.923076923076923,19.153846153846153,4.769230769230769,13.0,4.0,4.0,1.0
2022,Iowa,Big Ten,12.7,16.0,5.1,1.7,,,8.0,5.0,13.0,5.0,4.0,6.882733665105909,681.98,215.05,30.0,21.0,2.0,0.0,0.09523809523809523,0.919,1.009,13.048,0.744,0.648,0.998,1.0,7.0,-6.0,0.87,4.28,-3.41,Kirk Ferentz,17.416666666666668,14.416666666666666,3.0,12.0,5.0,2.0,0.4
2023,Iowa,Big Ten,5.8,13.8,9.3,1.3,,,10.0,4.0,14.0,7.0,3.0,7.800021514946646,692.62,204.36,41.0,25.0,2.0,0.0,0.08,0.409,-0.068,0.673,0.524,0.426,0.065,8.0,14.0,-6.0,6.61,9.469999999999999,-2.8599999999999985,Kirk Ferentz,16.615384615384617,13.23076923076923,3.3846153846153846,13.0,6.0,5.0,0.8333333333333334
2024,Iowa,Big Ten,15.8,27.0,13.3,2.0,,,8.0,5.0,13.0,6.0,3.0,8.414129410610013,723.51,215.41,32.0,28.0,6.0,0.0,0.21428571428571427,0.545,-0.145,2.079,0.526,0.617,0.272,4.0,12.0,-8.0,3.1599999999999997,8.42,-5.26,Kirk Ferentz,28.0,17.083333333333332,10.916666666666666,12.0,3.0,1.0,0.3333333333333333
2025,Iowa,Big Ten,19.7,32.1,14.2,1.7,,,9.0,4.0,13.0,6.0,3.0,9.362913387827575,710.0,208.27,38.0,18.0,4.0,0.0,0.2222222222222222,0.488,0.113,0.202,0.773,0.357,0.137,9.0,22.0,-13.0,7.76,13.819999999999999,-6.059999999999999,Kirk Ferentz,28.916666666666668,15.166666666666666,13.75,12.0,6.0,2.0,0.3333333333333333
2026,Iowa,Big Ten,14.6,30.8,16.8,0.6,,,0.0,0.0,0.0,0.0,0.0,0.0,722.73,228.57,26.0,19.0,8.0,0.0,0.42105263157894735,0.342,0.163,0.197,0.559,0.404,0.087,15.0,8.0,7.0,11.09,5.8,5.29,Kirk Ferentz,,,,,,,
2004,Iowa State,Big 12,3.9,28.1,25.4,,,,7.0,5.0,12.0,4.0,4.0,,,143.53,46.0,6.0,0.0,0.0,0.0,,,,,,,,,,,,,Dan McCarney,20.818181818181817,22.363636363636363,-1.5454545454545454,11.0,7.0,4.0,0.5714285714285714
2005,Iowa State,Big 12,13.0,27.7,14.7,,0.914,8.2,7.0,5.0,12.0,4.0,4.0,,,151.53,51.0,12.0,0.0,0.0,0.0,,,,,,,,,,,,,Dan McCarney,28.636363636363637,18.454545454545453,10.181818181818182,11.0,4.0,1.0,0.25
2006,Iowa State,Big 12,-6.7,24.7,31.5,0.1,0.842,3.3,4.0,8.0,12.0,1.0,7.0,,,164.57,42.0,19.0,0.0,0.0,0.0,,,,,,,,,,,,,Dan McCarney,18.833333333333332,30.75,-11.916666666666666,12.0,4.0,4.0,1.0
2007,Iowa State,Big 12,-9.1,20.6,28.0,-1.7,0.788,2.1,3.0,9.0,12.0,2.0,6.0,,,155.95,54.0,21.0,1.0,0.0,0.047619047619047616,,,,,,,,,,,,,Gene Chizik,18.166666666666668,31.75,-13.583333333333334,12.0,3.0,2.0,0.6666666666666666
2008,Iowa State,Big 12,-2.8,29.2,33.2,1.2,0.888,2.9,2.0,10.0,12.0,0.0,8.0,,,155.21,59.0,19.0,1.0,0.0,0.05263157894736842,,,,,,,,,,,,,Gene Chizik,25.333333333333332,35.833333333333336,-10.5,12.0,3.0,0.0,0.0
2009,Iowa State,Big 12,1.0,26.5,27.0,1.5,0.899,5.3,7.0,6.0,13.0,3.0,5.0,,,159.69,72.0,19.0,0.0,0.0,0.0,,,,,,,,,,,,,Paul Rhoads,21.083333333333332,22.583333333333332,-1.5,12.0,4.0,2.0,0.5
2010,Iowa State,Big 12,-5.7,20.2,25.0,-0.9,0.841,4.3,5.0,7.0,12.0,3.0,5.0,5.593195465057506,,175.2,68.0,20.0,0.0,0.0,0.0,,,,,,,,,,,,,Paul Rhoads,21.666666666666668,28.833333333333332,-7.166666666666667,12.0,3.0,1.0,0.3333333333333333
2011,Iowa State,Big 12,-0.4,24.8,25.0,-0.3,0.823,4.7,6.0,7.0,13.0,3.0,6.0,4.909948316053814,,153.86,59.0,15.0,0.0,0.0,0.0,,,,,,,,,,,,,Paul Rhoads,23.5,29.583333333333332,-6.083333333333333,12.0,6.0,5.0,0.8333333333333334
2012,Iowa State,Big 12,4.4,26.5,23.6,1.5,0.836,5.1,6.0,7.0,13.0,3.0,6.0,5.145565053358567,,155.41,67.0,18.0,0.0,0.0,0.0,,,,,,,,,,,,,Paul Rhoads,25.166666666666668,23.333333333333332,1.8333333333333333,12.0,3.0,1.0,0.3333333333333333
2013,Iowa State,Big 12,-3.8,25.7,29.7,0.2,0.858,3.7,3.0,9.0,12.0,2.0,7.0,4.437830003940206,,159.52,63.0,19.0,1.0,0.0,0.05263157894736842,,,,,,,,,,,,,Paul Rhoads,24.833333333333332,36.0,-11.166666666666666,12.0,4.0,0.0,0.0
2014,Iowa State,Big 12,-7.9,21.7,30.2,0.5,0.85,1.9,2.0,10.0,12.0,0.0,9.0,2.334021294753307,,171.65,59.0,13.0,1.0,0.0,0.07692307692307693,0.792,0.916,1.272,0.728,0.788,0.997,,,,,,,Paul Rhoads,23.166666666666668,38.833333333333336,-15.666666666666666,12.0,5.0,2.0,0.4
2015,Iowa State,Big 12,-0.3,31.2,33.7,2.2,0.852,5.3,3.0,9.0,12.0,2.0,7.0,4.7771455888732035,529.12,166.5,64.0,10.0,0.0,0.0,0.0,0.706,0.732,1.17,0.619,0.657,0.985,,,,,,,Paul Rhoads,25.0,32.666666666666664,-7.666666666666667,12.0,3.0,0.0,0.0
2016,Iowa State,Big 12,0.7,27.0,28.5,2.2,0.866,4.2,3.0,9.0,12.0,2.0,7.0,4.030606550952219,552.17,170.58,55.0,22.0,1.0,0.0,0.045454545454545456,0.632,0.505,0.829,0.609,0.573,0.498,,,,,,,Matt Campbell,27.666666666666668,31.333333333333332,-3.6666666666666665,12.0,5.0,1.0,0.2
2017,Iowa State,Big 12,7.5,38.2,30.7,0.0,0.862,7.5,8.0,5.0,13.0,5.0,4.0,8.539567197055975,559.34,180.53,52.0,22.0,0.0,0.0,0.0,0.908,1.0,0.905,0.852,0.944,1.0,,,,,,,Matt Campbell,29.916666666666668,21.0,8.916666666666666,12.0,6.0,2.0,0.3333333333333333
2018,Iowa State,Big 12,7.9,29.9,21.5,-0.4,0.885,8.1,8.0,5.0,13.0,6.0,3.0,8.354046562286362,575.76,185.19,55.0,19.0,1.0,0.0,0.05263157894736842,0.567,0.72,0.415,0.47,0.657,0.655,,,,,,,Matt Campbell,26.833333333333332,22.5,4.333333333333333,12.0,4.0,3.0,0.75
2019,Iowa State,Big 12,12.6,31.8,19.5,0.3,,,7.0,6.0,13.0,5.0,4.0,9.445379231905783,597.15,192.25,46.0,24.0,2.0,0.0,0.08333333333333333,0.574,0.762,0.414,0.495,0.47,0.584,,,,,,,Matt Campbell,34.083333333333336,25.333333333333332,8.75,12.0,6.0,2.0,0.3333333333333333
2020,Iowa State,Big 12,13.3,34.5,21.1,,,,9.0,3.0,12.0,8.0,2.0,8.690183653047416,602.96,190.9,46.0,20.0,1.0,0.0,0.05,0.754,0.971,0.988,0.583,0.817,0.984,,,,,,,Matt Campbell,32.81818181818182,21.818181818181817,11.0,11.0,6.0,4.0,0.6666666666666666
2021,Iowa State,Big 12,14.3,33.8,20.2,,,,7.0,6.0,13.0,5.0,4.0,8.316764358924088,613.6,175.58,59.0,20.0,0.0,0.0,0.0,0.935,0.975,0.988,0.878,0.904,0.995,2.0,7.0,-5.0,1.45,3.83,-2.38,Matt Campbell,32.833333333333336,20.583333333333332,12.25,12.0,6.0,2.0,0.3333333333333333
2022,Iowa State,Big 12,5.3,17.7,10.6,-1.7,,,4.0,8.0,12.0,1.0,8.0,4.694708962396025,590.43,205.08,39.0,20.0,2.0,0.0,0.1,0.31,0.028,0.215,0.539,0.222,0.063,4.0,21.0,-17.0,2.89,12.749999999999998,-9.859999999999998,Matt Campbell,20.166666666666668,20.25,-0.08333333333333333,12.0,7.0,1.0,0.14285714285714285
2023,Iowa State,Big 12,7.5,26.4,20.1,1.1,,,7.0,6.0,13.0,6.0,3.0,8.020569434290902,638.87,204.14,42.0,26.0,1.0,0.0,0.038461538461538464,0.638,0.911,7.143,0.523,0.687,0.987,2.0,12.0,-10.0,1.72,7.71,-5.99,Matt Campbell,26.25,21.666666666666668,4.583333333333333,12.0,5.0,2.0,0.4
2024,Iowa State,Big 12,10.3,30.8,20.2,-0.3,,,11.0,3.0,14.0,7.0,3.0,6.851458486434472,642.12,192.29,53.0,23.0,0.0,0.0,0.0,0.901,0.945,1.25,0.865,0.762,0.995,8.0,21.0,-13.0,6.659999999999999,13.84,-7.180000000000001,Matt Campbell,30.23076923076923,21.53846153846154,8.692307692307692,13.0,4.0,3.0,0.75
2025,Iowa State,Big 12,9.9,28.1,19.5,1.3,,,8.0,4.0,12.0,5.0,4.0,7.637283030897379,648.93,197.45,54.0,21.0,1.0,0.0,0.047619047619047616,0.6,0.953,1.07,0.323,0.755,0.99,8.0,17.0,-9.0,6.909999999999999,10.039999999999997,-3.129999999999998,Matt Campbell,27.416666666666668,20.166666666666668,7.25,12.0,6.0,4.0,0.6666666666666666
2026,Iowa State,Big 12,-0.4,22.4,23.2,0.5,,,0.0,0.0,0.0,0.0,0.0,0.0,669.55,203.31,54.0,25.0,1.0,0.0,0.04,0.017,0.03,0.045,-0.002,0.029,0.006,48.0,55.0,-7.0,39.060000000000024,42.79000000000001,-3.7299999999999898,Jimmy Rogers,,,,,,,
2023,Jacksonville State,Conference USA,-1.6,24.8,25.9,-0.6,,,9.0,4.0,13.0,6.0,2.0,7.61437907610617,227.27,13.85,163.0,13.0,0.0,0.0,0.0,,,,,,,2.0,0.0,2.0,1.2,0.0,1.2,Rich Rodriguez,29.833333333333332,20.333333333333332,9.5,12.0,4.0,3.0,0.75
2024,Jacksonville State,Conference USA,-1.0,28.8,28.3,-1.5,,,9.0,5.0,14.0,8.0,1.0,9.27395112120199,430.94,110.7,128.0,20.0,0.0,0.0,0.0,0.399,0.366,0.35,0.436,0.405,0.343,19.0,14.0,5.0,13.610000000000001,10.06,3.5500000000000007,Rich Rodriguez,36.69230769230769,25.846153846153847,10.846153846153847,13.0,4.0,2.0,0.5
2025,Jacksonville State,Conference USA,-6.7,27.2,32.4,-1.6,,,9.0,5.0,14.0,7.0,1.0,9.036093272268772,519.93,134.66,110.0,23.0,0.0,0.0,0.0,0.12,0.025,0.013,0.256,0.079,0.003,22.0,27.0,-5.0,14.99,18.19,-3.200000000000001,Charles Kelly,29.0,26.153846153846153,2.8461538461538463,13.0,8.0,4.0,0.5
2026,Jacksonville State,Conference USA,-7.8,24.8,32.0,-0.5,,,0.0,0.0,0.0,0.0,0.0,0.0,602.83,183.36,86.0,30.0,0.0,0.0,0.0,0.495,0.76,0.416,0.49,0.466,0.66,21.0,14.0,7.0,11.099999999999998,9.339999999999998,1.7599999999999998,Charles Kelly,,,,,,,
2022,James Madison,Sun Belt,6.5,31.3,23.6,-1.2,,,8.0,3.0,11.0,6.0,2.0,8.426511092310333,104.24,21.94,156.0,14.0,0.0,0.0,0.0,,,,,,,5.0,3.0,2.0,3.42,1.77,1.65,Curt Cignetti,37.0,20.90909090909091,16.09090909090909,11.0,3.0,2.0,0.6666666666666666
2023,James Madison,Sun Belt,11.8,34.6,23.7,1.0,,,11.0,2.0,13.0,7.0,1.0,9.717090482691892,196.53,25.85,149.0,18.0,0.0,0.0,0.0,0.109,-0.026,-0.654,0.307,0.321,0.134,5.0,4.0,1.0,3.28,2.49,0.7899999999999996,Curt Cignetti,35.166666666666664,18.5,16.666666666666668,12.0,5.0,4.0,0.8
2024,James Madison,Sun Belt,7.5,29.7,22.9,0.7,,,9.0,4.0,13.0,4.0,4.0,9.443245761734017,459.14,141.41,108.0,18.0,0.0,0.0,0.0,0.037,-0.016,-0.241,0.086,0.056,0.032,26.0,23.0,3.0,17.1,14.969999999999997,2.1300000000000043,Bob Chesney,33.833333333333336,20.75,13.083333333333334,12.0,4.0,2.0,0.5
2025,James Madison,Sun Belt,12.3,34.9,21.4,-1.1,,,12.0,2.0,14.0,8.0,0.0,10.919439102523029,459.53,138.48,108.0,20.0,0.0,0.0,0.0,0.5,0.71,0.894,0.236,0.762,0.93,29.0,26.0,3.0,16.78,12.839999999999996,3.940000000000005,Bob Chesney,37.30769230769231,15.846153846153847,21.46153846153846,13.0,2.0,2.0,1.0
2026,James Madison,Sun Belt,-0.9,26.7,27.2,-0.4,,,0.0,0.0,0.0,0.0,0.0,0.0,588.31,185.6,80.0,21.0,0.0,0.0,0.0,0.08,0.093,0.066,0.086,0.079,0.01,37.0,31.0,6.0,28.579999999999995,20.599999999999998,7.979999999999997,Billy Napier,,,,,,,
2004,Kansas,Big 12,9.8,31.5,23.2,,,,4.0,7.0,11.0,2.0,6.0,,,130.26,52.0,9.0,0.0,0.0,0.0,,,,,,,,,,,,,Mark Mangino,23.818181818181817,21.363636363636363,2.4545454545454546,11.0,6.0,1.0,0.16666666666666666
2005,Kansas,Big 12,8.5,22.5,14.0,,0.852,6.8,7.0,5.0,12.0,3.0,5.0,,,164.63,41.0,5.0,0.0,0.0,0.0,,,,,,,,,,,,,Mark Mangino,20.636363636363637,22.818181818181817,-2.1818181818181817,11.0,1.0,1.0,1.0
2006,Kansas,Big 12,6.9,27.4,21.6,1.1,0.905,6.7,6.0,6.0,12.0,3.0,5.0,,,169.98,39.0,10.0,0.0,0.0,0.0,,,,,,,,,,,,,Mark Mangino,29.0,25.5,3.5,12.0,7.0,3.0,0.42857142857142855
2007,Kansas,Big 12,24.9,40.3,15.2,-0.2,0.9,11.2,12.0,1.0,13.0,7.0,1.0,,,163.81,50.0,15.0,0.0,0.0,0.0,,,,,,,,,,,,,Mark Mangino,44.333333333333336,16.0,28.333333333333332,12.0,2.0,2.0,1.0
2008,Kansas,Big 12,16.0,41.9,25.4,-0.5,0.85,8.5,8.0,5.0,13.0,4.0,4.0,,,184.11,43.0,5.0,0.0,0.0,0.0,,,,,,,,,,,,,Mark Mangino,32.666666666666664,29.5,3.1666666666666665,12.0,3.0,2.0,0.6666666666666666
2009,Kansas,Big 12,8.0,32.7,23.8,-1.0,0.835,6.4,5.0,7.0,12.0,1.0,7.0,,,195.98,45.0,11.0,2.0,0.0,0.18181818181818182,,,,,,,,,,,,,Mark Mangino,29.416666666666668,28.416666666666668,1.0,12.0,5.0,2.0,0.4
2010,Kansas,Big 12,-17.0,15.8,31.9,-1.0,0.864,2.3,3.0,9.0,12.0,1.0,7.0,4.184112001722759,,177.9,64.0,12.0,0.0,0.0,0.0,,,,,,,,,,,,,Turner Gill,17.083333333333332,34.416666666666664,-17.333333333333332,12.0,3.0,2.0,0.6666666666666666
2011,Kansas,Big 12,-15.0,25.6,38.7,-2.0,0.815,2.0,2.0,10.0,12.0,0.0,9.0,3.752810799644705,,178.77,40.0,19.0,0.0,0.0,0.0,,,,,,,,,,,,,Turner Gill,22.333333333333332,43.75,-21.416666666666668,12.0,3.0,1.0,0.3333333333333333
2012,Kansas,Big 12,-12.6,23.5,34.1,-2.0,0.817,1.9,1.0,11.0,12.0,0.0,9.0,4.416495022945843,,128.07,81.0,8.0,0.0,0.0,0.0,,,,,,,,,,,,,Charlie Weis,18.25,36.083333333333336,-17.833333333333332,12.0,5.0,0.0,0.0
2013,Kansas,Big 12,-9.7,16.0,25.3,-0.3,0.872,2.8,3.0,9.0,12.0,1.0,8.0,4.054623872878746,,180.28,49.0,6.0,0.0,0.0,0.0,,,,,,,,,,,,,Charlie Weis,15.333333333333334,31.833333333333332,-16.5,12.0,1.0,1.0,1.0
2014,Kansas,Big 12,-9.8,21.1,29.1,-1.8,0.858,3.9,3.0,9.0,12.0,1.0,8.0,4.308256554283572,,177.14,50.0,9.0,1.0,0.0,0.1111111111111111,0.77,4.889,0.031,0.629,0.322,0.2,,,,,,,Charlie Weis,17.833333333333332,33.25,-15.416666666666666,12.0,3.0,1.0,0.3333333333333333
2015,Kansas,Big 12,-21.3,20.2,40.6,-0.9,0.857,0.2,0.0,12.0,12.0,0.0,9.0,1.1531450017127158,499.97,153.94,73.0,16.0,0.0,0.0,0.0,0.352,0.844,-0.297,0.132,0.543,0.993,,,,,,,David Beaty,15.25,46.083333333333336,-30.833333333333332,12.0,2.0,0.0,0.0
2016,Kansas,Big 12,-15.9,21.0,36.0,-0.8,0.863,1.9,2.0,10.0,12.0,1.0,8.0,2.1855441972049885,491.0,159.19,70.0,22.0,0.0,0.0,0.0,0.767,0.913,-0.144,0.616,0.759,0.998,,,,,,,David Beaty,20.25,37.333333333333336,-17.083333333333332,12.0,3.0,1.0,0.3333333333333333
2017,Kansas,Big 12,-14.8,21.6,36.7,0.4,0.859,1.5,1.0,11.0,12.0,0.0,9.0,1.5667075577933922,512.24,159.35,71.0,19.0,0.0,0.0,0.0,0.404,0.485,0.392,0.4,0.435,0.341,,,,,,,David Beaty,18.666666666666668,43.416666666666664,-24.75,12.0,0.0,0.0,
2018,Kansas,Big 12,-10.0,21.9,31.9,0.0,0.89,2.8,3.0,9.0,12.0,1.0,8.0,2.837205330760768,517.1,178.59,60.0,13.0,2.0,0.0,0.15384615384615385,0.851,1.0,-0.025,0.761,0.845,1.0,,,,,,,David Beaty,23.833333333333332,30.0,-6.166666666666667,12.0,4.0,1.0,0.25
2019,Kansas,Big 12,-9.8,26.2,34.8,-1.2,,,3.0,9.0,12.0,1.0,8.0,3.858075619750786,528.62,165.84,70.0,15.0,1.0,0.0,0.06666666666666667,0.416,0.399,0.644,0.355,0.504,0.178,,,,,,,Les Miles,23.5,36.083333333333336,-12.583333333333334,12.0,5.0,2.0,0.4
2020,Kansas,Big 12,-16.3,18.5,34.5,,,,0.0,9.0,9.0,0.0,8.0,0.3260300290194503,546.08,178.97,57.0,32.0,0.0,0.0,0.0,0.431,-0.025,0.76,0.764,0.439,0.002,,,,,,,Les Miles,15.777777777777779,46.0,-30.22222222222222,9.0,1.0,0.0,0.0
2021,Kansas,Big 12,-19.7,22.3,40.6,,,,2.0,10.0,12.0,1.0,8.0,1.7039837589715046,548.1,183.13,52.0,22.0,0.0,0.0,0.0,0.817,0.707,2.556,0.812,0.909,0.966,13.0,27.0,-14.0,6.3,12.779999999999998,-6.479999999999998,Lance Leipold,20.75,42.166666666666664,-21.416666666666668,12.0,4.0,2.0,0.5
2022,Kansas,Big 12,2.9,40.6,36.0,-1.7,,,6.0,7.0,13.0,3.0,6.0,6.906380529269764,574.29,106.28,116.0,7.0,0.0,0.0,0.0,0.727,0.913,1.108,0.563,0.722,0.944,15.0,23.0,-8.0,10.899999999999999,12.499999999999996,-1.5999999999999979,Lance Leipold,34.166666666666664,33.833333333333336,0.3333333333333333,12.0,2.0,1.0,0.5
2023,Kansas,Big 12,9.9,35.6,26.1,0.4,,,9.0,4.0,13.0,5.0,4.0,10.655140268245544,632.68,169.88,73.0,16.0,0.0,0.0,0.0,1.003,1.027,1.015,0.982,0.937,0.984,12.0,14.0,-2.0,9.06,7.839999999999999,1.2200000000000015,Lance Leipold,33.583333333333336,25.75,7.833333333333333,12.0,6.0,3.0,0.5
2024,Kansas,Big 12,4.9,32.4,26.5,-1.0,,,5.0,7.0,12.0,4.0,5.0,7.412712281899565,696.92,203.0,43.0,17.0,3.0,0.0,0.17647058823529413,0.641,0.314,0.78,0.84,0.69,0.367,11.0,13.0,-2.0,8.71,6.420000000000001,2.29,Lance Leipold,29.666666666666668,26.0,3.6666666666666665,12.0,6.0,1.0,0.16666666666666666
2025,Kansas,Big 12,4.1,30.9,28.5,1.7,,,5.0,7.0,12.0,3.0,6.0,6.6933103278279305,705.32,178.35,72.0,15.0,0.0,0.0,0.0,0.41,0.952,0.466,0.063,0.512,0.997,27.0,17.0,10.0,21.950000000000006,6.83,15.120000000000006,Lance Leipold,28.083333333333332,26.75,1.3333333333333333,12.0,3.0,1.0,0.3333333333333333
2026,Kansas,Big 12,3.3,28.8,26.1,0.6,,,0.0,0.0,0.0,0.0,0.0,0.0,684.51,196.96,61.0,18.0,1.0,0.0,0.05555555555555555,0.181,-0.015,0.145,0.331,0.162,0.071,31.0,26.0,5.0,25.830000000000005,19.009999999999998,6.820000000000007,Lance Leipold,,,,,,,
2004,Kansas State,Big 12,7.9,40.8,34.9,,,,4.0,7.0,11.0,2.0,6.0,,,208.77,14.0,10.0,3.0,0.0,0.3,,,,,,,,,,,,,Bill Snyder,29.636363636363637,30.636363636363637,-1.0,11.0,2.0,0.0,0.0
2005,Kansas State,Big 12,6.1,25.9,19.8,,0.887,4.4,5.0,6.0,11.0,2.0,6.0,,,177.71,35.0,4.0,0.0,0.0,0.0,,,,,,,,,,,,,Bill Snyder,26.272727272727273,27.727272727272727,-1.4545454545454546,11.0,4.0,1.0,0.25
2006,Kansas State,Big 12,5.8,23.9,19.7,1.6,0.855,5.7,7.0,6.0,13.0,4.0,4.0,,,168.16,41.0,16.0,1.0,0.0,0.0625,,,,,,,,,,,,,Ron Prince,23.833333333333332,22.666666666666668,1.1666666666666667,12.0,3.0,3.0,1.0
2007,Kansas State,Big 12,17.5,37.6,21.5,1.4,0.847,7.4,5.0,7.0,12.0,3.0,5.0,,,189.4,35.0,21.0,1.0,0.0,0.047619047619047616,,,,,,,,,,,,,Ron Prince,35.166666666666664,30.833333333333332,4.333333333333333,12.0,2.0,0.0,0.0
2008,Kansas State,Big 12,6.0,35.3,30.3,1.0,0.882,5.0,5.0,7.0,12.0,2.0,6.0,,,198.72,36.0,7.0,0.0,0.0,0.0,,,,,,,,,,,,,Ron Prince,34.916666666666664,35.833333333333336,-0.9166666666666666,12.0,1.0,0.0,0.0
2009,Kansas State,Big 12,5.0,25.1,20.3,0.2,0.869,6.0,6.0,6.0,12.0,4.0,4.0,,,160.93,70.0,17.0,0.0,0.0,0.0,,,,,,,,,,,,,Bill Snyder,23.0,23.333333333333332,-0.3333333333333333,12.0,4.0,3.0,0.75
2010,Kansas State,Big 12,8.6,34.4,27.4,1.7,0.88,6.3,7.0,6.0,13.0,3.0,5.0,5.261113188634362,,164.45,76.0,11.0,1.0,0.0,0.09090909090909091,,,,,,,,,,,,,Bill Snyder,33.583333333333336,28.5,5.083333333333333,12.0,3.0,2.0,0.6666666666666666
2011,Kansas State,Big 12,7.6,32.1,24.6,0.2,0.805,5.4,10.0,3.0,13.0,7.0,2.0,6.847315218663085,,161.75,51.0,13.0,0.0,0.0,0.0,,,,,,,,,,,,,Bill Snyder,33.083333333333336,27.833333333333332,5.25,12.0,9.0,8.0,0.8888888888888888
2012,Kansas State,Big 12,22.7,41.8,20.4,1.2,0.827,9.4,11.0,2.0,13.0,8.0,1.0,8.497118941483672,,139.67,73.0,13.0,0.0,0.0,0.0,,,,,,,,,,,,,Bill Snyder,40.666666666666664,21.083333333333332,19.583333333333332,12.0,2.0,2.0,1.0
2013,Kansas State,Big 12,21.7,40.4,20.0,1.3,0.895,9.1,8.0,5.0,13.0,5.0,4.0,8.409726523572834,,158.71,64.0,10.0,0.0,0.0,0.0,,,,,,,,,,,,,Bill Snyder,33.416666666666664,23.666666666666668,9.75,12.0,3.0,1.0,0.3333333333333333
2014,Kansas State,Big 12,16.3,37.7,23.2,1.8,0.846,8.7,9.0,4.0,13.0,7.0,2.0,8.660523413308344,,178.29,49.0,11.0,0.0,0.0,0.0,0.743,0.792,0.41,0.742,0.506,0.829,,,,,,,Bill Snyder,35.833333333333336,21.75,14.083333333333334,12.0,4.0,3.0,0.75
2015,Kansas State,Big 12,2.6,32.2,30.8,1.2,0.852,4.0,6.0,7.0,13.0,3.0,6.0,4.537706766077729,503.64,175.02,54.0,12.0,0.0,0.0,0.0,0.13,0.063,0.427,0.119,0.233,0.04,,,,,,,Bill Snyder,30.5,30.333333333333332,0.16666666666666666,12.0,6.0,3.0,0.5
2016,Kansas State,Big 12,8.2,34.2,27.2,1.2,0.862,7.4,9.0,4.0,13.0,6.0,3.0,7.765007682773396,505.29,155.49,72.0,20.0,0.0,0.0,0.0,0.68,0.725,0.909,0.553,0.775,0.779,,,,,,,Bill Snyder,32.166666666666664,21.833333333333332,10.333333333333334,12.0,5.0,3.0,0.6
2017,Kansas State,Big 12,10.9,34.4,26.1,2.6,0.872,7.2,8.0,5.0,13.0,5.0,4.0,6.3745860919825335,517.85,169.37,61.0,23.0,0.0,0.0,0.0,0.817,0.837,0.945,0.666,0.789,0.875,,,,,,,Bill Snyder,32.083333333333336,25.833333333333332,6.25,12.0,7.0,3.0,0.42857142857142855
2018,Kansas State,Big 12,-0.5,27.2,27.5,-0.2,0.863,5.6,5.0,7.0,12.0,3.0,6.0,5.596115989985151,547.43,175.65,66.0,22.0,0.0,0.0,0.0,0.573,0.303,0.711,0.662,0.724,0.623,,,,,,,Bill Snyder,22.5,25.416666666666668,-2.9166666666666665,12.0,6.0,2.0,0.3333333333333333
2019,Kansas State,Big 12,6.0,28.8,24.8,2.0,,,8.0,5.0,13.0,5.0,4.0,6.447302248114717,543.49,177.4,62.0,22.0,0.0,0.0,0.0,0.533,1.727,0.339,0.368,0.396,0.699,,,,,,,Chris Klieman,30.666666666666668,21.5,9.166666666666666,12.0,6.0,4.0,0.6666666666666666
2020,Kansas State,Big 12,2.0,26.7,24.7,,,,4.0,6.0,10.0,4.0,5.0,4.975136117274847,560.96,182.46,51.0,23.0,0.0,0.0,0.0,0.754,1.016,0.686,0.598,0.684,0.988,,,,,,,Chris Klieman,26.6,32.2,-5.6,10.0,5.0,2.0,0.4
2021,Kansas State,Big 12,14.2,33.5,19.0,,,,8.0,5.0,13.0,4.0,5.0,7.417019804049002,569.65,176.98,56.0,18.0,1.0,0.0,0.05555555555555555,0.91,1.119,1.249,0.683,0.785,0.934,8.0,15.0,-7.0,3.86,7.439999999999999,-3.5799999999999987,Chris Klieman,26.333333333333332,21.083333333333332,5.25,12.0,3.0,1.0,0.3333333333333333
2022,Kansas State,Big 12,21.4,36.4,15.7,0.6,,,10.0,4.0,14.0,8.0,2.0,10.078658967967222,584.68,173.32,63.0,17.0,0.0,0.0,0.0,0.541,0.133,0.796,0.686,0.585,0.257,7.0,17.0,-10.0,5.140000000000001,12.08,-6.9399999999999995,Chris Klieman,33.23076923076923,20.076923076923077,13.153846153846153,13.0,5.0,3.0,0.6
2023,Kansas State,Big 12,16.2,38.9,21.8,-0.8,,,9.0,4.0,13.0,6.0,3.0,7.644873806786312,616.0,212.31,33.0,23.0,3.0,0.0,0.13043478260869565,0.49,0.763,0.293,0.447,0.369,0.517,6.0,15.0,-9.0,4.76,9.049999999999997,-4.289999999999997,Chris Klieman,37.833333333333336,21.166666666666668,16.666666666666668,12.0,4.0,1.0,0.25
2024,Kansas State,Big 12,14.1,33.0,20.4,1.5,,,9.0,4.0,13.0,5.0,4.0,9.594218856386115,651.75,187.58,57.0,18.0,2.0,0.0,0.1111111111111111,0.387,0.147,0.515,0.446,0.396,0.155,10.0,17.0,-7.0,7.569999999999999,11.63,-4.060000000000001,Chris Klieman,29.75,21.916666666666668,7.833333333333333,12.0,4.0,3.0,0.75
2025,Kansas State,Big 12,7.0,31.3,25.0,0.7,,,6.0,6.0,12.0,5.0,4.0,7.607079938054085,705.85,213.85,35.0,25.0,2.0,0.0,0.08,0.69,0.933,0.635,0.597,0.691,0.977,16.0,26.0,-10.0,12.879999999999999,15.779999999999998,-2.8999999999999986,Chris Klieman,29.416666666666668,26.666666666666668,2.75,12.0,6.0,1.0,0.16666666666666666
2026,Kansas State,Big 12,9.2,32.5,23.6,0.3,,,0.0,0.0,0.0,0.0,0.0,0.0,718.67,207.83,50.0,18.0,0.0,0.0,0.0,0.714,1.0,0.606,0.573,0.795,1.0,26.0,33.0,-7.0,20.65,25.730000000000004,-5.080000000000005,Collin Klein,,,,,,,
2024,Kennesaw State,Conference USA,-25.1,10.2,35.1,-0.3,,,2.0,10.0,12.0,2.0,6.0,2.0884602692478444,288.14,83.66,130.0,17.0,0.0,0.0,0.0,,,,,,,10.0,3.0,7.0,7.709999999999999,2.51,5.199999999999999,Brian Bohannon,16.5,31.166666666666668,-14.666666666666666,12.0,3.0,2.0,0.6666666666666666
2025,Kennesaw State,Conference USA,-5.4,26.4,30.2,-1.7,,,10.0,4.0,14.0,7.0,1.0,8.711555786430836,338.87,28.05,154.0,15.0,0.0,0.0,0.0,0.458,0.338,-5.909,0.341,0.511,0.873,27.0,23.0,4.0,18.759999999999998,10.509999999999998,8.25,Jerry Mack,28.307692307692307,24.307692307692307,4.0,13.0,6.0,5.0,0.8333333333333334
2026,Kennesaw State,Conference USA,-12.9,19.5,31.8,-0.5,,,0.0,0.0,0.0,0.0,0.0,0.0,502.86,163.41,120.0,13.0,0.0,0.0,0.0,0.061,0.0,-0.038,0.132,0.052,0.0,29.0,19.0,10.0,22.97,12.799999999999999,10.17,Jerry Mack,,,,,,,
2004,Kent State,Mid-American,-10.0,29.6,37.2,,,,5.0,6.0,11.0,4.0,4.0,,,67.72,111.0,12.0,0.0,0.0,0.0,,,,,,,,,,,,,Doug Martin,30.454545454545453,24.0,6.454545454545454,11.0,2.0,0.0,0.0
2005,Kent State,Mid-American,-19.0,11.4,30.3,,0.97,2.6,1.0,10.0,11.0,0.0,8.0,,,65.23,103.0,20.0,0.0,0.0,0.0,,,,,,,,,,,,,Doug Martin,16.363636363636363,30.09090909090909,-13.727272727272727,11.0,4.0,0.0,0.0
2006,Kent State,Mid-American,-6.2,18.2,22.2,-2.3,0.959,6.9,6.0,6.0,12.0,5.0,3.0,,,48.84,113.0,16.0,0.0,0.0,0.0,,,,,,,,,,,,,Doug Martin,17.833333333333332,20.083333333333332,-2.25,12.0,2.0,1.0,0.5
2007,Kent State,Mid-American,-12.4,21.9,33.4,-0.9,0.939,4.8,3.0,9.0,12.0,1.0,7.0,,,95.57,97.0,24.0,0.0,0.0,0.0,,,,,,,,,,,,,Doug Martin,21.583333333333332,29.166666666666668,-7.583333333333333,12.0,4.0,0.0,0.0
2008,Kent State,Mid-American,-8.5,27.6,34.6,-1.5,0.973,5.5,4.0,8.0,12.0,3.0,5.0,,,112.84,94.0,20.0,0.0,0.0,0.0,,,,,,,,,,,,,Doug Martin,25.666666666666668,31.666666666666668,-6.0,12.0,4.0,2.0,0.5
2009,Kent State,Mid-American,-11.9,16.6,26.4,-2.0,0.972,5.0,5.0,7.0,12.0,4.0,4.0,,,125.9,93.0,15.0,0.0,0.0,0.0,,,,,,,,,,,,,Doug Martin,19.25,22.416666666666668,-3.1666666666666665,12.0,2.0,0.0,0.0
2010,Kent State,Mid-American,-7.6,15.3,22.2,-0.6,0.972,6.4,5.0,7.0,12.0,4.0,4.0,5.076851601651143,,138.28,101.0,21.0,0.0,0.0,0.0,,,,,,,,,,,,,Doug Martin,21.333333333333332,22.916666666666668,-1.5833333333333333,12.0,1.0,0.0,0.0
2011,Kent State,Mid-American,-10.4,11.8,21.9,-0.4,0.926,4.5,5.0,7.0,12.0,4.0,4.0,5.201279128736747,,45.57,119.0,17.0,0.0,0.0,0.0,,,,,,,,,,,,,Darrell Hazell,17.083333333333332,24.25,-7.166666666666667,12.0,4.0,2.0,0.5
2012,Kent State,Mid-American,-0.1,26.6,28.4,1.7,0.977,8.1,11.0,3.0,14.0,8.0,1.0,7.7003681991581185,,105.08,102.0,23.0,0.0,0.0,0.0,,,,,,,,,,,,,Darrell Hazell,34.61538461538461,25.076923076923077,9.538461538461538,13.0,3.0,2.0,0.6666666666666666
2013,Kent State,Mid-American,-13.8,21.2,34.0,-1.0,0.933,4.0,4.0,8.0,12.0,3.0,5.0,4.8830845311777376,,95.27,118.0,21.0,0.0,0.0,0.0,,,,,,,,,,,,,Paul Haynes,20.75,26.916666666666668,-6.166666666666667,12.0,2.0,1.0,0.5
2014,Kent State,Mid-American,-13.7,16.7,29.5,-0.9,0.943,3.8,2.0,9.0,11.0,1.0,6.0,2.5656757333248743,,86.65,123.0,21.0,0.0,0.0,0.0,0.746,1.016,0.418,0.76,0.775,0.869,,,,,,,Paul Haynes,16.363636363636363,29.0,-12.636363636363637,11.0,4.0,1.0,0.25
2015,Kent State,Mid-American,-11.9,10.6,21.3,-1.2,0.946,3.6,3.0,9.0,12.0,2.0,6.0,3.588434132346899,338.4,119.93,102.0,20.0,0.0,0.0,0.0,0.478,1.019,0.786,0.305,0.752,0.998,,,,,,,Paul Haynes,13.083333333333334,26.083333333333332,-13.0,12.0,5.0,2.0,0.4
2016,Kent State,Mid-American,-12.0,16.6,27.4,-1.1,0.904,3.9,3.0,9.0,12.0,2.0,6.0,4.375056971914983,334.01,82.77,131.0,16.0,0.0,0.0,0.0,0.729,1.0,0.945,0.925,0.828,1.0,,,,,,,Paul Haynes,20.583333333333332,28.666666666666668,-8.083333333333334,12.0,5.0,1.0,0.2
2017,Kent State,Mid-American,-20.2,14.3,32.4,-2.1,0.918,3.0,2.0,10.0,12.0,1.0,7.0,1.8892853916213757,288.56,94.88,128.0,22.0,0.0,0.0,0.0,0.905,0.0,1.023,0.799,0.903,0.916,,,,,,,Paul Haynes,12.75,35.083333333333336,-22.333333333333332,12.0,2.0,2.0,1.0
2018,Kent State,Mid-American,-20.4,20.5,40.3,-0.6,0.945,2.9,2.0,10.0,12.0,1.0,7.0,3.3330485485476484,351.73,127.72,100.0,19.0,0.0,0.0,0.0,0.948,0.564,0.211,0.85,0.594,0.201,,,,,,,Sean Lewis,23.916666666666668,36.666666666666664,-12.75,12.0,4.0,1.0,0.25
2019,Kent State,Mid-American,-10.2,25.9,37.9,1.8,,,7.0,6.0,13.0,5.0,3.0,5.518725931751041,313.22,138.12,102.0,24.0,0.0,0.0,0.0,0.924,0.617,1.054,0.836,0.84,0.998,,,,,,,Sean Lewis,27.416666666666668,31.083333333333332,-3.6666666666666665,12.0,6.0,3.0,0.5
2020,Kent State,Mid-American,-7.5,29.1,36.4,,,,3.0,1.0,4.0,3.0,1.0,2.9980568823046645,270.29,141.52,108.0,22.0,0.0,0.0,0.0,0.803,0.984,1.04,0.579,0.701,0.995,,,,,,,Sean Lewis,49.75,38.0,11.75,4.0,1.0,1.0,1.0
2021,Kent State,Mid-American,-6.4,32.3,36.9,,,,7.0,7.0,14.0,6.0,3.0,6.687985066033968,357.85,119.36,118.0,17.0,0.0,0.0,0.0,0.903,1.0,1.0,0.753,0.911,1.0,7.0,14.0,-7.0,3.6,6.999999999999999,-3.399999999999999,Sean Lewis,32.61538461538461,35.07692307692308,-2.4615384615384617,13.0,4.0,4.0,1.0
2022,Kent State,Mid-American,-13.1,25.6,37.9,-0.7,,,5.0,7.0,12.0,4.0,4.0,4.15433861055576,386.94,136.64,90.0,23.0,0.0,0.0,0.0,0.458,0.039,0.592,0.548,0.49,0.06,4.0,7.0,-3.0,3.2499999999999996,4.22,-0.9700000000000002,Sean Lewis,28.416666666666668,29.0,-0.5833333333333334,12.0,6.0,3.0,0.5
2023,Kent State,Mid-American,-26.3,8.2,34.8,0.3,,,1.0,11.0,12.0,0.0,8.0,2.108804210759372,373.33,81.64,123.0,14.0,0.0,0.0,0.0,0.074,0.126,0.047,0.055,0.117,0.159,7.0,17.0,-10.0,4.2,12.180000000000001,-7.980000000000001,Kenni Burns,14.666666666666666,34.583333333333336,-19.916666666666668,12.0,1.0,0.0,0.0
2024,Kent State,Mid-American,-33.0,12.6,43.8,-1.9,,,0.0,12.0,12.0,0.0,8.0,1.1498040711725308,435.3,151.54,97.0,23.0,0.0,0.0,0.0,0.708,0.558,5.4,0.68,0.502,0.52,16.0,17.0,-1.0,12.700000000000003,10.13,2.570000000000002,Kenni Burns,13.916666666666666,44.083333333333336,-30.166666666666668,12.0,2.0,0.0,0.0
2025,Kent State,Mid-American,-19.3,17.0,34.9,-1.5,,,5.0,7.0,12.0,4.0,4.0,4.077412120997906,456.24,155.36,93.0,22.0,0.0,0.0,0.0,0.113,-0.052,0.284,0.181,0.299,0.384,12.0,30.0,-18.0,6.3500000000000005,16.680000000000003,-10.330000000000002,Mark Carney,21.25,33.583333333333336,-12.333333333333334,12.0,6.0,4.0,0.6666666666666666
2026,Kent State,Mid-American,-22.4,14.7,36.6,-0.5,,,0.0,0.0,0.0,0.0,0.0,0.0,522.83,162.2,122.0,18.0,0.0,0.0,0.0,0.641,1.032,0.758,0.452,0.516,0.85,11.0,15.0,-4.0,7.880000000000001,10.309999999999999,-2.429999999999998,Mark Carney,,,,,,,
2004,Kentucky,SEC,-7.1,25.4,32.0,,,,2.0,9.0,11.0,1.0,7.0,,,,,,,,,,,,,,,,,,,,,Rich Brooks,15.727272727272727,31.0,-15.272727272727273,11.0,3.0,1.0,0.3333333333333333
2005,Kentucky,SEC,-12.5,21.4,33.9,,0.891,2.3,3.0,8.0,11.0,2.0,6.0,,,,,,,,,,,,,,,,,,,,,Rich Brooks,21.727272727272727,34.09090909090909,-12.363636363636363,11.0,4.0,2.0,0.5
2006,Kentucky,SEC,1.7,33.3,30.8,-0.8,0.79,5.6,8.0,5.0,13.0,4.0,4.0,,,139.71,61.0,7.0,2.0,1.0,0.2857142857142857,,,,,,,,,,,,,Rich Brooks,26.583333333333332,29.083333333333332,-2.5,12.0,5.0,3.0,0.6
2007,Kentucky,SEC,13.4,38.8,24.9,-0.5,0.812,7.9,8.0,5.0,13.0,3.0,5.0,,,24.42,115.0,1.0,1.0,0.0,1.0,,,,,,,,,,,,,Rich Brooks,36.666666666666664,29.75,6.916666666666667,12.0,4.0,3.0,0.75
2008,Kentucky,SEC,-1.8,18.1,19.5,-0.4,0.9,5.3,7.0,6.0,13.0,2.0,6.0,,,153.99,60.0,18.0,2.0,0.0,0.1111111111111111,,,,,,,,,,,,,Rich Brooks,22.416666666666668,21.666666666666668,0.75,12.0,7.0,3.0,0.42857142857142855
2009,Kentucky,SEC,2.1,23.8,23.1,1.3,0.816,5.8,7.0,6.0,13.0,3.0,5.0,,,193.54,47.0,13.0,1.0,0.0,0.07692307692307693,,,,,,,,,,,,,Rich Brooks,27.166666666666668,22.833333333333332,4.333333333333333,12.0,6.0,3.0,0.5
2010,Kentucky,SEC,6.0,34.6,28.9,0.3,0.849,6.3,6.0,7.0,13.0,2.0,6.0,8.013429348499544,,190.83,49.0,19.0,1.0,0.0,0.05263157894736842,,,,,,,,,,,,,Joker Phillips,33.0,28.5,4.5,12.0,5.0,2.0,0.4
2011,Kentucky,SEC,-5.0,16.4,23.1,1.7,0.858,4.1,5.0,7.0,12.0,2.0,6.0,4.12258295881076,,184.89,36.0,15.0,2.0,0.0,0.13333333333333333,,,,,,,,,,,,,Joker Phillips,15.833333333333334,24.666666666666668,-8.833333333333334,12.0,2.0,1.0,0.5
2012,Kentucky,SEC,-8.7,22.3,29.8,-1.2,0.844,2.5,2.0,10.0,12.0,0.0,8.0,4.677853424580234,,187.81,50.0,24.0,1.0,0.0,0.041666666666666664,,,,,,,,,,,,,Joker Phillips,17.916666666666668,31.0,-13.083333333333334,12.0,2.0,0.0,0.0
2013,Kentucky,SEC,-2.5,27.6,31.2,1.1,0.825,3.0,2.0,10.0,12.0,0.0,8.0,4.831767419901204,,195.55,34.0,16.0,2.0,0.0,0.125,,,,,,,,,,,,,Mark Stoops,20.5,31.166666666666668,-10.666666666666666,12.0,2.0,0.0,0.0
2014,Kentucky,SEC,6.6,29.8,24.8,1.6,0.815,5.3,5.0,7.0,12.0,2.0,6.0,4.41118988057292,,225.4,22.0,17.0,7.0,0.0,0.4117647058823529,0.537,0.355,-0.748,0.693,0.525,0.548,,,,,,,Mark Stoops,29.166666666666668,31.25,-2.0833333333333335,12.0,3.0,1.0,0.3333333333333333
2015,Kentucky,SEC,-0.3,26.8,27.2,0.1,0.868,5.0,5.0,7.0,12.0,2.0,6.0,5.168542594485638,634.52,193.19,38.0,7.0,2.0,0.0,0.2857142857142857,0.722,0.933,0.972,0.578,0.818,0.998,,,,,,,Mark Stoops,24.666666666666668,27.416666666666668,-2.75,12.0,6.0,3.0,0.5
2016,Kentucky,SEC,-2.6,30.8,33.4,0.1,0.857,6.0,7.0,6.0,13.0,4.0,4.0,6.024248294961199,652.07,204.07,34.0,21.0,3.0,0.0,0.14285714285714285,0.787,0.031,0.743,1.018,0.648,0.175,,,,,,,Mark Stoops,31.0,31.166666666666668,-0.16666666666666666,12.0,5.0,4.0,0.8
2017,Kentucky,SEC,2.7,30.8,29.5,1.5,0.859,5.1,7.0,6.0,13.0,4.0,4.0,7.347706378324219,671.45,207.73,30.0,22.0,5.0,0.0,0.22727272727272727,0.665,0.981,0.593,0.578,0.654,0.997,,,,,,,Mark Stoops,25.75,28.583333333333332,-2.8333333333333335,12.0,6.0,4.0,0.6666666666666666
2018,Kentucky,SEC,13.1,29.5,16.3,-0.1,0.806,7.8,10.0,3.0,13.0,5.0,3.0,7.647706464503871,670.27,206.91,37.0,25.0,3.0,0.0,0.12,0.335,0.009,0.446,0.412,0.471,0.017,,,,,,,Mark Stoops,26.583333333333332,16.25,10.333333333333334,12.0,3.0,2.0,0.6666666666666666
2019,Kentucky,SEC,9.1,30.1,22.2,1.2,,,8.0,5.0,13.0,3.0,5.0,8.119008779123753,672.74,203.49,34.0,19.0,3.0,0.0,0.15789473684210525,0.602,0.876,0.387,0.697,0.568,0.906,,,,,,,Mark Stoops,26.333333333333332,18.416666666666668,7.916666666666667,12.0,2.0,1.0,0.5
2020,Kentucky,SEC,2.2,25.9,24.1,,,,5.0,6.0,11.0,4.0,6.0,5.698167623159509,716.65,229.87,23.0,23.0,8.0,0.0,0.34782608695652173,0.52,1.71,0.481,0.49,0.657,0.695,,,,,,,Mark Stoops,21.7,26.4,-4.7,10.0,2.0,1.0,0.5
2021,Kentucky,SEC,13.4,35.1,22.3,,,,10.0,3.0,13.0,5.0,3.0,8.469776498655031,709.07,205.02,32.0,19.0,4.0,0.0,0.21052631578947367,0.386,-7.316,0.302,0.714,0.423,0.198,7.0,10.0,-3.0,5.9399999999999995,5.3999999999999995,0.54,Mark Stoops,33.333333333333336,22.083333333333332,11.25,12.0,5.0,4.0,0.8
2022,Kentucky,SEC,13.0,23.2,9.9,-0.3,,,7.0,6.0,13.0,3.0,5.0,7.18751183710253,737.33,240.16,14.0,20.0,11.0,0.0,0.55,0.621,1.001,0.981,0.192,0.642,0.734,9.0,19.0,-10.0,6.49,13.469999999999999,-6.979999999999999,Mark Stoops,22.083333333333332,19.083333333333332,3.0,12.0,3.0,1.0,0.3333333333333333
2023,Kentucky,SEC,10.5,31.6,22.2,1.1,,,7.0,6.0,13.0,3.0,5.0,6.852863456834255,740.54,212.42,32.0,18.0,7.0,0.0,0.3888888888888889,0.481,-0.182,-0.7,0.854,0.417,0.201,12.0,21.0,-9.0,10.66,15.259999999999998,-4.599999999999998,Mark Stoops,28.583333333333332,24.833333333333332,3.75,12.0,3.0,1.0,0.3333333333333333
2024,Kentucky,SEC,5.5,24.5,20.9,2.0,,,4.0,8.0,12.0,1.0,7.0,4.185662002414942,788.36,236.86,24.0,25.0,8.0,0.0,0.32,0.36,0.079,0.18,0.567,0.186,0.008,12.0,23.0,-11.0,9.7,15.879999999999994,-6.179999999999994,Mark Stoops,20.583333333333332,22.083333333333332,-1.5,12.0,3.0,1.0,0.3333333333333333
2025,Kentucky,SEC,1.8,25.5,23.7,0.0,,,5.0,7.0,12.0,2.0,6.0,5.617103293538094,763.18,224.01,29.0,24.0,7.0,0.0,0.2916666666666667,0.27,-0.322,0.261,0.365,0.253,0.173,25.0,30.0,-5.0,21.82,23.4,-1.5799999999999983,Mark Stoops,23.0,26.416666666666668,-3.4166666666666665,12.0,3.0,1.0,0.3333333333333333
2026,Kentucky,SEC,5.2,26.3,21.1,0.0,,,0.0,0.0,0.0,0.0,0.0,0.0,786.65,197.21,60.0,17.0,3.0,0.0,0.17647058823529413,0.193,-0.029,-0.093,0.345,0.18,0.016,31.0,27.0,4.0,26.059999999999995,21.13,4.929999999999996,Will Stein,,,,,,,
2004,LSU,SEC,19.5,36.2,18.4,,,,9.0,3.0,12.0,6.0,2.0,,,287.64,4.0,8.0,8.0,3.0,1.0,,,,,,,,,,,,,Nick Saban,29.0,15.909090909090908,13.090909090909092,11.0,5.0,4.0,0.8
2005,LSU,SEC,20.3,32.0,11.7,,0.867,8.9,11.0,2.0,13.0,7.0,2.0,,,218.34,14.0,6.0,6.0,1.0,1.0,,,,,,,,,,,,,Les Miles,28.583333333333332,15.166666666666666,13.416666666666666,12.0,6.0,5.0,0.8333333333333334
2006,LSU,SEC,31.6,39.2,6.8,-0.7,0.856,11.6,11.0,2.0,13.0,6.0,2.0,,,269.92,8.0,17.0,13.0,1.0,0.7647058823529411,,,,,,,,,,,,,Les Miles,33.083333333333336,12.5,20.583333333333332,12.0,4.0,3.0,0.75
2007,LSU,SEC,28.9,41.9,14.1,1.0,0.807,10.6,12.0,2.0,14.0,7.0,2.0,,,282.25,5.0,12.0,12.0,1.0,1.0,,,,,,,,,,,,,Les Miles,38.69230769230769,19.615384615384617,19.076923076923077,13.0,6.0,4.0,0.6666666666666666
2008,LSU,SEC,20.8,35.7,17.5,2.6,0.889,8.0,9.0,5.0,14.0,3.0,5.0,,,259.67,13.0,18.0,13.0,1.0,0.7222222222222222,,,,,,,,,,,,,Les Miles,31.153846153846153,24.923076923076923,6.230769230769231,13.0,4.0,2.0,0.5
2009,LSU,SEC,23.0,30.8,10.3,2.6,0.801,8.6,9.0,4.0,13.0,5.0,3.0,,,293.15,1.0,15.0,14.0,4.0,0.9333333333333333,,,,,,,,,,,,,Les Miles,25.5,16.0,9.5,12.0,4.0,3.0,0.75
2010,LSU,SEC,20.4,33.1,14.8,2.1,0.806,8.3,11.0,2.0,13.0,6.0,2.0,7.865392289156096,,267.84,9.0,19.0,14.0,0.0,0.7368421052631579,,,,,,,,,,,,,Les Miles,28.75,17.75,11.0,12.0,7.0,6.0,0.8571428571428571
2011,LSU,SEC,31.9,37.5,7.7,2.1,0.792,11.4,13.0,1.0,14.0,9.0,1.0,9.91813402746398,,272.65,8.0,16.0,10.0,3.0,0.625,,,,,,,,,,,,,Les Miles,38.46153846153846,10.538461538461538,27.923076923076923,13.0,1.0,1.0,1.0
2012,LSU,SEC,23.7,34.5,12.1,1.3,0.804,8.5,10.0,3.0,13.0,6.0,2.0,8.811100254347384,,252.55,13.0,21.0,16.0,0.0,0.7619047619047619,,,,,,,,,,,,,Les Miles,30.25,16.916666666666668,13.333333333333334,12.0,6.0,5.0,0.8333333333333334
2013,LSU,SEC,28.7,45.2,18.7,2.2,0.828,10.2,10.0,3.0,13.0,5.0,3.0,8.167026387026693,,281.05,6.0,20.0,18.0,0.0,0.9,,,,,,,,,,,,,Les Miles,37.0,22.666666666666668,14.333333333333334,12.0,3.0,1.0,0.3333333333333333
2014,LSU,SEC,21.5,34.2,13.3,0.6,0.786,8.0,8.0,5.0,13.0,4.0,4.0,8.7040193307206,,299.29,2.0,20.0,16.0,4.0,0.8,0.118,0.012,-0.014,0.23,0.25,0.091,,,,,,,Les Miles,27.583333333333332,16.416666666666668,11.166666666666666,12.0,6.0,4.0,0.6666666666666666
2015,LSU,SEC,19.7,41.3,21.8,0.2,0.796,8.7,9.0,3.0,12.0,5.0,3.0,8.015096426564725,889.37,284.37,5.0,22.0,13.0,3.0,0.5909090909090909,0.792,0.907,0.713,0.806,0.77,0.993,,,,,,,Les Miles,30.727272727272727,24.0,6.7272727272727275,11.0,2.0,2.0,1.0
2016,LSU,SEC,25.3,34.2,9.0,0.2,0.816,9.5,8.0,4.0,12.0,5.0,3.0,9.3041603600414,917.72,295.03,2.0,26.0,17.0,2.0,0.6538461538461539,0.93,0.895,0.97,0.917,0.956,0.993,,,,,,,Les Miles,28.272727272727273,16.363636363636363,11.909090909090908,11.0,4.0,1.0,0.25
2017,LSU,SEC,21.1,35.6,14.0,-0.5,0.839,9.4,9.0,4.0,13.0,6.0,2.0,9.254123063160927,907.1,287.66,7.0,24.0,15.0,1.0,0.625,0.686,0.994,0.798,0.441,0.685,0.898,,,,,,,Ed Orgeron,28.083333333333332,18.75,9.333333333333334,12.0,3.0,2.0,0.6666666666666666
2018,LSU,SEC,24.2,34.8,13.4,2.7,0.75,9.1,10.0,3.0,13.0,5.0,3.0,9.766466236829377,889.91,254.38,15.0,20.0,11.0,1.0,0.55,0.17,0.07,0.018,0.31,0.158,0.085,,,,,,,Ed Orgeron,31.75,20.916666666666668,10.833333333333334,12.0,3.0,2.0,0.6666666666666666
2019,LSU,SEC,33.1,48.9,17.7,1.9,,,15.0,0.0,15.0,9.0,0.0,14.576685004281682,906.17,284.06,5.0,27.0,14.0,3.0,0.5185185185185185,0.858,1.0,0.725,0.828,0.731,1.0,,,,,,,Ed Orgeron,47.76923076923077,21.153846153846153,26.615384615384617,13.0,3.0,3.0,1.0
2020,LSU,SEC,6.0,33.8,28.3,,,,5.0,5.0,10.0,5.0,5.0,3.071491769736852,873.23,300.54,4.0,21.0,17.0,3.0,0.8095238095238095,0.252,0.112,0.05,0.425,0.273,0.083,,,,,,,Ed Orgeron,32.0,34.9,-2.9,10.0,4.0,3.0,0.75
2021,LSU,SEC,4.1,28.0,25.6,,,,6.0,7.0,13.0,3.0,5.0,7.1968671852536135,903.72,291.37,4.0,24.0,18.0,2.0,0.75,0.602,0.571,0.871,0.597,0.668,0.661,2.0,14.0,-12.0,1.7799999999999998,11.41,-9.63,Brad Davis,27.083333333333332,25.333333333333332,1.75,12.0,6.0,3.0,0.5
2022,LSU,SEC,16.2,34.2,17.6,-0.5,,,10.0,4.0,14.0,6.0,3.0,8.937714291632972,872.61,245.76,12.0,15.0,7.0,1.0,0.4666666666666667,0.484,0.128,0.177,0.722,0.287,0.139,16.0,19.0,-3.0,13.239999999999998,14.16,-0.9200000000000017,Brian Kelly,32.30769230769231,23.692307692307693,8.615384615384615,13.0,4.0,3.0,0.75
2023,LSU,SEC,19.1,44.6,25.0,-0.5,,,10.0,3.0,13.0,6.0,2.0,8.890185873099984,899.31,288.7,6.0,28.0,18.0,2.0,0.6428571428571429,0.845,0.983,0.993,0.694,0.888,0.987,14.0,21.0,-7.0,12.680000000000003,15.74,-3.059999999999997,Brian Kelly,46.416666666666664,27.75,18.666666666666668,12.0,2.0,1.0,0.5
2024,LSU,SEC,15.9,36.8,21.7,0.8,,,9.0,4.0,13.0,5.0,3.0,7.093878927236604,906.19,278.75,7.0,28.0,20.0,1.0,0.7142857142857143,0.203,0.121,0.214,0.261,0.302,0.199,10.0,27.0,-17.0,7.98,20.440000000000005,-12.460000000000004,Brian Kelly,29.333333333333332,23.75,5.583333333333333,12.0,4.0,3.0,0.75
2025,LSU,SEC,10.3,25.8,16.1,0.7,,,7.0,6.0,13.0,3.0,5.0,6.409515708684921,920.05,281.53,10.0,24.0,21.0,2.0,0.875,0.66,0.951,0.672,0.469,0.711,0.976,18.0,23.0,-5.0,15.889999999999999,17.9,-2.01,Brian Kelly,21.833333333333332,18.333333333333332,3.5,12.0,6.0,3.0,0.5
2026,LSU,SEC,20.4,32.6,12.4,0.2,,,0.0,0.0,0.0,0.0,0.0,0.0,931.76,272.69,11.0,16.0,12.0,2.0,0.75,0.212,0.132,0.402,0.203,0.269,0.005,44.0,41.0,3.0,36.45000000000001,34.13000000000001,2.3200000000000003,Lane Kiffin,,,,,,,
2018,Liberty,Conference USA,-19.7,25.1,41.7,-3.1,0.947,4.4,6.0,6.0,12.0,0.0,0.0,4.975406672195328,93.99,80.33,137.0,16.0,0.0,0.0,0.0,,,,,,,,,,,,,Turner Gill,33.25,36.833333333333336,-3.5833333333333335,12.0,4.0,3.0,0.75
2019,Liberty,Conference USA,-2.6,29.3,32.0,0.1,,,8.0,5.0,13.0,0.0,0.0,8.301108418782698,153.48,108.39,135.0,13.0,0.0,0.0,0.0,0.849,1.016,0.693,0.808,0.872,0.983,,,,,,,Hugh Freeze,33.666666666666664,29.083333333333332,4.583333333333333,12.0,3.0,2.0,0.6666666666666666
2020,Liberty,Conference USA,6.5,34.2,27.6,,,,10.0,1.0,11.0,0.0,0.0,8.11060113198959,158.93,146.5,95.0,24.0,0.0,0.0,0.0,0.316,-0.015,0.468,0.526,0.302,0.017,,,,,,,Hugh Freeze,38.3,19.2,19.1,10.0,4.0,3.0,0.75
2021,Liberty,Conference USA,8.4,32.1,23.1,,,,8.0,5.0,13.0,0.0,0.0,7.879938348348511,154.75,129.14,111.0,11.0,0.0,0.0,0.0,0.9,0.919,0.847,0.933,0.831,0.883,6.0,9.0,-3.0,3.44,3.4000000000000004,0.03999999999999959,Hugh Freeze,31.75,21.666666666666668,10.083333333333334,12.0,2.0,0.0,0.0
2022,Liberty,Conference USA,-1.5,24.1,25.4,-0.2,,,8.0,5.0,13.0,2.0,1.0,7.287218048079832,161.88,126.37,98.0,11.0,0.0,0.0,0.0,0.36,0.112,0.184,0.626,0.255,0.081,13.0,10.0,3.0,8.229999999999999,5.199999999999999,3.0299999999999994,Josh Aldridge,28.25,24.916666666666668,3.3333333333333335,12.0,7.0,4.0,0.5714285714285714
2023,Liberty,Conference USA,8.0,36.2,26.3,-1.9,,,13.0,1.0,14.0,9.0,0.0,12.756669863120925,330.29,120.52,111.0,14.0,0.0,0.0,0.0,0.448,0.98,0.151,0.302,0.544,0.967,13.0,14.0,-1.0,7.399999999999999,9.579999999999998,-2.1799999999999997,Jamey Chadwell,40.76923076923077,22.692307692307693,18.076923076923077,13.0,2.0,2.0,1.0
2024,Liberty,Conference USA,0.2,28.2,26.6,-1.5,,,8.0,4.0,12.0,5.0,3.0,7.795726698362949,569.65,142.69,105.0,19.0,0.0,0.0,0.0,0.738,1.03,0.893,0.423,0.821,0.966,18.0,18.0,0.0,14.49,12.280000000000001,2.209999999999999,Jamey Chadwell,30.727272727272727,23.272727272727273,7.454545454545454,11.0,5.0,3.0,0.6
2025,Liberty,Conference USA,-9.0,24.6,32.8,-0.7,,,4.0,8.0,12.0,3.0,5.0,5.296267895027995,599.12,160.79,86.0,14.0,0.0,0.0,0.0,0.301,0.021,0.031,0.636,0.216,0.073,20.0,28.0,-8.0,13.579999999999998,17.169999999999998,-3.59,Jamey Chadwell,25.583333333333332,26.5,-0.9166666666666666,12.0,5.0,1.0,0.2
2026,Liberty,Conference USA,-5.3,26.0,31.1,-0.2,,,0.0,0.0,0.0,0.0,0.0,0.0,633.35,172.64,109.0,17.0,0.0,0.0,0.0,0.383,0.746,0.45,0.211,0.425,0.828,26.0,20.0,6.0,18.379999999999995,13.439999999999998,4.939999999999998,Jamey Chadwell,,,,,,,
2004,Louisiana,Sun Belt,-15.9,23.2,36.5,,,,4.0,7.0,11.0,2.0,5.0,,,77.34,97.0,16.0,0.0,0.0,0.0,,,,,,,,,,,,,Rickey Bustle,22.0,24.727272727272727,-2.727272727272727,11.0,7.0,3.0,0.42857142857142855
2005,Louisiana,Sun Belt,-17.7,20.8,38.5,,0.944,4.9,6.0,5.0,11.0,5.0,2.0,,,94.87,82.0,15.0,0.0,0.0,0.0,,,,,,,,,,,,,Rickey Bustle,26.0,27.636363636363637,-1.6363636363636365,11.0,5.0,3.0,0.6
2006,Louisiana,Sun Belt,-19.3,11.4,30.3,-0.3,0.928,4.8,6.0,6.0,12.0,3.0,4.0,,,76.72,103.0,13.0,0.0,0.0,0.0,,,,,,,,,,,,,Rickey Bustle,20.666666666666668,24.666666666666668,-4.0,12.0,2.0,2.0,1.0
2007,Louisiana,Sun Belt,-22.3,21.0,42.4,-0.9,0.948,4.1,3.0,9.0,12.0,3.0,4.0,,,83.02,103.0,16.0,0.0,0.0,0.0,,,,,,,,,,,,,Rickey Bustle,23.75,35.833333333333336,-12.083333333333334,12.0,2.0,0.0,0.0
2008,Louisiana,Sun Belt,-11.1,29.3,39.9,-0.5,0.979,6.4,6.0,6.0,12.0,5.0,2.0,,,82.66,108.0,20.0,0.0,0.0,0.0,,,,,,,,,,,,,Rickey Bustle,33.083333333333336,33.666666666666664,-0.5833333333333334,12.0,2.0,1.0,0.5
2009,Louisiana,Sun Belt,-23.8,13.5,37.5,0.2,0.931,3.8,6.0,6.0,12.0,4.0,4.0,,,77.11,113.0,12.0,0.0,0.0,0.0,,,,,,,,,,,,,Rickey Bustle,22.166666666666668,30.333333333333332,-8.166666666666666,12.0,5.0,4.0,0.8
2010,Louisiana,Sun Belt,-28.2,15.5,41.0,-2.8,0.922,2.2,3.0,9.0,12.0,3.0,5.0,4.69542813672424,,86.44,115.0,19.0,0.0,0.0,0.0,,,,,,,,,,,,,Rickey Bustle,22.333333333333332,37.0,-14.666666666666666,12.0,6.0,3.0,0.5
2011,Louisiana,Sun Belt,-9.8,22.0,33.1,1.3,0.953,7.5,9.0,4.0,13.0,6.0,2.0,7.28589581536742,,91.52,84.0,23.0,0.0,0.0,0.0,,,,,,,,,,,,,Mark Hudspeth,32.333333333333336,29.833333333333332,2.5,12.0,3.0,3.0,1.0
2012,Louisiana,Sun Belt,0.0,32.5,34.7,2.2,0.929,8.1,9.0,4.0,13.0,6.0,2.0,6.8759585755281405,,97.59,107.0,20.0,0.0,0.0,0.0,,,,,,,,,,,,,Mark Hudspeth,34.833333333333336,27.583333333333332,7.25,12.0,3.0,1.0,0.3333333333333333
2013,Louisiana,Sun Belt,-12.5,26.2,38.2,-0.6,0.971,7.3,9.0,4.0,13.0,5.0,2.0,7.417395877977155,,138.35,80.0,16.0,0.0,0.0,0.0,,,,,,,,,,,,,Mark Hudspeth,34.583333333333336,26.916666666666668,7.666666666666667,12.0,3.0,2.0,0.6666666666666666
2014,Louisiana,Sun Belt,2.2,30.0,29.3,1.5,0.954,8.6,9.0,4.0,13.0,7.0,1.0,8.360124899257231,,102.49,107.0,15.0,0.0,0.0,0.0,0.843,1.016,1.063,0.703,0.919,0.983,,,,,,,Mark Hudspeth,30.583333333333332,27.916666666666668,2.6666666666666665,12.0,2.0,2.0,1.0
2015,Louisiana,Sun Belt,-7.1,24.2,32.1,0.8,0.962,4.6,4.0,8.0,12.0,3.0,5.0,3.704625829573281,430.17,146.18,78.0,21.0,0.0,0.0,0.0,0.555,0.459,0.476,0.646,0.369,0.074,,,,,,,Mark Hudspeth,26.416666666666668,31.833333333333332,-5.416666666666667,12.0,5.0,2.0,0.4
2016,Louisiana,Sun Belt,-8.7,19.8,29.4,0.8,0.956,5.7,6.0,7.0,13.0,5.0,3.0,6.530777009925602,421.37,115.83,106.0,18.0,0.0,0.0,0.0,0.596,0.204,0.859,0.593,0.625,0.473,,,,,,,Mark Hudspeth,23.833333333333332,25.083333333333332,-1.25,12.0,5.0,3.0,0.6
2017,Louisiana,Sun Belt,-15.8,27.5,42.9,-0.4,0.96,4.1,5.0,7.0,12.0,4.0,4.0,4.762716055832219,329.24,104.33,121.0,14.0,0.0,0.0,0.0,0.215,0.196,-0.111,0.368,0.252,0.019,,,,,,,Mark Hudspeth,28.166666666666668,40.0,-11.833333333333334,12.0,4.0,3.0,0.75
2018,Louisiana,Sun Belt,-6.9,30.5,38.9,1.5,0.889,7.0,7.0,7.0,14.0,5.0,4.0,5.5307427832055085,376.68,124.91,105.0,17.0,0.0,0.0,0.0,0.763,0.628,0.552,0.926,0.703,0.487,,,,,,,Billy Napier,32.53846153846154,33.69230769230769,-1.1538461538461537,13.0,3.0,2.0,0.6666666666666666
2019,Louisiana,Sun Belt,9.6,36.7,28.3,1.1,,,11.0,3.0,14.0,7.0,2.0,10.766498213280368,406.49,158.45,76.0,25.0,0.0,0.0,0.0,0.665,0.219,0.991,0.704,0.593,0.175,,,,,,,Billy Napier,38.76923076923077,19.923076923076923,18.846153846153847,13.0,2.0,1.0,0.5
2020,Louisiana,Sun Belt,8.1,33.8,25.6,,,,10.0,1.0,11.0,7.0,1.0,7.0805304761737835,378.95,158.34,79.0,21.0,0.0,0.0,0.0,0.729,0.921,0.765,0.572,0.783,0.988,,,,,,,Billy Napier,33.9,21.8,12.1,10.0,6.0,5.0,0.8333333333333334
2021,Louisiana,Sun Belt,8.7,30.3,21.2,,,,13.0,1.0,14.0,9.0,0.0,8.964502169894175,435.63,154.78,79.0,19.0,0.0,0.0,0.0,0.707,1.0,0.356,0.803,0.65,1.0,9.0,7.0,2.0,5.220000000000001,3.8000000000000003,1.4200000000000004,Michael Desormeaux,30.692307692307693,18.307692307692307,12.384615384615385,13.0,5.0,5.0,1.0
2022,Louisiana,Sun Belt,2.0,21.7,20.3,0.7,,,6.0,7.0,13.0,4.0,4.0,5.673315480248774,458.15,115.71,111.0,12.0,0.0,0.0,0.0,0.363,0.22,0.179,0.568,0.28,0.04,2.0,14.0,-12.0,1.4100000000000001,11.280000000000003,-9.870000000000003,Michael Desormeaux,27.0,22.833333333333332,4.166666666666667,12.0,3.0,0.0,0.0
2023,Louisiana,Sun Belt,0.4,32.4,33.1,1.1,,,6.0,7.0,13.0,3.0,5.0,6.641094349991045,475.45,155.69,89.0,20.0,0.0,0.0,0.0,0.647,0.804,1.168,0.484,0.744,0.987,1.0,7.0,-6.0,0.6,4.7700000000000005,-4.170000000000001,Michael Desormeaux,32.25,28.166666666666668,4.083333333333333,12.0,6.0,2.0,0.3333333333333333
2024,Louisiana,Sun Belt,4.8,31.5,27.8,1.1,,,10.0,4.0,14.0,7.0,2.0,9.630338076900111,553.39,137.49,117.0,14.0,0.0,0.0,0.0,0.476,0.437,0.244,0.592,0.577,0.584,7.0,6.0,1.0,5.470000000000001,4.17,1.3000000000000007,Michael Desormeaux,33.07692307692308,23.384615384615383,9.692307692307692,13.0,3.0,2.0,0.6666666666666666
2025,Louisiana,Sun Belt,-10.1,25.3,34.0,-1.4,,,6.0,7.0,13.0,5.0,3.0,5.030572913587093,585.82,165.34,81.0,20.0,0.0,0.0,0.0,0.145,-0.011,0.383,0.143,0.347,0.083,5.0,12.0,-7.0,3.94,8.620000000000001,-4.6800000000000015,Michael Desormeaux,27.083333333333332,30.0,-2.9166666666666665,12.0,6.0,4.0,0.6666666666666666
2026,Louisiana,Sun Belt,-10.6,24.4,34.6,-0.5,,,0.0,0.0,0.0,0.0,0.0,0.0,590.94,179.8,91.0,23.0,0.0,0.0,0.0,0.919,1.011,0.824,0.924,0.661,0.9,5.0,7.0,-2.0,4.16,5.279999999999999,-1.1199999999999992,Michael Desormeaux,,,,,,,
2004,Louisiana Tech,Sun Belt,3.5,36.2,34.2,,,,6.0,6.0,12.0,5.0,3.0,,,78.11,96.0,19.0,0.0,0.0,0.0,,,,,,,,,,,,,Jack Bicknell,25.666666666666668,31.833333333333332,-6.166666666666667,12.0,2.0,2.0,1.0
2005,Louisiana Tech,Sun Belt,-6.0,23.4,29.4,,0.964,6.3,7.0,4.0,11.0,6.0,2.0,,,85.65,91.0,13.0,0.0,0.0,0.0,,,,,,,,,,,,,Jack Bicknell,28.727272727272727,25.545454545454547,3.1818181818181817,11.0,1.0,1.0,1.0
2006,Louisiana Tech,Sun Belt,-22.2,18.9,39.7,-1.3,0.908,3.2,3.0,10.0,13.0,1.0,7.0,,,104.59,81.0,17.0,0.0,0.0,0.0,,,,,,,,,,,,,Jack Bicknell,18.615384615384617,41.69230769230769,-23.076923076923077,13.0,2.0,1.0,0.5
2007,Louisiana Tech,Sun Belt,-14.8,18.4,32.4,-0.8,0.906,4.2,5.0,7.0,12.0,4.0,4.0,,,126.35,78.0,19.0,0.0,0.0,0.0,,,,,,,,,,,,,Derek Dooley,20.75,30.666666666666668,-9.916666666666666,12.0,3.0,2.0,0.6666666666666666
2008,Louisiana Tech,Sun Belt,-9.7,20.2,29.6,-0.3,0.966,6.7,8.0,5.0,13.0,5.0,3.0,,,124.43,82.0,16.0,0.0,0.0,0.0,,,,,,,,,,,,,Derek Dooley,25.25,24.833333333333332,0.4166666666666667,12.0,5.0,3.0,0.6
2009,Louisiana Tech,Sun Belt,-3.8,23.6,26.9,-0.5,0.91,6.1,4.0,8.0,12.0,3.0,5.0,,,155.85,74.0,21.0,0.0,0.0,0.0,,,,,,,,,,,,,Derek Dooley,29.166666666666668,25.75,3.4166666666666665,12.0,3.0,0.0,0.0
2010,Louisiana Tech,Sun Belt,-7.4,23.9,33.0,1.7,0.901,4.8,5.0,7.0,12.0,4.0,4.0,4.681658122772744,,154.22,81.0,13.0,0.0,0.0,0.0,,,,,,,,,,,,,Sonny Dykes,26.75,30.666666666666668,-3.9166666666666665,12.0,3.0,1.0,0.3333333333333333
2011,Louisiana Tech,Sun Belt,1.9,23.6,22.9,1.2,0.941,8.1,8.0,5.0,13.0,6.0,1.0,6.110628352598126,,51.59,113.0,14.0,0.0,0.0,0.0,,,,,,,,,,,,,Sonny Dykes,30.583333333333332,22.5,8.083333333333334,12.0,6.0,3.0,0.5
2012,Louisiana Tech,Sun Belt,0.2,39.4,39.7,0.5,0.934,7.9,9.0,3.0,12.0,4.0,2.0,6.307903869123728,,111.9,98.0,12.0,0.0,0.0,0.0,,,,,,,,,,,,,Sonny Dykes,51.5,38.5,13.0,12.0,5.0,3.0,0.6
2013,Louisiana Tech,Sun Belt,-16.8,14.2,31.3,0.2,0.989,5.5,4.0,8.0,12.0,3.0,5.0,5.84330655621235,,124.51,89.0,11.0,0.0,0.0,0.0,,,,,,,,,,,,,Skip Holtz,19.166666666666668,26.25,-7.083333333333333,12.0,2.0,1.0,0.5
2014,Louisiana Tech,Sun Belt,-1.7,27.0,27.5,-1.1,0.921,9.0,9.0,5.0,14.0,7.0,2.0,9.469673803131538,,119.17,89.0,16.0,0.0,0.0,0.0,0.542,0.76,1.05,0.402,0.683,0.634,,,,,,,Skip Holtz,37.53846153846154,25.23076923076923,12.307692307692308,13.0,4.0,1.0,0.25
2015,Louisiana Tech,Sun Belt,8.3,35.6,27.4,0.1,0.952,9.9,9.0,4.0,13.0,6.0,2.0,9.541700284139496,437.99,142.32,82.0,18.0,0.0,0.0,0.0,0.459,0.039,0.658,0.72,0.519,0.025,,,,,,,Skip Holtz,36.75,26.75,10.0,12.0,4.0,2.0,0.5
2016,Louisiana Tech,Sun Belt,3.1,39.8,36.9,0.1,0.94,9.4,9.0,5.0,14.0,6.0,3.0,9.057605934442236,451.38,128.91,94.0,18.0,0.0,0.0,0.0,0.359,0.05,0.126,0.623,0.307,0.069,,,,,,,Skip Holtz,44.0,32.69230769230769,11.307692307692308,13.0,3.0,1.0,0.3333333333333333
2017,Louisiana Tech,Sun Belt,-5.5,26.8,32.7,0.4,0.953,6.8,7.0,6.0,13.0,4.0,4.0,8.11261277469188,394.31,121.72,100.0,13.0,0.0,0.0,0.0,0.232,0.02,0.658,0.279,0.331,0.004,,,,,,,Skip Holtz,28.75,26.666666666666668,2.0833333333333335,12.0,5.0,1.0,0.2
2018,Louisiana Tech,Sun Belt,-6.9,22.0,27.0,-1.8,0.925,7.1,8.0,5.0,13.0,5.0,3.0,7.019429643042409,477.5,162.18,77.0,20.0,0.0,0.0,0.0,0.746,1.0,0.474,0.759,0.684,1.0,,,,,,,Skip Holtz,24.166666666666668,23.75,0.4166666666666667,12.0,4.0,3.0,0.75
2019,Louisiana Tech,Sun Belt,0.2,25.3,25.0,0.0,,,10.0,3.0,13.0,6.0,2.0,8.358315164818194,501.25,155.46,83.0,15.0,0.0,0.0,0.0,0.732,1.0,0.679,0.621,0.791,1.0,,,,,,,Skip Holtz,34.0,23.666666666666668,10.333333333333334,12.0,3.0,2.0,0.6666666666666666
2020,Louisiana Tech,Sun Belt,-7.0,24.4,31.4,,,,5.0,5.0,10.0,4.0,2.0,2.8407924172373615,467.46,162.08,75.0,18.0,0.0,0.0,0.0,0.46,0.026,0.479,0.727,0.53,0.195,,,,,,,Skip Holtz,29.333333333333332,34.333333333333336,-5.0,9.0,4.0,3.0,0.75
2021,Louisiana Tech,Sun Belt,-11.6,23.6,34.4,,,,3.0,9.0,12.0,2.0,6.0,4.14468622359673,520.48,108.45,121.0,10.0,0.0,0.0,0.0,0.699,0.959,0.574,0.68,0.619,0.992,9.0,11.0,-2.0,5.24,5.220000000000001,0.019999999999999574,Skip Holtz,28.0,34.0,-6.0,12.0,7.0,2.0,0.2857142857142857
2022,Louisiana Tech,Sun Belt,-17.8,29.6,47.0,-0.4,,,3.0,9.0,12.0,2.0,6.0,3.809922057915364,473.76,140.27,88.0,12.0,0.0,0.0,0.0,0.322,0.007,-0.504,0.636,0.269,0.003,9.0,11.0,-2.0,6.239999999999999,5.510000000000001,0.7299999999999986,Sonny Cumbie,29.0,37.916666666666664,-8.916666666666666,12.0,2.0,0.0,0.0
2023,Louisiana Tech,Sun Belt,-12.9,22.1,36.0,1.0,,,3.0,9.0,12.0,2.0,6.0,4.2065989666827726,433.72,163.34,77.0,21.0,0.0,0.0,0.0,0.392,0.092,0.928,0.466,0.445,0.07,19.0,23.0,-4.0,10.83,13.369999999999997,-2.5399999999999974,Sonny Cumbie,25.916666666666668,33.416666666666664,-7.5,12.0,4.0,1.0,0.25
2024,Louisiana Tech,Sun Belt,-11.6,15.9,26.3,-1.2,,,5.0,8.0,13.0,4.0,4.0,4.903229528055918,533.72,139.16,113.0,12.0,0.0,0.0,0.0,0.261,0.379,0.191,0.22,0.27,0.344,12.0,22.0,-10.0,8.79,12.809999999999999,-4.02,Sonny Cumbie,22.166666666666668,20.5,1.6666666666666667,12.0,7.0,2.0,0.2857142857142857
2025,Louisiana Tech,Sun Belt,-1.3,25.6,27.0,0.1,,,8.0,5.0,13.0,5.0,3.0,8.906039774417877,493.5,131.97,111.0,14.0,0.0,0.0,0.0,0.434,1.022,1.027,0.329,0.627,0.817,9.0,33.0,-24.0,6.370000000000001,20.160000000000007,-13.790000000000006,Sonny Cumbie,27.666666666666668,21.333333333333332,6.333333333333333,12.0,3.0,1.0,0.3333333333333333
2026,Louisiana Tech,Sun Belt,-9.1,21.9,31.0,0.0,,,0.0,0.0,0.0,0.0,0.0,0.0,543.02,177.0,99.0,20.0,0.0,0.0,0.0,0.639,0.991,0.785,0.439,0.489,0.829,11.0,24.0,-13.0,8.469999999999999,13.589999999999996,-5.119999999999997,Sonny Cumbie,,,,,,,
2004,Louisville,ACC,24.0,50.7,32.1,,,,11.0,1.0,12.0,9.0,1.0,,,109.8,63.0,12.0,1.0,0.0,0.08333333333333333,,,,,,,,,,,,,Bobby Petrino,50.27272727272727,17.818181818181817,32.45454545454545,11.0,2.0,1.0,0.5
2005,Louisville,ACC,20.3,41.5,21.2,,0.928,9.7,9.0,3.0,12.0,5.0,2.0,,,176.69,36.0,14.0,1.0,0.0,0.07142857142857142,,,,,,,,,,,,,Bobby Petrino,45.18181818181818,22.727272727272727,22.454545454545453,11.0,2.0,1.0,0.5
2006,Louisville,ACC,27.3,41.3,14.4,0.5,0.874,11.5,12.0,1.0,13.0,6.0,1.0,,,201.32,24.0,16.0,3.0,0.0,0.1875,,,,,,,,,,,,,Bobby Petrino,38.916666666666664,16.583333333333332,22.333333333333332,12.0,2.0,1.0,0.5
2007,Louisville,ACC,12.1,40.6,29.2,0.6,0.862,6.9,6.0,6.0,12.0,3.0,4.0,,,165.31,49.0,6.0,0.0,0.0,0.0,,,,,,,,,,,,,Steve Kragthorpe,35.166666666666664,31.416666666666668,3.75,12.0,7.0,3.0,0.42857142857142855
2008,Louisville,ACC,-3.0,24.6,25.3,-2.3,0.963,5.5,5.0,7.0,12.0,1.0,6.0,,,175.97,46.0,7.0,0.0,0.0,0.0,,,,,,,,,,,,,Steve Kragthorpe,24.666666666666668,29.833333333333332,-5.166666666666667,12.0,4.0,2.0,0.5
2009,Louisville,ACC,-5.4,23.7,28.0,-1.1,0.894,3.7,4.0,8.0,12.0,1.0,6.0,,,174.46,57.0,16.0,0.0,0.0,0.0,,,,,,,,,,,,,Steve Kragthorpe,18.083333333333332,26.25,-8.166666666666666,12.0,3.0,2.0,0.6666666666666666
2010,Louisville,ACC,10.9,28.6,19.1,1.4,0.93,7.6,7.0,6.0,13.0,3.0,4.0,7.3176666744839585,,197.18,44.0,18.0,3.0,0.0,0.16666666666666666,,,,,,,,,,,,,Charlie Strong,26.0,18.666666666666668,7.333333333333333,12.0,4.0,0.0,0.0
2011,Louisville,ACC,7.2,25.5,18.8,0.4,0.935,6.9,7.0,6.0,13.0,5.0,2.0,7.446188798524183,,208.34,27.0,15.0,3.0,0.0,0.2,,,,,,,,,,,,,Charlie Strong,21.75,19.166666666666668,2.5833333333333335,12.0,7.0,3.0,0.42857142857142855
2012,Louisville,ACC,10.5,35.7,24.2,-1.0,0.921,9.3,11.0,2.0,13.0,5.0,2.0,8.529493496790048,,194.36,45.0,16.0,2.0,0.0,0.125,,,,,,,,,,,,,Charlie Strong,31.0,23.833333333333332,7.166666666666667,12.0,7.0,6.0,0.8571428571428571
2013,Louisville,ACC,24.2,39.1,15.2,0.3,0.958,11.9,12.0,1.0,13.0,7.0,1.0,10.887967452164595,,194.03,36.0,12.0,3.0,0.0,0.25,,,,,,,,,,,,,Charlie Strong,35.083333333333336,12.416666666666666,22.666666666666668,12.0,4.0,3.0,0.75
2014,Louisville,ACC,17.0,34.0,16.7,-0.3,0.859,9.8,9.0,4.0,13.0,5.0,3.0,10.451228340480325,,183.64,45.0,9.0,0.0,0.0,0.0,0.378,0.01,-0.2,0.647,0.373,0.027,,,,,,,Bobby Petrino,32.583333333333336,20.5,12.083333333333334,12.0,4.0,2.0,0.5
2015,Louisville,ACC,13.2,33.4,20.0,-0.2,0.858,8.0,8.0,5.0,13.0,5.0,3.0,8.86158145001076,641.05,201.4,33.0,6.0,2.0,0.0,0.3333333333333333,0.596,0.816,0.947,0.385,0.619,0.965,,,,,,,Bobby Petrino,28.833333333333332,24.333333333333332,4.5,12.0,7.0,4.0,0.5714285714285714
2016,Louisville,ACC,22.9,40.8,17.7,-0.2,0.863,9.9,9.0,4.0,13.0,7.0,1.0,9.82720348444852,654.13,196.02,38.0,20.0,2.0,0.0,0.1,0.995,1.0,0.972,1.006,0.992,1.0,,,,,,,Bobby Petrino,45.333333333333336,23.333333333333332,22.0,12.0,3.0,1.0,0.3333333333333333
2017,Louisville,ACC,19.2,43.3,24.9,0.8,0.869,8.3,8.0,5.0,13.0,4.0,4.0,9.115199533235636,640.98,205.15,34.0,23.0,3.0,0.0,0.13043478260869565,0.67,0.801,0.856,0.461,0.699,0.933,,,,,,,Bobby Petrino,39.0,27.083333333333332,11.916666666666666,12.0,3.0,2.0,0.6666666666666666
2018,Louisville,ACC,-9.1,24.5,33.6,0.0,0.844,1.7,2.0,10.0,12.0,0.0,8.0,2.1668037236337856,632.22,213.58,30.0,22.0,3.0,0.0,0.13636363636363635,0.373,0.024,0.165,0.768,0.302,0.077,,,,,,,Lorenzo Ward,19.75,44.083333333333336,-24.333333333333332,12.0,2.0,1.0,0.5
2019,Louisville,ACC,0.2,34.6,33.6,-0.8,,,8.0,5.0,13.0,5.0,3.0,7.057308779810374,645.84,165.93,69.0,14.0,1.0,0.0,0.07142857142857142,0.82,4.6,0.704,0.701,0.728,0.927,,,,,,,Scott Satterfield,32.666666666666664,33.833333333333336,-1.1666666666666667,12.0,3.0,3.0,1.0
2020,Louisville,ACC,6.5,37.7,31.1,,,,4.0,7.0,11.0,3.0,7.0,5.504494596913313,621.82,194.46,42.0,21.0,0.0,0.0,0.0,0.912,0.963,1.0,0.828,0.961,0.997,,,,,,,Scott Satterfield,29.545454545454547,26.636363636363637,2.909090909090909,11.0,4.0,0.0,0.0
2021,Louisville,ACC,7.8,34.9,26.6,,,,6.0,7.0,13.0,4.0,4.0,8.838621247988284,607.77,198.01,38.0,26.0,2.0,0.0,0.07692307692307693,0.726,1.033,1.017,0.416,0.847,0.985,6.0,16.0,-10.0,4.1899999999999995,10.04,-5.85,Scott Satterfield,31.916666666666668,27.0,4.916666666666667,12.0,4.0,1.0,0.25
2022,Louisville,ACC,9.0,27.0,19.1,1.1,,,8.0,5.0,13.0,4.0,4.0,8.320110381938436,625.42,187.58,51.0,16.0,4.0,0.0,0.25,0.641,0.697,0.678,0.573,0.653,0.628,13.0,18.0,-5.0,9.15,13.5,-4.35,Deion Branch,27.166666666666668,20.166666666666668,7.0,12.0,3.0,1.0,0.3333333333333333
2023,Louisville,ACC,8.0,30.1,22.3,0.2,,,10.0,4.0,14.0,7.0,2.0,9.74858020465242,744.16,217.99,31.0,19.0,7.0,0.0,0.3684210526315789,0.231,0.164,0.257,0.247,0.395,0.379,26.0,25.0,1.0,22.479999999999993,18.339999999999996,4.139999999999997,Jeff Brohm,30.923076923076923,19.692307692307693,11.23076923076923,13.0,6.0,5.0,0.8333333333333334
2024,Louisville,ACC,13.6,37.7,22.9,-1.1,,,9.0,4.0,13.0,5.0,3.0,8.447919140315149,739.28,186.52,58.0,18.0,2.0,0.0,0.1111111111111111,0.153,0.066,0.068,0.237,0.171,0.021,28.0,29.0,-1.0,24.030000000000005,22.220000000000002,1.8100000000000023,Jeff Brohm,36.583333333333336,23.25,13.333333333333334,12.0,6.0,2.0,0.3333333333333333
2025,Louisville,ACC,12.4,31.6,19.8,0.6,,,9.0,4.0,13.0,4.0,4.0,9.430050792638212,700.77,183.1,68.0,17.0,0.0,0.0,0.0,0.349,0.0,0.849,0.4,0.376,0.0,30.0,30.0,0.0,24.93,23.55,1.379999999999999,Jeff Brohm,30.166666666666668,21.083333333333332,9.083333333333334,12.0,5.0,2.0,0.4
2026,Louisville,ACC,11.1,30.7,19.8,0.2,,,0.0,0.0,0.0,0.0,0.0,0.0,739.97,211.65,48.0,20.0,3.0,0.0,0.15,0.348,0.0,0.846,0.182,0.268,0.0,33.0,40.0,-7.0,26.740000000000002,26.630000000000003,0.10999999999999943,Jeff Brohm,,,,,,,
2004,Marshall,Sun Belt,1.2,28.8,28.1,,,,6.0,6.0,12.0,6.0,2.0,,,91.43,78.0,16.0,0.0,0.0,0.0,,,,,,,,,,,,,Bob Pruett,25.181818181818183,21.272727272727273,3.909090909090909,11.0,4.0,1.0,0.25
2005,Marshall,Sun Belt,-9.4,18.6,27.9,,0.943,4.1,4.0,7.0,11.0,3.0,5.0,,,106.85,75.0,16.0,0.0,0.0,0.0,,,,,,,,,,,,,Mark Snyder,18.545454545454547,25.90909090909091,-7.363636363636363,11.0,6.0,3.0,0.5
2006,Marshall,Sun Belt,-7.9,26.7,34.2,-0.3,0.918,5.2,5.0,7.0,12.0,4.0,4.0,,,108.78,79.0,21.0,0.0,0.0,0.0,,,,,,,,,,,,,Mark Snyder,25.916666666666668,29.25,-3.3333333333333335,12.0,2.0,1.0,0.5
2007,Marshall,Sun Belt,-9.1,31.1,39.4,-0.8,0.919,4.7,3.0,9.0,12.0,3.0,5.0,,,143.49,64.0,19.0,0.0,0.0,0.0,,,,,,,,,,,,,Mark Snyder,24.833333333333332,34.25,-9.416666666666666,12.0,4.0,1.0,0.25
2008,Marshall,Sun Belt,-4.2,23.2,27.4,0.0,0.961,5.6,4.0,8.0,12.0,3.0,5.0,,,147.08,64.0,11.0,0.0,0.0,0.0,,,,,,,,,,,,,Mark Snyder,20.5,27.666666666666668,-7.166666666666667,12.0,5.0,2.0,0.4
2009,Marshall,Sun Belt,-6.1,21.1,28.3,1.1,0.932,5.5,7.0,6.0,13.0,4.0,4.0,,,128.95,91.0,20.0,0.0,0.0,0.0,,,,,,,,,,,,,Mark Snyder,21.833333333333332,24.916666666666668,-3.0833333333333335,12.0,6.0,3.0,0.5
2010,Marshall,Sun Belt,-14.1,15.7,27.8,-2.0,0.913,4.3,5.0,7.0,12.0,4.0,4.0,4.3583670834249055,,164.29,78.0,23.0,0.0,0.0,0.0,,,,,,,,,,,,,Doc Holliday,20.833333333333332,28.75,-7.916666666666667,12.0,3.0,2.0,0.6666666666666666
2011,Marshall,Sun Belt,-8.0,20.5,28.5,-0.1,0.919,4.5,7.0,6.0,13.0,5.0,3.0,4.440807907442409,,152.84,60.0,17.0,0.0,0.0,0.0,,,,,,,,,,,,,Doc Holliday,22.0,30.166666666666668,-8.166666666666666,12.0,5.0,5.0,1.0
2012,Marshall,Sun Belt,-1.4,31.9,33.9,0.6,0.971,6.9,5.0,7.0,12.0,4.0,4.0,6.524905628030257,,134.93,78.0,14.0,1.0,0.0,0.07142857142857142,,,,,,,,,,,,,Doc Holliday,40.916666666666664,43.083333333333336,-2.1666666666666665,12.0,6.0,2.0,0.3333333333333333
2013,Marshall,Sun Belt,8.3,33.4,25.5,0.4,0.969,11.1,10.0,4.0,14.0,7.0,2.0,8.911775784279564,,170.81,58.0,12.0,0.0,0.0,0.0,,,,,,,,,,,,,Doc Holliday,43.0,23.153846153846153,19.846153846153847,13.0,3.0,1.0,0.3333333333333333
2014,Marshall,Sun Belt,16.8,38.4,23.1,1.5,0.985,13.1,13.0,1.0,14.0,8.0,1.0,12.074813692757148,,165.64,62.0,19.0,1.0,0.0,0.05263157894736842,0.788,0.982,0.814,0.668,0.691,0.961,,,,,,,Doc Holliday,45.07692307692308,20.846153846153847,24.23076923076923,13.0,3.0,2.0,0.6666666666666666
2015,Marshall,Sun Belt,3.5,25.4,20.3,-1.5,0.972,9.0,10.0,3.0,13.0,6.0,2.0,8.99967687855686,489.77,149.98,75.0,22.0,0.0,0.0,0.0,0.392,0.091,0.619,0.448,0.347,0.049,,,,,,,Doc Holliday,32.583333333333336,18.416666666666668,14.166666666666666,12.0,2.0,1.0,0.5
2016,Marshall,Sun Belt,-12.7,24.6,35.8,-1.5,0.923,3.3,3.0,9.0,12.0,2.0,6.0,3.102946849457712,485.46,176.55,51.0,31.0,2.0,0.0,0.06451612903225806,0.641,1.049,0.255,0.527,0.655,0.818,,,,,,,Doc Holliday,26.416666666666668,35.25,-8.833333333333334,12.0,2.0,1.0,0.5
2017,Marshall,Sun Belt,-4.5,19.4,23.9,0.1,0.962,7.5,8.0,5.0,13.0,4.0,4.0,8.132919172416834,445.48,132.84,87.0,16.0,0.0,0.0,0.0,0.443,1.0,1.051,0.168,0.74,1.0,,,,,,,Doc Holliday,26.333333333333332,19.25,7.083333333333333,12.0,5.0,2.0,0.4
2018,Marshall,Sun Belt,1.0,22.0,20.5,-0.5,0.971,9.2,9.0,4.0,13.0,6.0,2.0,8.484049858035382,451.61,165.85,74.0,28.0,0.0,0.0,0.0,0.484,0.0,-33.667,0.764,0.523,0.0,,,,,,,Doc Holliday,27.416666666666668,22.0,5.416666666666667,12.0,4.0,3.0,0.75
2019,Marshall,Sun Belt,-1.9,23.8,26.6,0.8,,,8.0,5.0,13.0,6.0,2.0,6.30269758038886,489.63,165.42,71.0,33.0,0.0,0.0,0.0,0.676,1.015,0.664,0.56,0.703,0.998,,,,,,,Doc Holliday,25.833333333333332,23.083333333333332,2.75,12.0,5.0,4.0,0.8
2020,Marshall,Sun Belt,9.5,28.6,19.0,,,,7.0,3.0,10.0,4.0,2.0,6.957120769880689,408.98,146.14,96.0,19.0,0.0,0.0,0.0,0.515,-0.005,0.754,0.595,0.491,0.008,,,,,,,Doc Holliday,30.555555555555557,12.555555555555555,18.0,9.0,0.0,0.0,
2021,Marshall,Sun Belt,8.0,32.8,23.5,,,,7.0,6.0,13.0,5.0,3.0,7.381749744010617,456.97,101.55,125.0,14.0,0.0,0.0,0.0,0.698,0.952,0.515,0.704,0.728,0.997,6.0,13.0,-7.0,4.22,7.38,-3.16,Charles Huff,34.0,22.75,11.25,12.0,5.0,1.0,0.2
2022,Marshall,Sun Belt,3.0,15.7,11.4,-1.3,,,9.0,4.0,13.0,5.0,3.0,10.370431532011144,455.3,176.47,57.0,26.0,0.0,0.0,0.0,0.506,0.013,0.754,0.674,0.408,0.01,13.0,14.0,-1.0,9.01,8.879999999999999,0.13000000000000078,Charles Huff,24.166666666666668,16.166666666666668,8.0,12.0,4.0,3.0,0.75
2023,Marshall,Sun Belt,-9.0,24.4,31.5,-1.8,,,6.0,7.0,13.0,3.0,5.0,6.2434084092360775,478.59,77.8,125.0,18.0,0.0,0.0,0.0,0.468,0.287,0.535,0.465,0.481,0.598,11.0,14.0,-3.0,6.66,8.719999999999999,-2.0599999999999987,Charles Huff,23.25,28.166666666666668,-4.916666666666667,12.0,5.0,4.0,0.8
2024,Marshall,Sun Belt,3.1,29.6,26.9,0.4,,,10.0,3.0,13.0,8.0,1.0,8.377104791452176,587.22,145.69,103.0,18.0,0.0,0.0,0.0,0.269,0.206,0.007,0.411,0.26,0.283,28.0,33.0,-5.0,20.739999999999995,19.42,1.3199999999999932,Charles Huff,31.846153846153847,23.076923076923077,8.76923076923077,13.0,5.0,4.0,0.8
2025,Marshall,Sun Belt,-4.5,29.6,34.8,0.7,,,5.0,7.0,12.0,3.0,5.0,7.878249095752835,590.64,118.44,120.0,18.0,0.0,0.0,0.0,0.069,0.0,0.0,0.135,0.024,0.0,52.0,56.0,-4.0,31.50000000000002,33.84000000000002,-2.3399999999999963,Tony Gibson,30.75,30.25,0.5,12.0,5.0,1.0,0.2
2026,Marshall,Sun Belt,-8.2,27.6,36.0,0.3,,,0.0,0.0,0.0,0.0,0.0,0.0,594.71,162.09,123.0,17.0,0.0,0.0,0.0,0.988,1.002,2.104,0.914,0.752,0.935,28.0,22.0,6.0,17.069999999999997,12.25,4.819999999999997,Tony Gibson,,,,,,,
2004,Maryland,Big Ten,5.1,24.5,20.0,,,,5.0,6.0,11.0,3.0,5.0,,,204.06,16.0,6.0,2.0,0.0,0.3333333333333333,,,,,,,,,,,,,Ralph Friedgen,17.727272727272727,20.0,-2.272727272727273,11.0,5.0,3.0,0.6
2005,Maryland,Big Ten,9.0,30.3,21.4,,0.887,6.5,5.0,6.0,11.0,3.0,5.0,,,206.08,22.0,8.0,3.0,1.0,0.375,,,,,,,,,,,,,Ralph Friedgen,24.545454545454547,25.0,-0.45454545454545453,11.0,4.0,2.0,0.5
2006,Maryland,Big Ten,4.6,25.2,22.1,1.5,0.864,6.0,9.0,4.0,13.0,5.0,3.0,,,202.78,23.0,15.0,4.0,0.0,0.26666666666666666,,,,,,,,,,,,,Ralph Friedgen,21.666666666666668,23.083333333333332,-1.4166666666666667,12.0,7.0,6.0,0.8571428571428571
2007,Maryland,Big Ten,5.9,28.5,22.8,0.2,0.867,6.3,6.0,7.0,13.0,3.0,5.0,,,196.41,33.0,12.0,2.0,0.0,0.16666666666666666,,,,,,,,,,,,,Ralph Friedgen,24.916666666666668,21.583333333333332,3.3333333333333335,12.0,5.0,2.0,0.4
2008,Maryland,Big Ten,7.6,28.8,21.6,0.3,0.933,7.2,8.0,5.0,13.0,4.0,4.0,,,186.96,41.0,13.0,5.0,0.0,0.38461538461538464,,,,,,,,,,,,,Ralph Friedgen,20.083333333333332,21.416666666666668,-1.3333333333333333,12.0,5.0,4.0,0.8
2009,Maryland,Big Ten,-4.1,21.4,25.5,0.0,0.887,3.4,2.0,10.0,12.0,1.0,7.0,,,211.59,31.0,17.0,5.0,0.0,0.29411764705882354,,,,,,,,,,,,,Ralph Friedgen,21.333333333333332,31.25,-9.916666666666666,12.0,7.0,2.0,0.2857142857142857
2010,Maryland,Big Ten,11.9,29.9,18.3,0.3,0.894,7.9,9.0,4.0,13.0,5.0,3.0,7.201993439708329,,205.67,39.0,18.0,4.0,0.0,0.2222222222222222,,,,,,,,,,,,,Ralph Friedgen,30.666666666666668,22.333333333333332,8.333333333333334,12.0,5.0,4.0,0.8
2011,Maryland,Big Ten,-8.0,26.6,32.8,-1.8,0.885,3.4,2.0,10.0,12.0,1.0,7.0,4.147237656505282,,162.97,50.0,15.0,1.0,0.0,0.06666666666666667,,,,,,,,,,,,,Randy Edsall,23.083333333333332,34.25,-11.166666666666666,12.0,2.0,0.0,0.0
2012,Maryland,Big Ten,-7.8,17.6,23.3,-2.1,0.893,4.3,4.0,8.0,12.0,2.0,6.0,4.408284835594473,,204.96,37.0,21.0,3.0,1.0,0.14285714285714285,,,,,,,,,,,,,Randy Edsall,20.083333333333332,27.166666666666668,-7.083333333333333,12.0,7.0,3.0,0.42857142857142855
2013,Maryland,Big Ten,10.8,29.6,19.8,1.1,0.888,6.9,7.0,6.0,13.0,3.0,5.0,7.36626403734875,,193.11,38.0,18.0,2.0,0.0,0.1111111111111111,,,,,,,,,,,,,Randy Edsall,26.666666666666668,24.833333333333332,1.8333333333333333,12.0,3.0,2.0,0.6666666666666666
2014,Maryland,Big Ten,5.7,30.4,26.1,1.4,0.852,6.8,7.0,6.0,13.0,4.0,4.0,4.954164899615596,,190.98,41.0,12.0,3.0,1.0,0.25,0.879,1.0,0.673,0.832,0.946,1.0,,,,,,,Randy Edsall,29.083333333333332,28.916666666666668,0.16666666666666666,12.0,6.0,4.0,0.6666666666666666
2015,Maryland,Big Ten,-1.6,26.1,26.5,-1.2,0.831,3.8,3.0,9.0,12.0,1.0,7.0,3.751142935404267,603.76,182.31,47.0,12.0,2.0,0.0,0.16666666666666666,0.297,0.341,0.22,0.312,0.34,0.107,,,,,,,Randy Edsall,24.666666666666668,34.416666666666664,-9.75,12.0,3.0,1.0,0.3333333333333333
2016,Maryland,Big Ten,-0.6,28.7,28.1,-1.2,0.876,6.2,6.0,7.0,13.0,3.0,6.0,5.361863704967228,651.99,190.15,41.0,23.0,3.0,0.0,0.13043478260869565,0.87,0.453,0.766,0.887,0.799,0.946,,,,,,,D.J. Durkin,25.416666666666668,29.0,-3.5833333333333335,12.0,2.0,1.0,0.5
2017,Maryland,Big Ten,-4.5,26.7,28.3,-2.9,0.781,3.9,4.0,8.0,12.0,2.0,7.0,3.109521450522048,696.21,230.17,18.0,28.0,9.0,0.0,0.32142857142857145,0.44,0.122,0.712,0.358,0.422,0.311,,,,,,,D.J. Durkin,24.083333333333332,37.083333333333336,-13.0,12.0,3.0,2.0,0.6666666666666666
2018,Maryland,Big Ten,3.0,27.6,25.9,1.3,0.861,5.3,5.0,7.0,12.0,3.0,6.0,5.9815111573926805,725.94,218.34,28.0,22.0,4.0,0.0,0.18181818181818182,0.668,1.032,0.976,0.412,0.792,0.851,,,,,,,Matt Canada,28.5,28.666666666666668,-0.16666666666666666,12.0,3.0,1.0,0.3333333333333333
2019,Maryland,Big Ten,-6.3,26.3,30.3,-2.4,,,3.0,9.0,12.0,1.0,8.0,3.270561207020459,703.94,192.18,47.0,16.0,3.0,0.0,0.1875,0.724,0.153,0.812,0.757,0.587,0.311,,,,,,,Mike Locksley,25.25,34.666666666666664,-9.416666666666666,12.0,3.0,0.0,0.0
2020,Maryland,Big Ten,-0.1,27.8,28.0,,,,2.0,3.0,5.0,2.0,3.0,2.309367563697062,646.29,209.67,31.0,20.0,3.0,1.0,0.15,0.638,-0.189,0.254,0.818,0.517,0.665,,,,,,,Mike Locksley,23.6,32.0,-8.4,5.0,2.0,1.0,0.5
2021,Maryland,Big Ten,6.2,34.8,27.4,,,,7.0,6.0,13.0,3.0,6.0,6.096280072943679,705.79,230.29,19.0,24.0,5.0,1.0,0.20833333333333334,0.654,0.921,0.057,0.686,0.675,0.913,1.0,15.0,-14.0,0.84,9.34,-8.5,Mike Locksley,27.25,32.416666666666664,-5.166666666666667,12.0,3.0,3.0,1.0
2022,Maryland,Big Ten,11.2,33.8,24.2,1.7,,,8.0,5.0,13.0,4.0,5.0,7.812368751981297,680.22,213.62,31.0,21.0,4.0,0.0,0.19047619047619047,0.711,0.901,0.659,0.591,0.676,0.964,6.0,27.0,-21.0,3.72,17.83,-14.109999999999998,Mike Locksley,29.166666666666668,24.083333333333332,5.083333333333333,12.0,5.0,3.0,0.6
2023,Maryland,Big Ten,11.0,28.3,17.6,0.4,,,8.0,5.0,13.0,4.0,5.0,8.686284739437186,685.75,206.46,36.0,25.0,4.0,0.0,0.16,0.784,1.011,1.086,0.591,0.88,0.977,10.0,22.0,-12.0,8.43,14.929999999999998,-6.499999999999998,Mike Locksley,29.583333333333332,23.25,6.333333333333333,12.0,4.0,1.0,0.25
2024,Maryland,Big Ten,-3.9,23.3,27.1,-0.1,,,4.0,8.0,12.0,1.0,8.0,3.5286025680340214,695.59,209.92,39.0,24.0,3.0,0.0,0.125,0.37,-0.038,0.472,0.574,0.413,0.086,8.0,13.0,-5.0,5.8100000000000005,9.77,-3.959999999999999,Mike Locksley,23.666666666666668,30.416666666666668,-6.75,12.0,2.0,1.0,0.5
2025,Maryland,Big Ten,0.6,24.4,24.7,0.9,,,4.0,8.0,12.0,1.0,8.0,5.526385084725916,699.31,228.43,25.0,21.0,6.0,0.0,0.2857142857142857,0.128,0.05,-0.014,0.177,0.119,0.004,15.0,31.0,-16.0,13.04,24.050000000000004,-11.010000000000005,Mike Locksley,23.5,26.5,-3.0,12.0,3.0,0.0,0.0
2026,Maryland,Big Ten,5.2,26.8,22.0,0.3,,,0.0,0.0,0.0,0.0,0.0,0.0,719.64,215.87,43.0,19.0,2.0,1.0,0.10526315789473684,0.54,0.866,1.418,0.264,0.705,0.953,14.0,16.0,-2.0,11.929999999999998,13.449999999999998,-1.5199999999999996,Mike Locksley,,,,,,,
2012,Massachusetts,Mid-American,-34.4,8.4,43.1,0.3,0.945,0.9,1.0,11.0,12.0,1.0,7.0,1.258414804372562,,19.91,138.0,2.0,0.0,0.0,0.0,,,,,,,,,,,,,Charley Molnar,12.666666666666666,40.166666666666664,-27.5,12.0,1.0,0.0,0.0
2013,Massachusetts,Mid-American,-36.1,6.4,40.7,-1.7,0.929,1.3,1.0,11.0,12.0,1.0,7.0,3.9770330958192455,,112.55,101.0,22.0,0.0,0.0,0.0,,,,,,,,,,,,,Charley Molnar,11.666666666666666,33.0,-21.333333333333332,12.0,3.0,1.0,0.3333333333333333
2014,Massachusetts,Mid-American,-20.2,22.6,39.9,-2.9,0.97,4.4,3.0,9.0,12.0,3.0,5.0,4.951056110086266,,87.9,120.0,13.0,0.0,0.0,0.0,0.664,0.355,0.706,0.708,0.692,0.7,,,,,,,Mark Whipple,27.333333333333332,33.0,-5.666666666666667,12.0,5.0,0.0,0.0
2015,Massachusetts,Mid-American,-9.5,22.1,29.3,-2.3,0.933,5.1,3.0,9.0,12.0,2.0,6.0,3.224669523494528,323.73,118.12,107.0,20.0,0.0,0.0,0.0,0.848,0.954,1.186,0.759,0.885,0.998,,,,,,,Mark Whipple,22.166666666666668,31.416666666666668,-9.25,12.0,5.0,1.0,0.2
2016,Massachusetts,Mid-American,-15.3,23.7,36.7,-2.3,0.945,3.6,2.0,10.0,12.0,0.0,0.0,2.1718635858781177,370.9,136.04,86.0,25.0,0.0,0.0,0.0,0.178,0.188,0.536,0.026,0.226,0.048,,,,,,,Mark Whipple,23.333333333333332,35.5,-12.166666666666666,12.0,3.0,0.0,0.0
2017,Massachusetts,Mid-American,-9.7,24.1,31.9,-1.8,0.956,5.9,4.0,8.0,12.0,0.0,0.0,4.690262199091899,367.59,115.82,110.0,20.0,0.0,0.0,0.0,0.75,1.02,0.914,0.63,0.848,0.996,,,,,,,Mark Whipple,30.583333333333332,31.833333333333332,-1.25,12.0,4.0,2.0,0.5
2018,Massachusetts,Mid-American,-16.1,27.8,42.2,-1.7,0.926,4.0,4.0,8.0,12.0,0.0,0.0,4.521034545182379,388.91,123.66,108.0,24.0,0.0,0.0,0.0,0.858,1.025,1.0,0.719,0.921,0.998,,,,,,,Mark Whipple,32.833333333333336,42.916666666666664,-10.083333333333334,12.0,2.0,2.0,1.0
2019,Massachusetts,Mid-American,-34.6,15.3,49.3,-0.5,,,1.0,11.0,12.0,0.0,0.0,1.0272465785831917,358.88,130.79,113.0,14.0,0.0,0.0,0.0,0.32,0.106,0.222,0.463,0.225,0.094,,,,,,,Walt Bell,19.75,52.666666666666664,-32.916666666666664,12.0,0.0,0.0,
2020,Massachusetts,Mid-American,-31.3,16.7,47.8,,,,0.0,4.0,4.0,0.0,0.0,0.011057233079636797,246.83,145.02,100.0,22.0,0.0,0.0,0.0,-0.056,3.971,-2.546,0.464,0.494,0.457,,,,,,,Walt Bell,3.0,40.25,-37.25,4.0,0.0,0.0,
2021,Massachusetts,Mid-American,-29.3,16.1,43.9,,,,1.0,11.0,12.0,0.0,0.0,1.3494695024039303,227.21,121.74,117.0,15.0,0.0,0.0,0.0,-3.1,0.048,0.824,0.291,0.547,0.45,11.0,21.0,-10.0,4.0,8.799999999999999,-4.799999999999999,Walt Bell,16.333333333333332,43.083333333333336,-26.75,12.0,0.0,0.0,
2022,Massachusetts,Mid-American,-30.3,7.5,36.4,-1.4,,,1.0,11.0,12.0,0.0,3.0,1.690376074844485,292.14,105.95,117.0,12.0,0.0,0.0,0.0,0.781,0.018,0.839,0.796,0.848,0.853,19.0,15.0,4.0,11.989999999999998,7.26,4.729999999999999,Don Brown,12.5,31.083333333333332,-18.583333333333332,12.0,2.0,0.0,0.0
2023,Massachusetts,Mid-American,-17.5,20.8,36.2,-2.1,,,3.0,9.0,12.0,1.0,1.0,4.204681253996235,565.65,72.64,127.0,7.0,0.0,0.0,0.0,0.531,-1.96,0.905,0.471,0.678,0.858,21.0,19.0,2.0,13.879999999999999,11.259999999999998,2.620000000000001,Don Brown,23.166666666666668,37.833333333333336,-14.666666666666666,12.0,3.0,1.0,0.3333333333333333
2024,Massachusetts,Mid-American,-21.9,20.5,40.3,-2.1,,,2.0,10.0,12.0,0.0,1.0,4.768325849006023,585.57,119.41,126.0,9.0,0.0,0.0,0.0,0.339,0.501,0.272,0.293,0.393,0.713,29.0,23.0,6.0,19.979999999999997,11.9,8.079999999999997,Don Brown,22.5,35.5,-13.0,12.0,4.0,1.0,0.25
2025,Massachusetts,Mid-American,-36.6,7.8,42.8,-1.5,,,0.0,12.0,12.0,0.0,8.0,1.5976020053494722,488.73,36.99,145.0,11.0,0.0,0.0,0.0,0.234,0.228,-0.011,0.325,0.17,0.254,35.0,27.0,8.0,18.72,14.089999999999998,4.630000000000001,Joe Harasymiak,11.083333333333334,38.583333333333336,-27.5,12.0,2.0,0.0,0.0
2026,Massachusetts,Mid-American,-32.9,8.8,41.2,-0.5,,,0.0,0.0,0.0,0.0,0.0,0.0,525.94,166.97,116.0,19.0,0.0,0.0,0.0,-0.567,-0.365,2.209,-0.11,0.135,0.005,21.0,19.0,2.0,16.42,11.929999999999998,4.490000000000004,Joe Harasymiak,,,,,,,
2004,Memphis,American Athletic,2.8,41.3,38.9,,,,8.0,4.0,12.0,5.0,3.0,,,109.55,64.0,11.0,1.0,0.0,0.09090909090909091,,,,,,,,,,,,,Tommy West,35.90909090909091,29.363636363636363,6.545454545454546,11.0,5.0,3.0,0.6
2005,Memphis,American Athletic,-3.4,27.5,31.0,,0.965,5.9,7.0,5.0,12.0,5.0,3.0,,,94.57,83.0,27.0,0.0,0.0,0.0,,,,,,,,,,,,,Tommy West,26.181818181818183,22.272727272727273,3.909090909090909,11.0,6.0,3.0,0.5
2006,Memphis,American Athletic,-13.2,23.1,35.4,-0.8,0.945,3.5,2.0,10.0,12.0,1.0,7.0,,,84.38,100.0,13.0,0.0,0.0,0.0,,,,,,,,,,,,,Tommy West,23.416666666666668,30.416666666666668,-7.0,12.0,5.0,0.0,0.0
2007,Memphis,American Athletic,-12.9,27.0,38.3,-1.6,0.983,5.1,7.0,6.0,13.0,6.0,2.0,,,121.04,82.0,15.0,0.0,0.0,0.0,,,,,,,,,,,,,Tommy West,29.416666666666668,31.25,-1.8333333333333333,12.0,7.0,5.0,0.7142857142857143
2008,Memphis,American Athletic,-3.4,28.9,31.5,-0.8,0.97,6.7,6.0,7.0,13.0,4.0,4.0,,,146.77,65.0,11.0,0.0,0.0,0.0,,,,,,,,,,,,,Tommy West,28.25,26.0,2.25,12.0,7.0,3.0,0.42857142857142855
2009,Memphis,American Athletic,-14.4,22.8,36.8,-0.3,0.935,3.3,2.0,10.0,12.0,1.0,7.0,,,130.01,88.0,10.0,0.0,0.0,0.0,,,,,,,,,,,,,Tommy West,21.833333333333332,34.833333333333336,-13.0,12.0,1.0,0.0,0.0
2010,Memphis,American Athletic,-25.0,13.1,38.8,0.7,0.939,0.9,1.0,11.0,12.0,0.0,8.0,2.689337274840343,,172.54,71.0,20.0,0.0,0.0,0.0,,,,,,,,,,,,,Larry Porter,14.416666666666666,39.833333333333336,-25.416666666666668,12.0,2.0,1.0,0.5
2011,Memphis,American Athletic,-25.9,14.6,38.3,-2.2,0.963,2.2,2.0,10.0,12.0,1.0,7.0,2.5281346438563572,,122.48,77.0,23.0,0.0,0.0,0.0,,,,,,,,,,,,,Larry Porter,16.25,35.083333333333336,-18.833333333333332,12.0,3.0,0.0,0.0
2012,Memphis,American Athletic,-10.0,19.3,29.2,0.0,0.98,4.7,4.0,8.0,12.0,4.0,4.0,6.2641260137250745,,116.8,92.0,20.0,0.0,0.0,0.0,,,,,,,,,,,,,Justin Fuente,24.416666666666668,30.25,-5.833333333333333,12.0,3.0,1.0,0.3333333333333333
2013,Memphis,American Athletic,-3.2,18.0,24.3,3.0,0.942,4.4,3.0,9.0,12.0,1.0,7.0,6.3889570461305185,,123.56,90.0,24.0,0.0,0.0,0.0,,,,,,,,,,,,,Justin Fuente,19.5,24.583333333333332,-5.083333333333333,12.0,4.0,0.0,0.0
2014,Memphis,American Athletic,5.6,26.5,22.0,1.1,0.932,9.5,10.0,3.0,13.0,7.0,1.0,10.23203297922976,,135.91,78.0,12.0,0.0,0.0,0.0,1.01,1.012,0.082,0.968,0.888,0.98,,,,,,,Justin Fuente,34.666666666666664,17.083333333333332,17.583333333333332,12.0,3.0,1.0,0.3333333333333333
2015,Memphis,American Athletic,8.0,35.1,30.4,3.3,0.896,7.2,9.0,4.0,13.0,5.0,3.0,8.389382325456364,381.8,146.79,77.0,23.0,0.0,0.0,0.0,0.767,0.84,0.718,0.741,0.769,0.984,,,,,,,Justin Fuente,42.666666666666664,27.0,15.666666666666666,12.0,4.0,3.0,0.75
2016,Memphis,American Athletic,7.7,33.8,29.3,3.2,0.916,7.7,8.0,5.0,13.0,5.0,3.0,6.766408704123565,451.24,165.98,61.0,22.0,0.0,0.0,0.0,0.338,0.015,0.241,0.608,0.336,0.004,,,,,,,Mike Norvell,39.5,27.0,12.5,12.0,3.0,2.0,0.6666666666666666
2017,Memphis,American Athletic,7.8,37.6,30.6,0.7,0.94,9.0,10.0,3.0,13.0,7.0,2.0,9.078590862271612,504.49,177.6,56.0,27.0,1.0,0.0,0.037037037037037035,0.879,0.914,1.114,0.82,0.9,0.935,,,,,,,Mike Norvell,47.666666666666664,33.416666666666664,14.25,12.0,4.0,3.0,0.75
2018,Memphis,American Athletic,9.2,38.8,30.5,0.8,0.931,9.6,8.0,6.0,14.0,5.0,4.0,9.056677495482353,480.07,157.28,81.0,23.0,1.0,0.0,0.043478260869565216,0.39,0.086,0.719,0.483,0.4,0.016,,,,,,,Mike Norvell,43.61538461538461,31.53846153846154,12.076923076923077,13.0,2.0,0.0,0.0
2019,Memphis,American Athletic,18.0,39.5,23.4,1.9,,,12.0,2.0,14.0,8.0,1.0,9.848524633822391,551.97,172.4,67.0,16.0,0.0,0.0,0.0,0.695,0.992,0.287,0.773,0.677,0.963,,,,,,,Mike Norvell,40.53846153846154,24.384615384615383,16.153846153846153,13.0,5.0,4.0,0.8
2020,Memphis,American Athletic,5.7,34.8,29.4,,,,8.0,3.0,11.0,5.0,3.0,5.330781239779838,587.17,165.67,67.0,16.0,0.0,0.0,0.0,0.743,0.996,0.609,0.596,0.78,0.994,,,,,,,Ryan Silverfield,31.6,29.7,1.9,10.0,5.0,4.0,0.8
2021,Memphis,American Athletic,1.0,29.6,27.9,,,,6.0,6.0,12.0,3.0,5.0,6.394526884023005,572.13,187.31,46.0,25.0,0.0,0.0,0.0,0.362,0.002,-0.528,0.669,0.494,0.002,13.0,26.0,-13.0,8.9,13.829999999999998,-4.929999999999998,Ryan Silverfield,30.083333333333332,29.25,0.8333333333333334,12.0,8.0,4.0,0.5
2022,Memphis,American Athletic,6.8,37.0,31.8,1.7,,,7.0,6.0,13.0,3.0,5.0,7.627254270583741,533.26,176.39,58.0,13.0,1.0,0.0,0.07692307692307693,0.753,1.077,0.795,0.537,0.797,0.88,11.0,21.0,-10.0,6.8999999999999995,14.349999999999996,-7.449999999999997,Ryan Silverfield,35.083333333333336,27.333333333333332,7.75,12.0,4.0,0.0,0.0
2023,Memphis,American Athletic,3.5,37.1,33.8,0.3,,,10.0,3.0,13.0,6.0,2.0,7.77400429979447,626.86,186.18,60.0,19.0,1.0,0.0,0.05263157894736842,0.523,0.9,0.743,0.274,0.71,0.971,19.0,26.0,-7.0,10.919999999999998,16.049999999999997,-5.129999999999999,Ryan Silverfield,39.666666666666664,29.0,10.666666666666666,12.0,6.0,4.0,0.6666666666666666
2024,Memphis,American Athletic,9.6,36.7,28.2,1.0,,,11.0,2.0,13.0,6.0,2.0,8.927476560509126,633.44,176.2,68.0,16.0,1.0,0.0,0.0625,0.798,0.937,0.697,0.73,0.735,0.988,30.0,24.0,6.0,23.759999999999998,14.999999999999995,8.760000000000003,Ryan Silverfield,35.166666666666664,22.75,12.416666666666666,12.0,2.0,2.0,1.0
2025,Memphis,American Athletic,7.6,34.3,28.3,1.5,,,8.0,5.0,13.0,4.0,4.0,7.140208125114441,668.63,194.42,60.0,19.0,1.0,0.0,0.05263157894736842,0.119,0.017,0.173,0.156,0.078,0.002,36.0,32.0,4.0,27.810000000000002,22.31,5.5000000000000036,Reggie Howard,34.583333333333336,22.5,12.083333333333334,12.0,5.0,2.0,0.4
2026,Memphis,American Athletic,0.3,29.0,29.2,0.5,,,0.0,0.0,0.0,0.0,0.0,0.0,670.31,189.2,72.0,21.0,0.0,0.0,0.0,0.056,0.017,0.0,0.111,0.031,0.002,51.0,47.0,4.0,37.700000000000024,33.33000000000001,4.370000000000012,Charles Huff,,,,,,,
2004,Miami,ACC,26.8,41.3,16.5,,,,9.0,3.0,12.0,7.0,3.0,,,291.61,3.0,12.0,10.0,4.0,0.8333333333333334,,,,,,,,,,,,,Larry Coker,32.09090909090909,17.636363636363637,14.454545454545455,11.0,5.0,2.0,0.4
2005,Miami,ACC,26.0,33.0,7.0,,0.899,10.1,9.0,3.0,12.0,6.0,2.0,,,246.36,9.0,7.0,6.0,3.0,0.8571428571428571,,,,,,,,,,,,,Larry Coker,29.272727272727273,11.909090909090908,17.363636363636363,11.0,3.0,1.0,0.3333333333333333
2006,Miami,ACC,13.9,23.6,9.3,-0.3,0.867,8.1,7.0,6.0,13.0,3.0,5.0,,,237.13,12.0,13.0,9.0,1.0,0.6923076923076923,,,,,,,,,,,,,Larry Coker,19.5,15.083333333333334,4.416666666666667,12.0,7.0,3.0,0.42857142857142855
2007,Miami,ACC,3.2,25.0,19.9,-1.9,0.872,5.9,5.0,7.0,12.0,2.0,6.0,,,236.11,13.0,10.0,6.0,0.0,0.6,,,,,,,,,,,,,Randy Shannon,20.583333333333332,26.0,-5.416666666666667,12.0,3.0,0.0,0.0
2008,Miami,ACC,10.9,26.8,17.9,2.0,0.904,5.9,7.0,6.0,13.0,4.0,4.0,,,302.6,1.0,26.0,16.0,3.0,0.6153846153846154,,,,,,,,,,,,,Randy Shannon,27.916666666666668,24.166666666666668,3.75,12.0,6.0,4.0,0.6666666666666666
2009,Miami,ACC,25.0,38.5,15.1,1.7,0.857,9.7,9.0,4.0,13.0,5.0,3.0,,,242.24,16.0,11.0,7.0,0.0,0.6363636363636364,,,,,,,,,,,,,Randy Shannon,31.666666666666668,22.333333333333332,9.333333333333334,12.0,4.0,3.0,0.75
2010,Miami,ACC,21.6,34.9,14.0,0.6,0.834,9.0,7.0,6.0,13.0,5.0,3.0,7.7425773273324765,,249.55,14.0,21.0,8.0,1.0,0.38095238095238093,,,,,,,,,,,,,Randy Shannon,27.083333333333332,19.666666666666668,7.416666666666667,12.0,3.0,1.0,0.3333333333333333
2011,Miami,ACC,16.4,35.9,21.2,1.7,0.902,8.0,6.0,6.0,12.0,3.0,5.0,6.621664708513172,,198.68,33.0,13.0,4.0,1.0,0.3076923076923077,,,,,,,,,,,,,Al Golden,26.5,20.083333333333332,6.416666666666667,12.0,7.0,2.0,0.2857142857142857
2012,Miami,ACC,8.2,36.9,28.8,0.1,0.861,6.1,7.0,5.0,12.0,5.0,3.0,5.663204176664535,,268.93,10.0,28.0,9.0,2.0,0.32142857142857145,,,,,,,,,,,,,Al Golden,31.416666666666668,30.5,0.9166666666666666,12.0,5.0,3.0,0.6
2013,Miami,ACC,16.9,39.8,24.0,1.2,0.867,7.5,9.0,4.0,13.0,5.0,3.0,6.107407130170238,,249.66,14.0,10.0,9.0,0.0,0.9,,,,,,,,,,,,,Al Golden,35.916666666666664,26.0,9.916666666666666,12.0,3.0,3.0,1.0
2014,Miami,ACC,13.9,35.0,21.3,0.2,0.86,8.1,6.0,7.0,13.0,3.0,5.0,7.337441674338943,,256.08,12.0,20.0,8.0,1.0,0.4,0.408,0.171,0.913,0.583,0.456,0.101,,,,,,,Al Golden,29.916666666666668,24.333333333333332,5.583333333333333,12.0,1.0,0.0,0.0
2015,Miami,ACC,11.0,34.9,25.8,1.8,0.845,6.7,8.0,5.0,13.0,5.0,3.0,6.736795077720647,773.23,215.49,27.0,13.0,5.0,0.0,0.38461538461538464,0.651,0.853,1.111,0.457,0.844,0.954,,,,,,,Al Golden,28.916666666666668,28.833333333333332,0.08333333333333333,12.0,5.0,4.0,0.8
2016,Miami,ACC,18.6,34.1,17.3,1.8,0.861,9.3,9.0,4.0,13.0,5.0,3.0,9.901336332913056,745.93,231.78,22.0,18.0,9.0,0.0,0.5,0.785,0.947,0.883,0.664,0.866,0.994,,,,,,,Mark Richt,34.583333333333336,18.916666666666668,15.666666666666666,12.0,3.0,0.0,0.0
2017,Miami,ACC,17.4,35.3,17.0,-0.9,0.838,9.1,10.0,3.0,13.0,7.0,2.0,8.612119292034157,749.08,248.67,12.0,26.0,9.0,0.0,0.34615384615384615,0.305,0.052,0.684,0.39,0.324,0.013,,,,,,,Mark Richt,29.5,19.916666666666668,9.583333333333334,12.0,3.0,3.0,1.0
2018,Miami,ACC,12.7,29.3,15.8,-0.8,0.922,8.8,7.0,6.0,13.0,4.0,4.0,8.220766462524475,753.72,280.87,8.0,25.0,15.0,1.0,0.6,0.722,0.819,0.878,0.622,0.803,0.967,,,,,,,Mark Richt,30.916666666666668,18.166666666666668,12.75,12.0,3.0,1.0,0.3333333333333333
2019,Miami,ACC,9.6,26.0,15.6,-0.9,,,6.0,7.0,13.0,4.0,4.0,7.869365526306024,815.12,222.07,27.0,18.0,7.0,0.0,0.3888888888888889,0.487,0.264,0.411,0.607,0.524,0.556,,,,,,,Manny Diaz,27.833333333333332,20.75,7.083333333333333,12.0,7.0,2.0,0.2857142857142857
2020,Miami,ACC,12.8,32.6,20.2,,,,8.0,3.0,11.0,7.0,2.0,6.822287932678705,822.41,256.71,13.0,21.0,11.0,0.0,0.5238095238095238,0.554,0.25,0.543,0.684,0.476,0.362,,,,,,,Manny Diaz,34.0,26.0,8.0,10.0,3.0,3.0,1.0
2021,Miami,ACC,10.8,34.8,25.0,,,,7.0,5.0,12.0,5.0,3.0,6.980062937815741,841.45,263.12,12.0,24.0,14.0,2.0,0.5833333333333334,0.835,0.897,1.149,0.698,0.882,0.878,4.0,6.0,-2.0,3.4899999999999998,4.22,-0.73,Manny Diaz,34.083333333333336,28.416666666666668,5.666666666666667,12.0,7.0,4.0,0.5714285714285714
2022,Miami,ACC,-2.7,24.4,28.9,1.7,,,5.0,7.0,12.0,3.0,5.0,4.911148871075735,854.72,235.03,16.0,14.0,10.0,0.0,0.7142857142857143,0.678,0.848,0.69,0.54,0.589,0.719,11.0,18.0,-7.0,9.679999999999998,12.79,-3.110000000000001,Mario Cristobal,23.583333333333332,26.75,-3.1666666666666665,12.0,3.0,2.0,0.6666666666666666
2023,Miami,ACC,9.6,30.7,23.1,1.9,,,7.0,6.0,13.0,3.0,5.0,8.383222497819775,860.27,284.64,7.0,25.0,16.0,2.0,0.64,0.72,0.779,0.675,0.708,0.658,0.72,15.0,24.0,-9.0,12.63,19.200000000000003,-6.570000000000002,Mario Cristobal,32.083333333333336,22.083333333333332,10.0,12.0,4.0,1.0,0.25
2024,Miami,ACC,21.6,44.2,24.3,1.8,,,10.0,3.0,13.0,6.0,2.0,9.993131094500134,868.15,291.54,4.0,27.0,14.0,3.0,0.5185185185185185,0.474,0.183,0.418,0.69,0.413,0.175,14.0,28.0,-14.0,12.459999999999999,22.160000000000004,-9.700000000000005,Mario Cristobal,44.166666666666664,23.916666666666668,20.25,12.0,5.0,3.0,0.6
2025,Miami,ACC,20.7,34.2,14.3,0.8,,,13.0,3.0,16.0,6.0,2.0,13.448113068938255,874.57,257.66,13.0,21.0,16.0,0.0,0.7619047619047619,0.125,0.059,0.401,0.041,0.189,0.053,18.0,20.0,-2.0,15.180000000000003,15.879999999999997,-0.699999999999994,Mario Cristobal,34.083333333333336,13.833333333333334,20.25,12.0,4.0,2.0,0.5
2026,Miami,ACC,22.0,35.0,13.3,0.3,,,0.0,0.0,0.0,0.0,0.0,0.0,885.94,284.61,9.0,30.0,22.0,1.0,0.7333333333333333,0.369,0.055,0.914,0.449,0.491,0.02,13.0,19.0,-6.0,11.61,16.349999999999998,-4.739999999999998,Mario Cristobal,,,,,,,
2004,Miami (OH),Mid-American,-0.3,33.2,33.9,,,,8.0,5.0,13.0,7.0,2.0,,,72.08,108.0,22.0,0.0,0.0,0.0,,,,,,,,,,,,,Terry Hoeppner,32.833333333333336,23.416666666666668,9.416666666666666,12.0,1.0,1.0,1.0
2005,Miami (OH),Mid-American,0.3,27.6,27.3,,0.942,6.7,7.0,4.0,11.0,5.0,3.0,,,70.84,99.0,12.0,0.0,0.0,0.0,,,,,,,,,,,,,Shane Montgomery,33.72727272727273,23.454545454545453,10.272727272727273,11.0,2.0,1.0,0.5
2006,Miami (OH),Mid-American,-13.0,16.1,27.5,-1.6,0.967,3.8,2.0,10.0,12.0,2.0,6.0,,,94.07,87.0,15.0,0.0,0.0,0.0,,,,,,,,,,,,,Shane Montgomery,18.5,25.333333333333332,-6.833333333333333,12.0,7.0,2.0,0.2857142857142857
2007,Miami (OH),Mid-American,-11.8,18.9,29.4,-1.3,0.964,5.3,6.0,7.0,13.0,5.0,3.0,,,127.03,76.0,20.0,0.0,0.0,0.0,,,,,,,,,,,,,Shane Montgomery,19.23076923076923,25.615384615384617,-6.384615384615385,13.0,7.0,5.0,0.7142857142857143
2008,Miami (OH),Mid-American,-15.8,16.1,33.8,1.9,0.972,2.2,2.0,10.0,12.0,1.0,7.0,,,105.2,99.0,16.0,0.0,0.0,0.0,,,,,,,,,,,,,Shane Montgomery,18.416666666666668,32.666666666666664,-14.25,12.0,2.0,1.0,0.5
2009,Miami (OH),Mid-American,-18.9,17.7,33.9,-2.7,0.935,2.8,1.0,11.0,12.0,1.0,7.0,,,129.69,89.0,23.0,0.0,0.0,0.0,,,,,,,,,,,,,Michael Haywood,15.583333333333334,34.166666666666664,-18.583333333333332,12.0,3.0,1.0,0.3333333333333333
2010,Miami (OH),Mid-American,-6.7,21.9,26.6,-2.1,0.946,8.2,10.0,4.0,14.0,8.0,1.0,7.344020657667105,,138.32,100.0,23.0,0.0,0.0,0.0,,,,,,,,,,,,,Lance Guidry,20.53846153846154,23.384615384615383,-2.8461538461538463,13.0,6.0,6.0,1.0
2011,Miami (OH),Mid-American,-5.3,25.3,27.6,-3.1,0.945,5.4,4.0,8.0,12.0,3.0,5.0,6.385570589321093,,57.32,107.0,19.0,0.0,0.0,0.0,,,,,,,,,,,,,Don Treadwell,21.333333333333332,22.916666666666668,-1.5833333333333333,12.0,6.0,2.0,0.3333333333333333
2012,Miami (OH),Mid-American,-16.2,22.7,39.4,0.5,0.937,3.0,4.0,8.0,12.0,3.0,5.0,3.048877504912629,,121.01,87.0,24.0,0.0,0.0,0.0,,,,,,,,,,,,,Don Treadwell,23.333333333333332,34.916666666666664,-11.583333333333334,12.0,4.0,2.0,0.5
2013,Miami (OH),Mid-American,-29.0,10.2,38.8,-0.4,0.965,0.2,0.0,12.0,12.0,0.0,8.0,2.1751944756068777,,107.36,106.0,21.0,0.0,0.0,0.0,,,,,,,,,,,,,Mike Bath,9.75,35.666666666666664,-25.916666666666668,12.0,2.0,0.0,0.0
2014,Miami (OH),Mid-American,-18.7,21.5,37.9,-2.4,0.954,3.8,2.0,10.0,12.0,2.0,6.0,4.133276346430277,,84.76,125.0,25.0,0.0,0.0,0.0,0.811,-5.636,0.741,0.874,0.627,0.363,,,,,,,Chuck Martin,22.333333333333332,31.833333333333332,-9.5,12.0,6.0,2.0,0.3333333333333333
2015,Miami (OH),Mid-American,-13.5,16.8,29.5,-0.8,0.94,3.2,3.0,9.0,12.0,2.0,6.0,4.385919057486963,397.13,150.48,74.0,27.0,1.0,0.0,0.037037037037037035,0.324,-0.01,-0.346,0.619,0.266,0.02,,,,,,,Chuck Martin,17.916666666666668,32.0,-14.083333333333334,12.0,4.0,1.0,0.25
2016,Miami (OH),Mid-American,-6.1,23.8,29.0,-0.8,0.952,7.7,6.0,7.0,13.0,6.0,2.0,7.420169474773245,418.04,129.79,93.0,24.0,0.0,0.0,0.0,0.843,0.276,0.611,0.978,0.841,0.677,,,,,,,Chuck Martin,23.416666666666668,24.333333333333332,-0.9166666666666666,12.0,5.0,2.0,0.4
2017,Miami (OH),Mid-American,-2.2,24.2,26.9,0.6,0.957,7.5,5.0,7.0,12.0,4.0,4.0,7.1127246447949855,413.24,126.73,94.0,22.0,0.0,0.0,0.0,0.881,0.951,1.108,0.798,0.854,0.85,,,,,,,Chuck Martin,24.416666666666668,24.083333333333332,0.3333333333333333,12.0,4.0,0.0,0.0
2018,Miami (OH),Mid-American,-0.7,26.2,28.4,1.5,0.966,5.9,6.0,6.0,12.0,6.0,2.0,6.053082317667637,421.22,103.16,130.0,13.0,0.0,0.0,0.0,0.649,0.627,1.178,0.565,0.756,0.702,,,,,,,Chuck Martin,28.083333333333332,25.5,2.5833333333333335,12.0,5.0,2.0,0.4
2019,Miami (OH),Mid-American,-9.2,19.8,30.0,0.9,,,8.0,6.0,14.0,7.0,2.0,5.802224680333443,359.14,151.13,89.0,29.0,0.0,0.0,0.0,0.357,0.04,-0.196,0.783,0.319,0.003,,,,,,,Chuck Martin,24.692307692307693,28.23076923076923,-3.5384615384615383,13.0,5.0,5.0,1.0
2020,Miami (OH),Mid-American,-12.9,20.7,33.6,,,,2.0,1.0,3.0,2.0,1.0,1.2646694615675516,259.14,150.61,89.0,26.0,0.0,0.0,0.0,0.794,1.037,0.902,0.709,0.859,0.938,,,,,,,Chuck Martin,28.666666666666668,26.666666666666668,2.0,3.0,1.0,1.0,1.0
2021,Miami (OH),Mid-American,1.5,29.3,26.8,,,,7.0,6.0,13.0,5.0,3.0,8.250368265873162,378.03,146.03,88.0,23.0,0.0,0.0,0.0,0.935,1.0,-0.074,1.019,0.92,1.0,2.0,10.0,-8.0,1.2,6.029999999999999,-4.829999999999999,Chuck Martin,29.083333333333332,23.833333333333332,5.25,12.0,5.0,1.0,0.2
2022,Miami (OH),Mid-American,-12.7,8.6,22.1,0.7,,,6.0,7.0,13.0,4.0,4.0,4.792097573859011,397.26,152.97,77.0,18.0,0.0,0.0,0.0,0.655,0.703,0.883,0.555,0.737,0.698,8.0,17.0,-9.0,5.779999999999999,10.849999999999998,-5.0699999999999985,Chuck Martin,20.25,22.5,-2.25,12.0,7.0,4.0,0.5714285714285714
2023,Miami (OH),Mid-American,2.8,18.5,17.7,2.0,,,11.0,3.0,14.0,8.0,1.0,8.9748380762999,408.16,129.81,105.0,16.0,0.0,0.0,0.0,0.675,0.863,1.081,0.447,0.784,0.99,4.0,11.0,-7.0,2.89,7.6,-4.709999999999999,Chuck Martin,26.923076923076923,16.153846153846153,10.76923076923077,13.0,3.0,2.0,0.6666666666666666
2024,Miami (OH),Mid-American,1.3,23.2,23.2,1.3,,,9.0,5.0,14.0,7.0,2.0,7.1606374045047545,505.3,164.93,82.0,25.0,0.0,0.0,0.0,0.6,0.816,0.594,0.466,0.494,0.693,5.0,11.0,-6.0,2.87,7.33,-4.46,Chuck Martin,22.615384615384617,18.923076923076923,3.6923076923076925,13.0,3.0,2.0,0.6666666666666666
2025,Miami (OH),Mid-American,-3.4,19.3,24.2,1.5,,,7.0,7.0,14.0,6.0,2.0,7.376477263867855,592.1,164.23,83.0,21.0,0.0,0.0,0.0,0.079,0.059,0.196,0.064,0.104,0.048,16.0,12.0,4.0,12.81,6.949999999999999,5.860000000000001,Chuck Martin,25.076923076923077,22.0,3.076923076923077,13.0,2.0,0.0,0.0
2026,Miami (OH),Mid-American,-4.0,19.2,23.8,0.5,,,0.0,0.0,0.0,0.0,0.0,0.0,621.37,175.9,105.0,19.0,0.0,0.0,0.0,0.139,-0.024,0.333,0.13,0.287,0.236,16.0,14.0,2.0,12.37,10.91,1.459999999999999,Chuck Martin,,,,,,,
2004,Michigan,Big Ten,17.5,40.3,25.5,,,,9.0,3.0,12.0,8.0,1.0,,,269.95,6.0,9.0,8.0,1.0,0.8888888888888888,,,,,,,,,,,,,Lloyd Carr,30.272727272727273,21.90909090909091,8.363636363636363,11.0,3.0,3.0,1.0
2005,Michigan,Big Ten,18.1,33.9,15.8,,0.812,6.3,7.0,5.0,12.0,5.0,3.0,,,266.54,5.0,8.0,7.0,2.0,0.875,,,,,,,,,,,,,Lloyd Carr,28.818181818181817,19.272727272727273,9.545454545454545,11.0,7.0,3.0,0.42857142857142855
2006,Michigan,Big Ten,22.6,32.3,9.9,0.2,0.839,10.7,11.0,2.0,13.0,7.0,2.0,,,256.69,10.0,15.0,12.0,1.0,0.8,,,,,,,,,,,,,Lloyd Carr,30.166666666666668,14.583333333333334,15.583333333333334,12.0,2.0,1.0,0.5
2007,Michigan,Big Ten,13.3,32.5,18.1,-1.2,0.829,7.7,9.0,4.0,13.0,6.0,3.0,,,242.81,11.0,10.0,6.0,2.0,0.6,,,,,,,,,,,,,Lloyd Carr,26.083333333333332,20.25,5.833333333333333,12.0,3.0,2.0,0.6666666666666666
2008,Michigan,Big Ten,1.6,20.5,19.2,0.2,0.895,4.1,3.0,9.0,12.0,2.0,7.0,,,261.55,11.0,17.0,14.0,0.0,0.8235294117647058,,,,,,,,,,,,,Rich Rodriguez,20.25,28.916666666666668,-8.666666666666666,12.0,5.0,1.0,0.2
2009,Michigan,Big Ten,8.2,32.6,25.6,1.3,0.873,5.4,5.0,7.0,12.0,1.0,7.0,,,262.72,10.0,16.0,13.0,0.0,0.8125,,,,,,,,,,,,,Rich Rodriguez,29.5,27.5,2.0,12.0,5.0,2.0,0.4
2010,Michigan,Big Ten,7.7,40.2,30.6,-2.0,0.843,7.1,7.0,6.0,13.0,3.0,5.0,8.168545362779893,,237.54,17.0,21.0,8.0,0.0,0.38095238095238093,,,,,,,,,,,,,Rich Rodriguez,34.333333333333336,33.833333333333336,0.5,12.0,4.0,4.0,1.0
2011,Michigan,Big Ten,20.0,39.3,18.8,-0.5,0.885,9.1,11.0,2.0,13.0,6.0,2.0,8.242692531239173,,205.16,30.0,13.0,5.0,0.0,0.38461538461538464,,,,,,,,,,,,,Brady Hoke,34.166666666666664,17.166666666666668,17.0,12.0,2.0,2.0,1.0
2012,Michigan,Big Ten,20.5,36.2,16.6,0.9,0.84,8.8,8.0,5.0,13.0,6.0,2.0,7.491553303858009,,281.12,6.0,26.0,16.0,0.0,0.6153846153846154,,,,,,,,,,,,,Brady Hoke,30.0,18.75,11.25,12.0,5.0,3.0,0.6
2013,Michigan,Big Ten,11.1,31.2,20.2,0.1,0.872,6.8,7.0,6.0,13.0,3.0,5.0,7.25751320105306,,288.74,4.0,25.0,17.0,1.0,0.68,,,,,,,,,,,,,Brady Hoke,33.75,26.5,7.25,12.0,6.0,2.0,0.3333333333333333
2014,Michigan,Big Ten,8.2,27.0,19.0,0.1,0.88,5.5,5.0,7.0,12.0,3.0,5.0,5.078123728376889,,233.54,20.0,14.0,10.0,1.0,0.7142857142857143,0.658,1.006,0.18,0.368,0.696,0.997,,,,,,,Brady Hoke,20.916666666666668,22.416666666666668,-1.5,12.0,4.0,2.0,0.5
2015,Michigan,Big Ten,19.7,35.2,16.2,0.8,0.87,10.5,10.0,3.0,13.0,6.0,2.0,9.67902653252734,851.12,194.82,37.0,11.0,6.0,0.0,0.5454545454545454,0.507,-0.695,0.718,0.574,0.434,0.12,,,,,,,Jim Harbaugh,30.583333333333332,17.166666666666668,13.416666666666666,12.0,4.0,2.0,0.5
2016,Michigan,Big Ten,24.4,34.8,11.1,0.7,0.863,10.4,10.0,3.0,13.0,7.0,2.0,10.595598190180455,852.78,280.38,8.0,32.0,14.0,1.0,0.4375,0.501,0.202,0.284,0.758,0.531,0.085,,,,,,,Jim Harbaugh,41.0,12.5,28.5,12.0,3.0,1.0,0.3333333333333333
2017,Michigan,Big Ten,19.6,31.1,11.8,0.3,0.823,8.5,8.0,5.0,13.0,5.0,4.0,7.972411890479722,874.28,296.03,5.0,31.0,21.0,2.0,0.6774193548387096,0.624,0.821,0.684,0.464,0.619,0.972,,,,,,,Jim Harbaugh,25.75,18.25,7.5,12.0,2.0,1.0,0.5
2018,Michigan,Big Ten,22.0,35.5,14.3,0.9,0.867,10.3,10.0,3.0,13.0,8.0,1.0,9.637302136597985,862.35,230.56,22.0,22.0,7.0,0.0,0.3181818181818182,0.763,0.736,0.525,0.884,0.561,0.31,,,,,,,Jim Harbaugh,36.833333333333336,17.583333333333332,19.25,12.0,2.0,1.0,0.5
2019,Michigan,Big Ten,20.7,35.7,16.0,1.0,,,9.0,4.0,13.0,6.0,3.0,9.181053044851474,853.4,277.15,8.0,28.0,17.0,2.0,0.6071428571428571,0.752,0.99,0.557,0.692,0.618,0.986,,,,,,,Jim Harbaugh,33.0,19.5,13.5,12.0,3.0,2.0,0.6666666666666666
2020,Michigan,Big Ten,10.7,33.0,22.2,,,,2.0,4.0,6.0,2.0,4.0,2.1538719345152386,832.65,256.34,14.0,29.0,17.0,0.0,0.5862068965517241,0.4,0.104,0.842,0.442,0.443,0.065,,,,,,,Jim Harbaugh,28.333333333333332,34.5,-6.166666666666667,6.0,2.0,1.0,0.5
2021,Michigan,Big Ten,23.4,36.5,15.8,,,,12.0,2.0,14.0,9.0,1.0,11.6763998716883,832.6,268.77,10.0,22.0,12.0,1.0,0.5454545454545454,0.536,0.29,0.825,0.665,0.531,0.327,5.0,20.0,-15.0,3.77,10.780000000000001,-7.010000000000002,Jim Harbaugh,37.69230769230769,16.076923076923077,21.615384615384617,13.0,4.0,3.0,0.75
2022,Michigan,Big Ten,32.0,38.0,7.6,1.6,,,13.0,1.0,14.0,10.0,0.0,12.560026693449178,847.24,262.13,9.0,27.0,10.0,1.0,0.37037037037037035,0.78,1.008,0.465,0.881,0.741,0.995,3.0,12.0,-9.0,2.7,7.909999999999999,-5.209999999999999,Jim Harbaugh,40.07692307692308,13.384615384615385,26.692307692307693,13.0,2.0,2.0,1.0
2023,Michigan,Big Ten,31.3,36.6,7.2,1.8,,,15.0,0.0,15.0,10.0,0.0,14.121569799064128,850.43,245.13,17.0,27.0,11.0,0.0,0.4074074074074074,0.777,0.936,0.963,0.519,0.825,0.898,9.0,13.0,-4.0,8.059999999999999,9.64,-1.5800000000000018,Jim Harbaugh,36.69230769230769,9.461538461538462,27.23076923076923,13.0,2.0,2.0,1.0
2024,Michigan,Big Ten,10.6,24.1,15.1,1.7,,,8.0,5.0,13.0,5.0,4.0,7.61100363119269,859.21,261.94,16.0,26.0,17.0,0.0,0.6538461538461539,0.26,0.083,0.204,0.408,0.321,0.077,7.0,17.0,-10.0,6.1000000000000005,13.199999999999998,-7.099999999999997,Sherrone Moore,22.25,20.5,1.75,12.0,5.0,4.0,0.8
2025,Michigan,Big Ten,12.4,30.9,17.0,-1.4,,,9.0,4.0,13.0,7.0,2.0,8.139928461052477,907.22,290.87,6.0,25.0,17.0,2.0,0.68,0.41,0.861,0.07,0.428,0.36,0.678,17.0,30.0,-13.0,13.779999999999998,20.189999999999998,-6.41,Sherrone Moore,27.583333333333332,18.666666666666668,8.916666666666666,12.0,3.0,3.0,1.0
2026,Michigan,Big Ten,17.0,33.2,15.8,-0.5,,,0.0,0.0,0.0,0.0,0.0,0.0,890.02,270.12,12.0,24.0,13.0,2.0,0.5416666666666666,0.692,1.037,0.589,0.601,0.711,0.986,17.0,33.0,-16.0,13.499999999999998,24.620000000000008,-11.12000000000001,Kyle Whittingham,,,,,,,
2004,Michigan State,Big Ten,4.9,36.8,33.6,,,,5.0,7.0,12.0,4.0,4.0,,,206.6,15.0,4.0,1.0,1.0,0.25,,,,,,,,,,,,,John Smith,29.416666666666668,27.166666666666668,2.25,12.0,3.0,0.0,0.0
2005,Michigan State,Big Ten,12.9,40.1,27.2,,0.825,5.5,5.0,6.0,11.0,2.0,6.0,,,178.54,34.0,6.0,0.0,0.0,0.0,,,,,,,,,,,,,John Smith,33.81818181818182,28.727272727272727,5.090909090909091,11.0,3.0,1.0,0.3333333333333333
2006,Michigan State,Big Ten,-1.3,25.0,26.7,0.4,0.865,4.4,4.0,8.0,12.0,1.0,7.0,,,162.06,44.0,7.0,0.0,0.0,0.0,,,,,,,,,,,,,John Smith,25.166666666666668,28.416666666666668,-3.25,12.0,5.0,1.0,0.2
2007,Michigan State,Big Ten,10.0,32.1,22.5,0.3,0.866,7.7,7.0,6.0,13.0,3.0,5.0,,,160.17,53.0,11.0,1.0,0.0,0.09090909090909091,,,,,,,,,,,,,Mark Dantonio,34.083333333333336,26.833333333333332,7.25,12.0,7.0,2.0,0.2857142857142857
2008,Michigan State,Big Ten,6.6,24.9,19.8,1.5,0.872,6.3,9.0,4.0,13.0,6.0,3.0,,,186.02,42.0,17.0,2.0,0.0,0.11764705882352941,,,,,,,,,,,,,Mark Dantonio,26.166666666666668,21.916666666666668,4.25,12.0,3.0,2.0,0.6666666666666666
2009,Michigan State,Big Ten,8.7,32.1,24.5,1.2,0.868,7.1,6.0,7.0,13.0,4.0,4.0,,,229.62,22.0,18.0,6.0,0.0,0.3333333333333333,,,,,,,,,,,,,Mark Dantonio,29.583333333333332,25.083333333333332,4.5,12.0,5.0,2.0,0.4
2010,Michigan State,Big Ten,13.8,34.7,23.3,2.4,0.859,9.4,11.0,2.0,13.0,7.0,1.0,7.74790518985258,,225.56,22.0,19.0,6.0,1.0,0.3157894736842105,,,,,,,,,,,,,Mark Dantonio,31.333333333333332,20.083333333333332,11.25,12.0,3.0,3.0,1.0
2011,Michigan State,Big Ten,20.2,33.5,14.7,1.4,0.841,10.5,11.0,3.0,14.0,7.0,2.0,9.54530771904333,,198.83,32.0,15.0,1.0,0.0,0.06666666666666667,,,,,,,,,,,,,Mark Dantonio,30.846153846153847,17.46153846153846,13.384615384615385,13.0,4.0,3.0,0.75
2012,Michigan State,Big Ten,12.4,21.3,10.2,1.3,0.858,7.7,7.0,6.0,13.0,3.0,5.0,8.178593596482207,,210.77,34.0,18.0,4.0,0.0,0.2222222222222222,,,,,,,,,,,,,Mark Dantonio,20.25,16.333333333333332,3.9166666666666665,12.0,8.0,3.0,0.375
2013,Michigan State,Big Ten,19.7,28.9,11.6,2.4,0.896,11.0,13.0,1.0,14.0,9.0,0.0,9.56014266312605,,193.96,37.0,11.0,4.0,0.0,0.36363636363636365,,,,,,,,,,,,,Mark Dantonio,29.76923076923077,12.692307692307692,17.076923076923077,13.0,1.0,0.0,0.0
2014,Michigan State,Big Ten,24.1,42.5,17.9,-0.4,0.868,10.4,11.0,2.0,13.0,7.0,1.0,10.555271238504572,,217.62,26.0,15.0,5.0,1.0,0.3333333333333333,1.016,1.067,0.778,1.0,0.969,0.921,,,,,,,Mark Dantonio,43.083333333333336,19.916666666666668,23.166666666666668,12.0,1.0,1.0,1.0
2015,Michigan State,Big Ten,15.6,35.7,20.6,0.4,0.832,9.7,12.0,2.0,14.0,8.0,1.0,10.466375560112763,715.3,221.77,23.0,13.0,6.0,0.0,0.46153846153846156,0.599,0.963,0.232,0.473,0.576,0.995,,,,,,,Mark Dantonio,32.07692307692308,20.46153846153846,11.615384615384615,13.0,7.0,6.0,0.8571428571428571
2016,Michigan State,Big Ten,7.4,31.0,24.1,0.4,0.85,4.9,3.0,9.0,12.0,1.0,8.0,4.825059922408645,719.7,239.13,17.0,22.0,10.0,0.0,0.45454545454545453,0.226,-0.002,0.449,0.348,0.46,0.078,,,,,,,Mark Dantonio,24.083333333333332,27.75,-3.6666666666666665,12.0,3.0,0.0,0.0
2017,Michigan State,Big Ten,13.8,27.7,15.1,1.2,0.819,8.7,10.0,3.0,13.0,7.0,2.0,9.416361758359091,680.94,203.65,36.0,28.0,4.0,0.0,0.14285714285714285,0.191,0.037,0.703,0.187,0.441,0.269,,,,,,,Mark Dantonio,23.083333333333332,20.25,2.8333333333333335,12.0,4.0,4.0,1.0
2018,Michigan State,Big Ten,11.5,22.0,10.8,0.3,0.867,7.5,7.0,6.0,13.0,5.0,4.0,7.198831537360817,658.85,212.21,31.0,22.0,3.0,0.0,0.13636363636363635,0.946,1.134,1.357,0.761,0.817,0.982,,,,,,,Mark Dantonio,19.75,18.0,1.75,12.0,5.0,3.0,0.6
2019,Michigan State,Big Ten,7.2,24.4,16.1,-1.1,,,7.0,6.0,13.0,4.0,5.0,8.338165385301007,688.74,215.21,32.0,22.0,4.0,0.0,0.18181818181818182,0.929,1.0,1.591,0.808,0.861,1.0,,,,,,,Mark Dantonio,22.0,22.666666666666668,-0.6666666666666666,12.0,3.0,1.0,0.3333333333333333
2020,Michigan State,Big Ten,-2.4,18.3,20.6,,,,2.0,5.0,7.0,2.0,5.0,2.5526937395991793,673.43,193.32,43.0,24.0,0.0,0.0,0.0,0.149,-0.015,8.379,0.339,0.396,0.05,,,,,,,Mel Tucker,18.0,35.142857142857146,-17.142857142857142,7.0,1.0,1.0,1.0
2021,Michigan State,Big Ten,11.2,34.3,21.7,,,,11.0,2.0,13.0,7.0,2.0,9.165177091129383,677.07,190.6,43.0,18.0,2.0,0.0,0.1111111111111111,0.571,0.429,1.192,0.787,0.671,0.374,14.0,21.0,-7.0,10.610000000000001,12.45,-1.839999999999998,Mel Tucker,31.916666666666668,25.666666666666668,6.25,12.0,4.0,4.0,1.0
2022,Michigan State,Big Ten,1.2,31.9,29.7,-1.0,,,5.0,7.0,12.0,3.0,6.0,3.8609062540032357,693.91,221.83,24.0,27.0,6.0,0.0,0.2222222222222222,0.711,0.976,0.274,0.684,0.644,0.975,10.0,23.0,-13.0,8.03,16.439999999999998,-8.409999999999998,Mel Tucker,24.416666666666668,27.416666666666668,-3.0,12.0,2.0,2.0,1.0
2023,Michigan State,Big Ten,-6.8,15.7,24.0,1.6,,,4.0,8.0,12.0,2.0,7.0,4.287639977155193,747.34,224.87,24.0,18.0,7.0,0.0,0.3888888888888889,0.21,0.152,-0.536,0.313,0.254,0.052,14.0,17.0,-3.0,11.989999999999998,12.759999999999996,-0.7699999999999978,Harlon Barnett,15.916666666666666,28.333333333333332,-12.416666666666666,12.0,3.0,2.0,0.6666666666666666
2024,Michigan State,Big Ten,-4.6,18.0,24.1,1.4,,,5.0,7.0,12.0,3.0,6.0,4.536884775944729,721.75,203.52,42.0,26.0,3.0,0.0,0.11538461538461539,0.301,0.022,2.091,0.47,0.314,0.005,24.0,46.0,-22.0,19.250000000000004,32.92,-13.669999999999998,Jonathan Smith,19.333333333333332,26.083333333333332,-6.75,12.0,5.0,3.0,0.6
2025,Michigan State,Big Ten,-3.4,26.6,28.7,-1.3,,,4.0,8.0,12.0,1.0,8.0,4.456157077103853,717.42,196.1,57.0,20.0,1.0,0.0,0.05,0.662,1.001,0.891,0.476,0.653,0.902,23.0,23.0,0.0,19.790000000000003,16.68,3.110000000000003,Jonathan Smith,24.583333333333332,29.916666666666668,-5.333333333333333,12.0,3.0,1.0,0.3333333333333333
2026,Michigan State,Big Ten,2.2,27.7,25.1,-0.4,,,0.0,0.0,0.0,0.0,0.0,0.0,685.02,213.73,45.0,22.0,5.0,0.0,0.22727272727272727,0.209,0.162,0.185,0.244,0.304,0.449,28.0,46.0,-18.0,21.14,33.95,-12.810000000000002,Pat Fitzgerald,,,,,,,
2004,Middle Tennessee,Conference USA,-12.0,26.3,35.7,,,,5.0,6.0,11.0,4.0,4.0,,,99.28,71.0,19.0,0.0,0.0,0.0,,,,,,,,,,,,,Andy McCollum,24.454545454545453,26.636363636363637,-2.1818181818181817,11.0,3.0,1.0,0.3333333333333333
2005,Middle Tennessee,Conference USA,-15.3,14.6,29.9,,0.963,4.9,4.0,7.0,11.0,3.0,4.0,,,92.75,86.0,19.0,0.0,0.0,0.0,,,,,,,,,,,,,Andy McCollum,19.09090909090909,18.727272727272727,0.36363636363636365,11.0,5.0,1.0,0.2
2006,Middle Tennessee,Conference USA,-13.5,14.8,28.1,-0.2,0.901,6.4,7.0,6.0,13.0,6.0,1.0,,,55.56,111.0,12.0,0.0,0.0,0.0,,,,,,,,,,,,,Rick Stockstill,23.5,22.583333333333332,0.9166666666666666,12.0,2.0,1.0,0.5
2007,Middle Tennessee,Conference USA,-16.1,20.0,35.1,-1.0,0.935,4.5,5.0,7.0,12.0,4.0,3.0,,,105.47,93.0,20.0,0.0,0.0,0.0,,,,,,,,,,,,,Rick Stockstill,25.666666666666668,28.25,-2.5833333333333335,12.0,3.0,1.0,0.3333333333333333
2008,Middle Tennessee,Conference USA,-15.0,17.2,31.6,-0.6,0.986,4.6,5.0,7.0,12.0,3.0,4.0,,,149.84,63.0,20.0,0.0,0.0,0.0,,,,,,,,,,,,,Rick Stockstill,22.833333333333332,24.916666666666668,-2.0833333333333335,12.0,3.0,2.0,0.6666666666666666
2009,Middle Tennessee,Conference USA,-2.1,23.5,25.2,-0.4,0.964,8.9,10.0,3.0,13.0,7.0,1.0,,,135.97,82.0,23.0,0.0,0.0,0.0,,,,,,,,,,,,,Rick Stockstill,31.166666666666668,23.0,8.166666666666666,12.0,2.0,2.0,1.0
2010,Middle Tennessee,Conference USA,-12.5,19.4,32.8,0.9,0.988,6.5,6.0,7.0,13.0,5.0,3.0,5.336512011863164,,88.46,114.0,15.0,0.0,0.0,0.0,,,,,,,,,,,,,Rick Stockstill,26.916666666666668,27.5,-0.5833333333333334,12.0,5.0,2.0,0.4
2011,Middle Tennessee,Conference USA,-24.6,16.6,40.0,-1.1,0.976,3.5,2.0,10.0,12.0,1.0,7.0,3.308973864865593,,66.67,99.0,17.0,0.0,0.0,0.0,,,,,,,,,,,,,Rick Stockstill,22.25,36.75,-14.5,12.0,4.0,1.0,0.25
2012,Middle Tennessee,Conference USA,-7.5,27.7,34.4,-0.8,0.975,6.3,8.0,4.0,12.0,6.0,2.0,4.800598228808644,,87.49,119.0,17.0,0.0,0.0,0.0,,,,,,,,,,,,,Rick Stockstill,26.583333333333332,28.0,-1.4166666666666667,12.0,4.0,3.0,0.75
2013,Middle Tennessee,Conference USA,-11.8,23.3,34.2,-0.8,0.959,6.5,8.0,5.0,13.0,6.0,2.0,5.754158951299305,,125.23,87.0,20.0,0.0,0.0,0.0,,,,,,,,,,,,,Rick Stockstill,30.916666666666668,26.416666666666668,4.5,12.0,5.0,4.0,0.8
2014,Middle Tennessee,Conference USA,-8.7,29.6,36.5,-1.7,0.95,5.2,6.0,6.0,12.0,5.0,3.0,3.872450167296858,,124.03,85.0,13.0,0.0,0.0,0.0,0.476,0.02,1.654,0.606,0.514,0.117,,,,,,,Rick Stockstill,31.583333333333332,31.5,0.08333333333333333,12.0,4.0,3.0,0.75
2015,Middle Tennessee,Conference USA,-4.6,27.7,32.1,-0.1,0.917,7.3,7.0,6.0,13.0,6.0,2.0,7.168123354120555,409.82,134.77,86.0,18.0,0.0,0.0,0.0,0.739,1.005,0.885,0.548,0.8,0.997,,,,,,,Rick Stockstill,34.25,25.083333333333332,9.166666666666666,12.0,4.0,2.0,0.5
2016,Middle Tennessee,Conference USA,-1.9,35.0,36.8,-0.1,0.967,7.9,8.0,5.0,13.0,5.0,3.0,7.639676922789799,436.6,128.26,96.0,15.0,0.0,0.0,0.0,0.775,0.973,0.552,0.65,0.737,0.975,,,,,,,Rick Stockstill,40.083333333333336,34.416666666666664,5.666666666666667,12.0,5.0,4.0,0.8
2017,Middle Tennessee,Conference USA,-4.9,21.2,26.8,0.6,0.971,7.2,7.0,6.0,13.0,4.0,4.0,7.186217254715002,344.65,128.1,91.0,17.0,0.0,0.0,0.0,0.762,0.95,0.366,0.774,0.724,0.99,,,,,,,Rick Stockstill,24.75,24.25,0.5,12.0,3.0,1.0,0.3333333333333333
2018,Middle Tennessee,Conference USA,-3.8,24.4,28.7,0.5,0.919,8.3,8.0,6.0,14.0,7.0,2.0,6.789115840464707,414.19,125.31,104.0,15.0,0.0,0.0,0.0,0.757,0.619,0.909,0.795,0.71,0.51,,,,,,,Rick Stockstill,29.153846153846153,25.307692307692307,3.8461538461538463,13.0,3.0,1.0,0.3333333333333333
2019,Middle Tennessee,Conference USA,-11.3,27.2,37.4,-1.1,,,4.0,8.0,12.0,3.0,5.0,5.379749612933352,450.79,154.43,85.0,20.0,0.0,0.0,0.0,0.414,-0.027,0.51,0.603,0.372,0.049,,,,,,,Rick Stockstill,26.333333333333332,29.916666666666668,-3.5833333333333335,12.0,3.0,0.0,0.0
2020,Middle Tennessee,Conference USA,-11.7,24.3,35.8,,,,3.0,6.0,9.0,2.0,3.0,3.5287390585387803,405.4,150.6,90.0,22.0,0.0,0.0,0.0,0.779,1.0,0.657,0.695,0.833,1.0,,,,,,,Rick Stockstill,22.88888888888889,35.44444444444444,-12.555555555555555,9.0,5.0,3.0,0.6
2021,Middle Tennessee,Conference USA,-4.0,24.0,27.1,,,,7.0,6.0,13.0,4.0,4.0,6.145542973369809,494.02,107.22,123.0,10.0,0.0,0.0,0.0,0.576,0.078,-0.33,0.991,0.435,0.066,6.0,10.0,-4.0,3.42,3.0,0.41999999999999993,Rick Stockstill,29.75,25.833333333333332,3.9166666666666665,12.0,3.0,1.0,0.3333333333333333
2022,Middle Tennessee,Conference USA,-6.9,25.6,33.3,0.8,,,8.0,5.0,13.0,4.0,4.0,6.9697120688151175,425.43,102.04,120.0,8.0,0.0,0.0,0.0,0.714,0.87,1.321,0.52,0.604,0.819,10.0,18.0,-8.0,6.92,8.19,-1.2699999999999996,Rick Stockstill,29.166666666666668,28.083333333333332,1.0833333333333333,12.0,1.0,1.0,1.0
2023,Middle Tennessee,Conference USA,-9.5,21.5,30.0,-1.0,,,4.0,8.0,12.0,3.0,5.0,4.6199987892459555,487.98,100.8,120.0,14.0,0.0,0.0,0.0,0.337,0.029,0.609,0.463,0.315,0.099,9.0,8.0,1.0,4.6,4.7700000000000005,-0.17000000000000082,Rick Stockstill,24.25,28.083333333333332,-3.8333333333333335,12.0,5.0,1.0,0.2
2024,Middle Tennessee,Conference USA,-24.4,13.7,37.3,-0.8,,,3.0,9.0,12.0,2.0,6.0,2.61457352482858,503.43,131.88,119.0,18.0,0.0,0.0,0.0,0.555,0.945,0.87,0.313,0.795,0.98,12.0,30.0,-18.0,8.48,17.869999999999997,-9.389999999999997,Derek Mason,18.083333333333332,34.25,-16.166666666666668,12.0,2.0,2.0,1.0
2025,Middle Tennessee,Conference USA,-16.0,20.4,37.0,0.5,,,3.0,9.0,12.0,2.0,6.0,3.497818637639284,520.55,151.49,98.0,19.0,0.0,0.0,0.0,0.505,1.0,1.153,0.298,0.65,1.0,12.0,31.0,-19.0,10.0,17.269999999999996,-7.269999999999996,Derek Mason,22.416666666666668,30.916666666666668,-8.5,12.0,5.0,2.0,0.4
2026,Middle Tennessee,Conference USA,-26.5,13.8,40.5,0.2,,,0.0,0.0,0.0,0.0,0.0,0.0,571.5,164.9,119.0,14.0,0.0,0.0,0.0,0.325,0.392,0.601,0.262,0.287,0.292,20.0,18.0,2.0,12.07,11.439999999999998,0.6300000000000026,Derek Mason,,,,,,,
2004,Minnesota,Big Ten,10.7,36.2,27.8,,,,7.0,5.0,12.0,4.0,5.0,,,128.67,53.0,14.0,0.0,0.0,0.0,,,,,,,,,,,,,Glen Mason,31.0,23.363636363636363,7.636363636363637,11.0,2.0,0.0,0.0
2005,Minnesota,Big Ten,15.9,40.7,24.7,,0.834,7.7,7.0,5.0,12.0,5.0,4.0,,,142.28,53.0,9.0,1.0,0.0,0.1111111111111111,,,,,,,,,,,,,Glen Mason,36.18181818181818,28.545454545454547,7.636363636363637,11.0,3.0,2.0,0.6666666666666666
2006,Minnesota,Big Ten,3.8,31.9,27.5,-0.6,0.831,6.0,6.0,7.0,13.0,3.0,6.0,,,142.77,59.0,10.0,0.0,0.0,0.0,,,,,,,,,,,,,Glen Mason,27.916666666666668,24.5,3.4166666666666665,12.0,3.0,1.0,0.3333333333333333
2007,Minnesota,Big Ten,-7.6,30.6,38.8,0.5,0.892,2.7,1.0,11.0,12.0,0.0,8.0,,,165.41,48.0,13.0,1.0,0.0,0.07692307692307693,,,,,,,,,,,,,Tim Brewster,26.25,36.666666666666664,-10.416666666666666,12.0,7.0,1.0,0.14285714285714285
2008,Minnesota,Big Ten,3.0,26.8,25.0,1.2,0.917,6.0,7.0,6.0,13.0,3.0,5.0,,,214.0,26.0,17.0,4.0,0.0,0.23529411764705882,,,,,,,,,,,,,Tim Brewster,23.416666666666668,23.333333333333332,0.08333333333333333,12.0,4.0,2.0,0.5
2009,Minnesota,Big Ten,0.3,22.1,22.5,0.7,0.874,5.7,6.0,7.0,13.0,4.0,6.0,,,209.2,35.0,11.0,3.0,0.0,0.2727272727272727,,,,,,,,,,,,,Tim Brewster,21.583333333333332,24.583333333333332,-3.0,12.0,5.0,3.0,0.6
2010,Minnesota,Big Ten,-10.4,25.1,33.6,-2.0,0.836,2.2,3.0,9.0,12.0,2.0,7.0,5.238925087575964,,186.47,52.0,16.0,1.0,0.0,0.0625,,,,,,,,,,,,,Tim Brewster,23.166666666666668,33.0,-9.833333333333334,12.0,5.0,3.0,0.6
2011,Minnesota,Big Ten,-3.8,23.8,28.1,0.5,0.842,3.3,3.0,9.0,12.0,2.0,6.0,4.34724792198552,,157.15,57.0,18.0,0.0,0.0,0.0,,,,,,,,,,,,,Jerry Kill,18.416666666666668,31.666666666666668,-13.25,12.0,5.0,2.0,0.4
2012,Minnesota,Big Ten,-0.9,23.3,24.1,-0.1,0.895,5.3,6.0,7.0,13.0,2.0,6.0,5.422039610278716,,171.0,59.0,23.0,0.0,0.0,0.0,,,,,,,,,,,,,Jerry Kill,21.333333333333332,23.916666666666668,-2.5833333333333335,12.0,3.0,3.0,1.0
2013,Minnesota,Big Ten,2.5,25.6,25.0,2.0,0.905,5.2,8.0,5.0,13.0,4.0,4.0,6.891893577752122,,152.11,67.0,18.0,0.0,0.0,0.0,,,,,,,,,,,,,Jerry Kill,26.416666666666668,22.333333333333332,4.083333333333333,12.0,2.0,2.0,1.0
2014,Minnesota,Big Ten,6.8,29.7,24.3,1.4,0.861,7.6,8.0,5.0,13.0,5.0,3.0,8.005321940738995,,172.32,57.0,22.0,1.0,0.0,0.045454545454545456,0.624,0.436,0.168,0.772,0.652,0.294,,,,,,,Jerry Kill,29.333333333333332,23.416666666666668,5.916666666666667,12.0,5.0,3.0,0.6
2015,Minnesota,Big Ten,8.1,28.1,22.4,2.4,0.853,6.2,6.0,7.0,13.0,2.0,6.0,6.580042910559922,516.1,167.01,63.0,22.0,0.0,0.0,0.0,0.53,0.706,0.665,0.326,0.495,0.978,,,,,,,Tracy Claeys,22.583333333333332,26.083333333333332,-3.5,12.0,6.0,3.0,0.5
2016,Minnesota,Big Ten,12.6,27.8,17.5,2.3,0.915,9.1,9.0,4.0,13.0,5.0,4.0,9.106763733007575,535.44,182.22,46.0,20.0,1.0,0.0,0.05,0.99,1.0,1.303,0.969,0.949,1.0,,,,,,,Tracy Claeys,30.333333333333332,22.916666666666668,7.416666666666667,12.0,6.0,3.0,0.5
2017,Minnesota,Big Ten,0.4,23.9,22.1,-1.4,0.877,5.4,5.0,7.0,12.0,2.0,7.0,4.908908168560149,543.8,171.42,59.0,26.0,0.0,0.0,0.0,0.352,0.156,0.493,0.375,0.511,0.053,,,,,,,P.J. Fleck,22.083333333333332,22.833333333333332,-0.75,12.0,4.0,1.0,0.25
2018,Minnesota,Big Ten,6.3,28.2,22.8,1.0,0.884,6.9,7.0,6.0,13.0,3.0,6.0,7.133867709573759,588.97,206.66,38.0,27.0,3.0,0.0,0.1111111111111111,0.519,0.0,0.261,0.691,0.491,0.0,,,,,,,P.J. Fleck,28.5,27.916666666666668,0.5833333333333334,12.0,2.0,2.0,1.0
2019,Minnesota,Big Ten,19.4,39.8,19.6,-0.7,,,11.0,2.0,13.0,7.0,2.0,10.20871654754956,621.36,194.48,45.0,22.0,1.0,0.0,0.045454545454545456,1.004,1.0,1.017,0.999,0.993,1.0,,,,,,,P.J. Fleck,34.333333333333336,22.416666666666668,11.916666666666666,12.0,6.0,5.0,0.8333333333333334
2020,Minnesota,Big Ten,4.7,35.8,30.7,,,,3.0,4.0,7.0,3.0,4.0,3.3074657020888645,594.7,199.35,38.0,28.0,3.0,0.0,0.10714285714285714,0.727,0.986,0.507,0.581,0.632,0.997,,,,,,,P.J. Fleck,27.285714285714285,30.142857142857142,-2.857142857142857,7.0,4.0,2.0,0.5
2021,Minnesota,Big Ten,14.4,29.3,15.4,,,,9.0,4.0,13.0,6.0,3.0,10.063421745769173,653.25,199.4,37.0,18.0,4.0,0.0,0.2222222222222222,0.811,0.981,0.977,0.604,0.893,0.995,7.0,12.0,-5.0,4.54,6.239999999999999,-1.6999999999999993,P.J. Fleck,26.083333333333332,18.25,7.833333333333333,12.0,5.0,3.0,0.6
2022,Minnesota,Big Ten,16.0,23.5,8.6,1.1,,,9.0,4.0,13.0,5.0,4.0,9.709562045344565,649.43,189.38,49.0,21.0,2.0,0.0,0.09523809523809523,0.866,1.0,0.568,0.929,0.674,1.0,8.0,23.0,-15.0,5.1499999999999995,16.060000000000002,-10.910000000000004,P.J. Fleck,28.25,13.333333333333334,14.916666666666666,12.0,3.0,2.0,0.6666666666666666
2023,Minnesota,Big Ten,0.4,20.0,21.1,1.5,,,6.0,7.0,13.0,3.0,6.0,6.284012992760301,640.46,201.22,45.0,26.0,2.0,0.0,0.07692307692307693,0.409,0.336,0.161,0.623,0.344,0.426,10.0,18.0,-8.0,8.66,12.809999999999995,-4.149999999999995,P.J. Fleck,20.166666666666668,26.916666666666668,-6.75,12.0,4.0,2.0,0.5
2024,Minnesota,Big Ten,10.4,25.6,15.4,0.2,,,8.0,5.0,13.0,5.0,4.0,8.20528757039677,705.22,211.62,37.0,25.0,3.0,0.0,0.12,0.55,0.08,0.727,0.621,0.386,0.003,12.0,18.0,-6.0,10.48,11.889999999999999,-1.4099999999999984,P.J. Fleck,26.333333333333332,17.5,8.833333333333334,12.0,6.0,2.0,0.3333333333333333
2025,Minnesota,Big Ten,1.5,23.8,20.8,-1.6,,,8.0,5.0,13.0,5.0,4.0,6.382612615823746,711.04,200.95,49.0,22.0,3.0,0.0,0.13636363636363635,0.276,0.069,0.575,0.321,0.302,0.014,21.0,20.0,1.0,16.33,14.809999999999997,1.5200000000000014,P.J. Fleck,23.25,23.416666666666668,-0.16666666666666666,12.0,4.0,3.0,0.75
2026,Minnesota,Big Ten,6.2,25.7,19.0,-0.5,,,0.0,0.0,0.0,0.0,0.0,0.0,728.79,226.67,28.0,31.0,6.0,0.0,0.1935483870967742,0.649,0.971,10.0,0.451,0.679,0.992,19.0,20.0,-1.0,14.719999999999997,11.579999999999998,3.139999999999999,P.J. Fleck,,,,,,,
2004,Mississippi State,SEC,-5.7,23.8,29.5,,,,3.0,8.0,11.0,2.0,6.0,,,123.23,56.0,8.0,0.0,0.0,0.0,,,,,,,,,,,,,Sylvester Croom,15.727272727272727,25.454545454545453,-9.727272727272727,11.0,3.0,1.0,0.3333333333333333
2005,Mississippi State,SEC,-7.0,16.7,23.7,,0.878,3.7,3.0,8.0,11.0,1.0,7.0,,,188.28,28.0,16.0,3.0,1.0,0.1875,,,,,,,,,,,,,Sylvester Croom,13.909090909090908,23.545454545454547,-9.636363636363637,11.0,2.0,1.0,0.5
2006,Mississippi State,SEC,-6.7,16.5,21.7,-1.5,0.796,3.9,3.0,9.0,12.0,1.0,7.0,,,168.98,40.0,12.0,3.0,0.0,0.25,,,,,,,,,,,,,Sylvester Croom,18.416666666666668,25.75,-7.333333333333333,12.0,5.0,1.0,0.2
2007,Mississippi State,SEC,2.0,20.2,17.8,-0.4,0.815,5.7,8.0,5.0,13.0,4.0,4.0,,,194.64,34.0,15.0,1.0,0.0,0.06666666666666667,,,,,,,,,,,,,Sylvester Croom,22.416666666666668,24.833333333333332,-2.4166666666666665,12.0,3.0,3.0,1.0
2008,Mississippi State,SEC,-8.8,16.5,22.5,-2.9,0.921,4.2,4.0,8.0,12.0,2.0,6.0,,,165.14,53.0,11.0,2.0,0.0,0.18181818181818182,,,,,,,,,,,,,Sylvester Croom,15.25,24.666666666666668,-9.416666666666666,12.0,4.0,2.0,0.5
2009,Mississippi State,SEC,4.7,27.8,24.1,1.1,0.793,5.9,5.0,7.0,12.0,3.0,5.0,,,233.49,18.0,13.0,6.0,0.0,0.46153846153846156,,,,,,,,,,,,,Dan Mullen,25.583333333333332,26.75,-1.1666666666666667,12.0,3.0,1.0,0.3333333333333333
2010,Mississippi State,SEC,10.6,32.0,20.9,-0.5,0.798,8.0,9.0,4.0,13.0,4.0,4.0,7.064226963946662,,212.47,30.0,18.0,5.0,0.0,0.2777777777777778,,,,,,,,,,,,,Dan Mullen,27.083333333333332,20.333333333333332,6.75,12.0,5.0,3.0,0.6
2011,Mississippi State,SEC,8.0,26.0,18.2,0.1,0.83,7.0,7.0,6.0,13.0,2.0,6.0,5.907772859775799,,178.1,41.0,14.0,1.0,0.0,0.07142857142857142,,,,,,,,,,,,,Dan Mullen,25.5,19.916666666666668,5.583333333333333,12.0,3.0,1.0,0.3333333333333333
2012,Mississippi State,SEC,8.1,32.9,25.1,0.3,0.835,7.8,8.0,5.0,13.0,4.0,4.0,5.589765429169599,,227.14,22.0,23.0,5.0,0.0,0.21739130434782608,,,,,,,,,,,,,Dan Mullen,30.25,22.416666666666668,7.833333333333333,12.0,1.0,1.0,1.0
2013,Mississippi State,SEC,10.7,34.6,22.2,-1.7,0.811,7.2,7.0,6.0,13.0,3.0,5.0,7.134761448587313,,214.76,24.0,12.0,4.0,1.0,0.3333333333333333,,,,,,,,,,,,,Dan Mullen,26.333333333333332,24.333333333333332,2.0,12.0,5.0,4.0,0.8
2014,Mississippi State,SEC,22.2,43.2,20.7,-0.3,0.823,9.6,10.0,3.0,13.0,6.0,2.0,9.468731412061802,,199.92,36.0,17.0,3.0,0.0,0.17647058823529413,0.91,0.69,2.359,0.892,0.737,0.745,,,,,,,Dan Mullen,37.166666666666664,19.416666666666668,17.75,12.0,3.0,2.0,0.6666666666666666
2015,Mississippi State,SEC,15.1,40.2,23.8,-1.3,0.811,8.4,9.0,4.0,13.0,4.0,4.0,9.800021470185989,680.06,237.46,18.0,9.0,5.0,0.0,0.5555555555555556,0.742,0.981,0.656,0.644,0.703,0.998,,,,,,,Dan Mullen,33.0,22.833333333333332,10.166666666666666,12.0,2.0,1.0,0.5
2016,Mississippi State,SEC,5.4,34.5,27.8,-1.3,0.857,6.6,6.0,7.0,13.0,3.0,5.0,5.438214852082114,679.14,211.11,28.0,17.0,3.0,1.0,0.17647058823529413,0.33,0.19,0.219,0.46,0.397,0.042,,,,,,,Dan Mullen,31.5,33.083333333333336,-1.5833333333333333,12.0,5.0,1.0,0.2
2017,Mississippi State,SEC,16.0,32.4,18.1,1.7,0.812,9.0,9.0,4.0,13.0,4.0,4.0,9.54758301666206,701.06,220.22,24.0,19.0,4.0,0.0,0.21052631578947367,0.782,0.852,0.97,0.586,0.758,0.872,,,,,,,Greg Knox,32.083333333333336,20.416666666666668,11.666666666666666,12.0,3.0,1.0,0.3333333333333333
2018,Mississippi State,SEC,23.2,34.6,10.5,-0.9,0.791,8.7,8.0,5.0,13.0,4.0,4.0,8.686285330205303,729.97,218.47,27.0,21.0,5.0,0.0,0.23809523809523808,0.875,0.905,0.999,0.74,0.89,0.991,,,,,,,Joe Moorhead,29.083333333333332,12.0,17.083333333333332,12.0,1.0,0.0,0.0
2019,Mississippi State,SEC,3.5,33.1,28.7,-0.9,,,6.0,7.0,13.0,3.0,5.0,6.322965437379646,732.68,236.6,24.0,17.0,7.0,1.0,0.4117647058823529,0.547,0.626,0.38,0.686,0.384,0.126,,,,,,,Joe Moorhead,27.583333333333332,28.083333333333332,-0.5,12.0,2.0,1.0,0.5
2020,Mississippi State,SEC,-1.4,25.4,26.9,,,,4.0,7.0,11.0,3.0,7.0,2.5028875413129805,739.3,220.24,27.0,19.0,3.0,0.0,0.15789473684210525,0.495,0.465,0.618,0.396,0.585,0.486,,,,,,,Mike Leach,20.7,28.3,-7.6,10.0,4.0,1.0,0.25
2021,Mississippi State,SEC,10.5,34.6,22.0,,,,7.0,6.0,13.0,4.0,4.0,6.112931497613378,716.17,210.6,25.0,20.0,5.0,0.0,0.25,0.668,1.264,1.072,0.504,0.622,0.622,8.0,22.0,-14.0,5.35,13.25,-7.9,Mike Leach,30.916666666666668,25.25,5.666666666666667,12.0,5.0,2.0,0.4
2022,Mississippi State,SEC,15.4,35.1,19.9,0.2,,,9.0,4.0,13.0,4.0,4.0,6.883963807732934,725.55,219.45,27.0,21.0,5.0,0.0,0.23809523809523808,0.415,0.067,0.948,0.627,0.401,0.031,10.0,24.0,-14.0,6.790000000000001,14.379999999999995,-7.5899999999999945,Zach Arnett,32.666666666666664,24.166666666666668,8.5,12.0,2.0,2.0,1.0
2023,Mississippi State,SEC,0.5,24.7,24.9,0.7,,,5.0,7.0,12.0,1.0,7.0,4.791082871678017,746.29,222.92,27.0,23.0,4.0,0.0,0.17391304347826086,0.584,0.96,0.605,0.4,0.715,0.966,13.0,27.0,-14.0,11.169999999999998,17.78,-6.610000000000003,Zach Arnett,21.833333333333332,26.583333333333332,-4.75,12.0,3.0,2.0,0.6666666666666666
2024,Mississippi State,SEC,-4.1,25.5,31.2,1.5,,,2.0,10.0,12.0,0.0,8.0,2.296442691976717,743.77,223.21,28.0,19.0,6.0,0.0,0.3157894736842105,0.191,-0.081,0.461,0.21,0.223,0.077,18.0,27.0,-9.0,14.709999999999999,20.71999999999999,-6.009999999999993,Jeff Lebby,25.833333333333332,34.083333333333336,-8.25,12.0,1.0,0.0,0.0
2025,Mississippi State,SEC,4.1,31.6,29.0,1.5,,,5.0,8.0,13.0,1.0,7.0,5.099944571964443,770.48,224.62,28.0,18.0,4.0,0.0,0.2222222222222222,0.416,0.321,0.637,0.385,0.495,0.295,32.0,35.0,-3.0,26.65,26.700000000000006,-0.050000000000007816,Jeff Lebby,30.5,29.166666666666668,1.3333333333333333,12.0,5.0,2.0,0.4
2026,Mississippi State,SEC,4.8,30.8,26.5,0.5,,,0.0,0.0,0.0,0.0,0.0,0.0,804.53,230.56,23.0,28.0,4.0,0.0,0.14285714285714285,0.339,-0.002,0.873,0.279,0.398,0.195,28.0,40.0,-12.0,23.84,28.630000000000006,-4.790000000000006,Jeff Lebby,,,,,,,
2004,Missouri,SEC,0.8,26.3,25.8,,,,5.0,6.0,11.0,3.0,5.0,,,197.15,19.0,9.0,3.0,0.0,0.3333333333333333,,,,,,,,,,,,,Gary Pinkel,23.272727272727273,19.545454545454547,3.727272727272727,11.0,2.0,1.0,0.5
2005,Missouri,SEC,5.7,28.9,23.2,,0.888,5.9,7.0,5.0,12.0,4.0,4.0,,,164.44,42.0,5.0,0.0,0.0,0.0,,,,,,,,,,,,,Gary Pinkel,30.09090909090909,29.0,1.0909090909090908,11.0,2.0,2.0,1.0
2006,Missouri,SEC,14.4,32.1,18.2,0.4,0.881,8.8,8.0,5.0,13.0,4.0,4.0,,,162.96,43.0,13.0,1.0,0.0,0.07692307692307693,,,,,,,,,,,,,Gary Pinkel,29.416666666666668,17.916666666666668,11.5,12.0,2.0,0.0,0.0
2007,Missouri,SEC,21.4,44.0,23.0,0.5,0.8,10.9,12.0,2.0,14.0,7.0,2.0,,,199.83,30.0,13.0,1.0,0.0,0.07692307692307693,,,,,,,,,,,,,Gary Pinkel,40.0,24.53846153846154,15.461538461538462,13.0,1.0,1.0,1.0
2008,Missouri,SEC,24.0,43.8,22.3,2.5,0.863,10.3,10.0,4.0,14.0,5.0,4.0,,,207.9,28.0,16.0,3.0,0.0,0.1875,,,,,,,,,,,,,Gary Pinkel,43.15384615384615,27.53846153846154,15.615384615384615,13.0,3.0,1.0,0.3333333333333333
2009,Missouri,SEC,11.8,34.2,23.8,1.3,0.889,7.9,8.0,5.0,13.0,4.0,4.0,,,206.45,38.0,16.0,2.0,1.0,0.125,,,,,,,,,,,,,Gary Pinkel,30.333333333333332,24.583333333333332,5.75,12.0,2.0,2.0,1.0
2010,Missouri,SEC,19.3,35.2,17.6,1.7,0.871,10.0,10.0,3.0,13.0,6.0,2.0,8.134512733682653,,229.0,21.0,19.0,9.0,0.0,0.47368421052631576,,,,,,,,,,,,,Gary Pinkel,30.333333333333332,15.166666666666666,15.166666666666666,12.0,2.0,1.0,0.5
2011,Missouri,SEC,15.0,37.7,22.0,-0.6,0.836,8.6,8.0,5.0,13.0,5.0,4.0,8.012991261946677,,158.06,56.0,8.0,0.0,0.0,0.0,,,,,,,,,,,,,Gary Pinkel,32.166666666666664,23.5,8.666666666666666,12.0,5.0,2.0,0.4
2012,Missouri,SEC,3.9,25.6,21.6,-0.1,0.761,4.7,5.0,7.0,12.0,2.0,6.0,5.326989548200758,,212.4,33.0,17.0,4.0,1.0,0.23529411764705882,,,,,,,,,,,,,Gary Pinkel,25.75,28.416666666666668,-2.6666666666666665,12.0,6.0,3.0,0.5
2013,Missouri,SEC,19.3,42.6,23.1,-0.2,0.858,10.0,12.0,2.0,14.0,7.0,2.0,8.00418248569889,,189.91,43.0,14.0,2.0,0.0,0.14285714285714285,,,,,,,,,,,,,Gary Pinkel,39.0,22.46153846153846,16.53846153846154,13.0,2.0,1.0,0.5
2014,Missouri,SEC,19.3,33.0,15.2,1.5,0.823,9.8,11.0,3.0,14.0,7.0,2.0,10.731226015817182,,198.53,37.0,19.0,4.0,0.0,0.21052631578947367,0.312,0.43,0.359,0.257,0.373,0.301,,,,,,,Gary Pinkel,27.384615384615383,21.384615384615383,6.0,13.0,4.0,3.0,0.75
2015,Missouri,SEC,3.4,16.7,12.4,-0.9,0.864,4.6,5.0,7.0,12.0,1.0,7.0,4.4036253662265,642.93,217.98,25.0,8.0,3.0,1.0,0.375,0.474,0.836,0.768,0.132,0.649,0.991,,,,,,,Gary Pinkel,13.583333333333334,16.166666666666668,-2.5833333333333335,12.0,5.0,3.0,0.6
2016,Missouri,SEC,-1.0,31.2,31.3,-0.9,0.883,4.8,4.0,8.0,12.0,2.0,6.0,5.055042684091628,633.76,188.37,43.0,17.0,1.0,0.0,0.058823529411764705,0.656,9.5,-6.0,0.75,0.623,0.72,,,,,,,Barry Odom,31.416666666666668,31.5,-0.08333333333333333,12.0,3.0,1.0,0.3333333333333333
2017,Missouri,SEC,11.1,35.5,26.4,2.0,0.88,8.1,7.0,6.0,13.0,4.0,4.0,7.496497198103949,623.33,187.71,43.0,21.0,2.0,0.0,0.09523809523809523,0.822,0.914,0.918,0.724,0.881,0.974,,,,,,,Barry Odom,39.333333333333336,31.75,7.583333333333333,12.0,2.0,1.0,0.5
2018,Missouri,SEC,20.8,41.3,21.0,0.5,0.794,9.3,8.0,5.0,13.0,4.0,4.0,9.703388883697182,595.14,197.38,43.0,23.0,0.0,0.0,0.0,0.763,1.0,0.482,0.673,0.729,1.0,,,,,,,Barry Odom,36.916666666666664,24.416666666666668,12.5,12.0,4.0,2.0,0.5
2019,Missouri,SEC,7.8,24.5,17.1,0.4,,,6.0,6.0,12.0,3.0,5.0,7.080203493291605,642.83,202.13,37.0,20.0,3.0,0.0,0.15,0.426,0.048,0.549,0.657,0.454,0.032,,,,,,,Barry Odom,25.333333333333332,19.416666666666668,5.916666666666667,12.0,3.0,0.0,0.0
2020,Missouri,SEC,-1.0,23.4,24.6,,,,5.0,5.0,10.0,5.0,5.0,3.8613575601952856,627.24,182.85,50.0,16.0,1.0,0.0,0.0625,0.292,0.04,0.474,0.381,0.519,0.226,,,,,,,Eli Drinkwitz,26.7,32.3,-5.6,10.0,3.0,3.0,1.0
2021,Missouri,SEC,3.1,31.1,29.9,,,,6.0,7.0,13.0,3.0,5.0,4.131924785932564,647.74,210.28,27.0,20.0,4.0,0.0,0.2,0.742,1.0,0.176,0.629,0.673,1.0,5.0,21.0,-16.0,4.1899999999999995,13.419999999999998,-9.229999999999999,Eli Drinkwitz,29.666666666666668,34.666666666666664,-5.0,12.0,4.0,2.0,0.5
2022,Missouri,SEC,8.1,26.0,18.3,0.3,,,6.0,7.0,13.0,3.0,5.0,6.514781025385571,715.36,236.92,15.0,19.0,9.0,1.0,0.47368421052631576,0.34,0.119,0.334,0.492,0.299,0.171,13.0,17.0,-4.0,10.9,12.959999999999999,-2.0599999999999987,Eli Drinkwitz,25.5,25.0,0.5,12.0,6.0,2.0,0.3333333333333333
2023,Missouri,SEC,19.3,36.5,18.0,0.8,,,11.0,2.0,13.0,6.0,2.0,10.364951247225639,755.4,211.13,34.0,19.0,5.0,0.0,0.2631578947368421,0.651,0.984,1.002,0.368,0.83,0.983,8.0,20.0,-12.0,7.08,14.090000000000002,-7.010000000000002,Eli Drinkwitz,34.083333333333336,22.333333333333332,11.75,12.0,4.0,4.0,1.0
2024,Missouri,SEC,14.0,33.7,18.7,-1.0,,,10.0,3.0,13.0,5.0,3.0,7.470898516993272,807.36,241.93,20.0,23.0,8.0,1.0,0.34782608695652173,0.875,1.0,0.462,0.935,0.659,1.0,15.0,19.0,-4.0,12.850000000000001,13.559999999999999,-0.7099999999999973,Eli Drinkwitz,29.083333333333332,20.083333333333332,9.0,12.0,6.0,5.0,0.8333333333333334
2025,Missouri,SEC,14.4,31.2,15.4,-1.4,,,8.0,5.0,13.0,4.0,4.0,9.169654075056314,804.77,243.48,20.0,17.0,11.0,0.0,0.6470588235294118,0.201,-0.009,0.184,0.303,0.131,0.002,21.0,24.0,-3.0,18.27,15.25,3.0199999999999996,Eli Drinkwitz,32.166666666666664,19.416666666666668,12.75,12.0,3.0,1.0,0.3333333333333333
2026,Missouri,SEC,15.4,32.3,16.4,-0.5,,,0.0,0.0,0.0,0.0,0.0,0.0,808.36,225.09,34.0,23.0,4.0,0.0,0.17391304347826086,0.42,-0.023,0.775,0.329,0.502,0.238,30.0,27.0,3.0,25.909999999999997,21.5,4.409999999999997,Eli Drinkwitz,,,,,,,
2025,Missouri State,Conference USA,-10.7,25.6,34.8,-1.5,,,7.0,6.0,13.0,5.0,3.0,5.335586038418114,426.1,52.92,136.0,18.0,0.0,0.0,0.0,,,,,,,15.0,12.0,3.0,7.709999999999999,8.489999999999998,-0.7799999999999994,Ryan Beard,25.416666666666668,28.333333333333332,-2.9166666666666665,12.0,7.0,5.0,0.7142857142857143
2026,Missouri State,Conference USA,-19.1,16.4,35.1,-0.5,,,0.0,0.0,0.0,0.0,0.0,0.0,549.92,151.56,131.0,14.0,0.0,0.0,0.0,0.313,0.053,-0.032,0.474,0.192,0.004,19.0,11.0,8.0,14.879999999999999,5.48,9.399999999999999,Casey Woods,,,,,,,
2004,NC State,ACC,8.1,29.9,23.3,,,,5.0,6.0,11.0,5.0,6.0,,,155.87,40.0,3.0,2.0,1.0,0.6666666666666666,,,,,,,,,,,,,Chuck Amato,24.0,19.818181818181817,4.181818181818182,11.0,5.0,2.0,0.4
2005,NC State,ACC,9.4,22.1,12.7,,0.906,7.1,7.0,5.0,12.0,3.0,5.0,,,187.69,29.0,11.0,3.0,1.0,0.2727272727272727,,,,,,,,,,,,,Chuck Amato,21.363636363636363,19.272727272727273,2.090909090909091,11.0,6.0,4.0,0.6666666666666666
2006,NC State,ACC,0.2,18.7,19.1,0.6,0.897,4.2,3.0,9.0,12.0,2.0,6.0,,,154.99,48.0,14.0,0.0,0.0,0.0,,,,,,,,,,,,,Chuck Amato,17.5,21.833333333333332,-4.333333333333333,12.0,8.0,2.0,0.25
2007,NC State,ACC,-1.1,20.6,22.4,0.8,0.901,4.5,5.0,7.0,12.0,3.0,5.0,,,166.16,46.0,11.0,0.0,0.0,0.0,,,,,,,,,,,,,Tom O'Brien,20.75,28.25,-7.5,12.0,4.0,3.0,0.75
2008,NC State,ACC,1.8,27.4,26.8,1.2,0.931,5.1,6.0,7.0,13.0,4.0,4.0,,,218.2,23.0,18.0,4.0,0.0,0.2222222222222222,,,,,,,,,,,,,Tom O'Brien,23.5,26.083333333333332,-2.5833333333333335,12.0,4.0,2.0,0.5
2009,NC State,ACC,0.6,30.7,29.8,-0.2,0.862,4.8,5.0,7.0,12.0,2.0,6.0,,,192.15,48.0,18.0,1.0,0.0,0.05555555555555555,,,,,,,,,,,,,Tom O'Brien,30.333333333333332,31.166666666666668,-0.8333333333333334,12.0,6.0,3.0,0.5
2010,NC State,ACC,9.3,29.7,20.5,0.1,0.873,6.8,9.0,4.0,13.0,5.0,3.0,7.55994990877967,,208.25,35.0,16.0,5.0,1.0,0.3125,,,,,,,,,,,,,Tom O'Brien,32.583333333333336,22.5,10.083333333333334,12.0,6.0,3.0,0.5
2011,NC State,ACC,-1.1,24.5,24.4,-1.2,0.926,6.4,8.0,5.0,13.0,4.0,4.0,7.233169385420977,,139.33,71.0,16.0,0.0,0.0,0.0,,,,,,,,,,,,,Tom O'Brien,28.0,24.75,3.25,12.0,2.0,0.0,0.0
2012,NC State,ACC,5.4,27.8,21.5,-0.9,0.889,6.7,7.0,6.0,13.0,4.0,4.0,7.0486185522867055,,183.7,52.0,15.0,1.0,0.0,0.06666666666666667,,,,,,,,,,,,,Tom O'Brien,28.416666666666668,24.583333333333332,3.8333333333333335,12.0,4.0,3.0,0.75
2013,NC State,ACC,-0.5,25.0,26.5,0.9,0.872,3.9,3.0,9.0,12.0,0.0,8.0,5.836139562168993,,166.04,59.0,20.0,0.0,0.0,0.0,,,,,,,,,,,,,Dave Doeren,22.833333333333332,30.166666666666668,-7.333333333333333,12.0,1.0,1.0,1.0
2014,NC State,ACC,8.1,34.1,27.1,1.0,0.896,7.7,8.0,5.0,13.0,3.0,5.0,7.373358620854534,,201.31,34.0,21.0,2.0,0.0,0.09523809523809523,0.24,0.024,-0.742,0.449,0.337,0.045,,,,,,,Dave Doeren,29.833333333333332,27.0,2.8333333333333335,12.0,2.0,2.0,1.0
2015,NC State,ACC,9.6,36.2,24.7,-1.8,0.858,7.5,7.0,6.0,13.0,3.0,5.0,6.963668151496309,610.33,208.69,31.0,14.0,4.0,0.0,0.2857142857142857,0.82,1.005,0.917,0.616,0.804,0.98,,,,,,,Dave Doeren,33.666666666666664,23.75,9.916666666666666,12.0,1.0,0.0,0.0
2016,NC State,ACC,9.4,30.5,19.3,-1.8,0.833,8.3,7.0,6.0,13.0,3.0,5.0,7.81704012469301,616.29,177.67,50.0,23.0,0.0,0.0,0.0,0.558,0.086,0.56,0.824,0.525,0.043,,,,,,,Dave Doeren,25.833333333333332,23.25,2.5833333333333335,12.0,6.0,2.0,0.3333333333333333
2017,NC State,ACC,12.9,38.0,23.3,-1.9,0.83,8.9,9.0,4.0,13.0,6.0,2.0,9.54622341683577,609.76,180.46,53.0,23.0,0.0,0.0,0.0,0.859,1.0,0.655,0.791,0.72,1.0,,,,,,,Dave Doeren,30.583333333333332,24.75,5.833333333333333,12.0,5.0,2.0,0.4
2018,NC State,ACC,9.4,35.1,26.7,1.1,0.917,8.3,9.0,4.0,13.0,5.0,3.0,8.67968411796736,629.39,220.57,26.0,21.0,6.0,0.0,0.2857142857142857,0.788,0.962,0.279,0.826,0.689,0.986,,,,,,,Dave Doeren,35.583333333333336,22.666666666666668,12.916666666666666,12.0,3.0,2.0,0.6666666666666666
2019,NC State,ACC,-6.3,22.0,29.7,1.4,,,4.0,8.0,12.0,1.0,7.0,4.167874895162647,668.85,217.29,31.0,24.0,5.0,0.0,0.20833333333333334,0.131,0.029,-1.529,0.314,0.248,0.009,,,,,,,Dave Doeren,22.083333333333332,30.083333333333332,-8.0,12.0,2.0,1.0,0.5
2020,NC State,ACC,0.0,29.8,30.0,,,,8.0,4.0,12.0,7.0,3.0,6.152910214321605,680.31,194.78,41.0,22.0,2.0,0.0,0.09090909090909091,0.6,0.169,0.694,0.822,0.712,0.517,,,,,,,Dave Doeren,31.09090909090909,29.727272727272727,1.3636363636363635,11.0,5.0,4.0,0.8
2021,NC State,ACC,16.1,33.1,17.7,,,,9.0,3.0,12.0,6.0,2.0,8.01892729833211,700.36,202.42,34.0,18.0,4.0,0.0,0.2222222222222222,0.656,0.374,0.75,0.791,0.689,0.331,4.0,11.0,-7.0,3.34,7.05,-3.71,Dave Doeren,33.083333333333336,19.666666666666668,13.416666666666666,12.0,5.0,3.0,0.6
2022,NC State,ACC,6.8,20.4,15.3,1.6,,,8.0,5.0,13.0,4.0,4.0,6.871235621426741,686.19,171.26,64.0,12.0,4.0,0.0,0.3333333333333333,0.695,0.938,0.189,0.634,0.62,0.996,2.0,8.0,-6.0,1.73,5.38,-3.65,Dave Doeren,25.333333333333332,19.416666666666668,5.916666666666667,12.0,5.0,4.0,0.8
2023,NC State,ACC,7.4,25.5,19.7,1.6,,,9.0,4.0,13.0,6.0,2.0,8.422652449172915,700.85,204.08,43.0,15.0,3.0,0.0,0.2,0.385,0.268,0.011,0.493,0.449,0.189,6.0,12.0,-6.0,4.97,8.690000000000001,-3.7200000000000015,Dave Doeren,26.833333333333332,20.166666666666668,6.666666666666667,12.0,5.0,4.0,0.8
2024,NC State,ACC,3.9,29.9,26.5,0.5,,,6.0,7.0,13.0,3.0,5.0,7.871416005767503,722.41,225.02,27.0,23.0,5.0,0.0,0.21739130434782608,0.34,0.041,0.204,0.539,0.221,0.01,15.0,23.0,-8.0,13.25,17.77,-4.52,Dave Doeren,29.166666666666668,30.5,-1.3333333333333333,12.0,6.0,3.0,0.5
2025,NC State,ACC,4.8,31.4,25.5,-1.2,,,8.0,5.0,13.0,4.0,4.0,7.596103310585022,707.51,214.25,34.0,23.0,3.0,0.0,0.13043478260869565,0.726,0.83,0.733,0.67,0.625,0.799,18.0,19.0,-1.0,14.579999999999997,14.329999999999998,0.24999999999999822,Dave Doeren,30.166666666666668,28.833333333333332,1.3333333333333333,12.0,3.0,2.0,0.6666666666666666
2026,NC State,ACC,5.7,31.0,24.9,-0.4,,,0.0,0.0,0.0,0.0,0.0,0.0,757.14,210.28,49.0,26.0,2.0,0.0,0.07692307692307693,0.599,0.931,1.015,0.26,0.622,0.974,20.0,22.0,-2.0,16.399999999999995,16.549999999999997,-0.15000000000000213,Dave Doeren,,,,,,,
2004,Navy,American Athletic,-3.4,27.0,30.2,,,,10.0,2.0,12.0,0.0,0.0,,,41.52,113.0,13.0,0.0,0.0,0.0,,,,,,,,,,,,,Paul Johnson,27.272727272727273,19.90909090909091,7.363636363636363,11.0,4.0,4.0,1.0
2005,Navy,American Athletic,-2.1,32.4,34.5,,0.955,7.8,8.0,4.0,12.0,0.0,0.0,,,29.17,113.0,11.0,0.0,0.0,0.0,,,,,,,,,,,,,Paul Johnson,32.63636363636363,25.727272727272727,6.909090909090909,11.0,5.0,3.0,0.6
2006,Navy,American Athletic,-1.9,27.0,28.3,-0.7,0.94,8.4,9.0,4.0,13.0,0.0,0.0,,,32.36,119.0,6.0,0.0,0.0,0.0,,,,,,,,,,,,,Paul Johnson,28.583333333333332,19.666666666666668,8.916666666666666,12.0,4.0,3.0,0.75
2007,Navy,American Athletic,-9.8,32.6,41.6,-0.8,0.951,6.1,8.0,5.0,13.0,0.0,0.0,,,,,,,,,,,,,,,,,,,,,Paul Johnson,39.916666666666664,36.5,3.4166666666666665,12.0,5.0,3.0,0.6
2008,Navy,American Athletic,-3.5,25.3,30.2,1.3,0.964,5.9,8.0,5.0,13.0,0.0,0.0,,,67.88,113.0,12.0,0.0,0.0,0.0,,,,,,,,,,,,,Ken Niumatalolo,27.833333333333332,21.416666666666668,6.416666666666667,12.0,5.0,4.0,0.8
2009,Navy,American Athletic,-2.9,24.4,28.0,0.6,0.921,7.5,10.0,4.0,14.0,0.0,0.0,,,19.31,115.0,3.0,0.0,0.0,0.0,,,,,,,,,,,,,Ken Niumatalolo,27.46153846153846,19.923076923076923,7.538461538461538,13.0,7.0,4.0,0.5714285714285714
2010,Navy,American Athletic,-4.2,29.5,33.5,-0.2,0.944,7.6,9.0,4.0,13.0,0.0,0.0,7.013867363296968,,38.65,119.0,4.0,0.0,0.0,0.0,,,,,,,,,,,,,Ken Niumatalolo,31.0,22.333333333333332,8.666666666666666,12.0,6.0,4.0,0.6666666666666666
2011,Navy,American Athletic,-9.4,29.6,38.0,-1.0,0.934,4.6,5.0,7.0,12.0,0.0,0.0,5.727483264422541,,81.56,87.0,19.0,0.0,0.0,0.0,,,,,,,,,,,,,Ken Niumatalolo,29.666666666666668,28.916666666666668,0.75,12.0,7.0,2.0,0.2857142857142857
2012,Navy,American Athletic,-8.1,28.8,36.3,-0.7,0.935,5.8,8.0,5.0,13.0,0.0,0.0,5.00929094374358,,89.01,118.0,15.0,0.0,0.0,0.0,,,,,,,,,,,,,Ken Niumatalolo,24.75,22.666666666666668,2.0833333333333335,12.0,4.0,4.0,1.0
2013,Navy,American Athletic,-0.3,33.4,33.5,-0.2,0.964,7.9,9.0,4.0,13.0,0.0,0.0,6.159076747980447,,97.15,116.0,24.0,0.0,0.0,0.0,,,,,,,,,,,,,Ken Niumatalolo,34.333333333333336,25.916666666666668,8.416666666666666,12.0,5.0,3.0,0.6
2014,Navy,American Athletic,3.4,36.5,32.5,-0.6,0.94,8.3,8.0,5.0,13.0,0.0,0.0,8.164493671883415,,101.9,108.0,19.0,0.0,0.0,0.0,0.685,1.0,0.728,0.525,0.882,1.0,,,,,,,Ken Niumatalolo,33.083333333333336,28.25,4.833333333333333,12.0,4.0,3.0,0.75
2015,Navy,American Athletic,12.1,38.9,27.8,1.0,0.923,10.4,11.0,2.0,13.0,7.0,1.0,9.995587176241257,306.87,114.7,112.0,26.0,0.0,0.0,0.0,0.707,1.056,0.68,0.752,0.702,0.993,,,,,,,Ken Niumatalolo,36.166666666666664,21.333333333333332,14.833333333333334,12.0,1.0,1.0,1.0
2016,Navy,American Athletic,6.8,39.8,33.9,1.0,0.924,7.7,9.0,5.0,14.0,7.0,2.0,7.944662899223782,342.77,132.07,91.0,47.0,0.0,0.0,0.0,0.272,0.127,0.205,0.552,0.203,0.038,,,,,,,Ken Niumatalolo,37.38461538461539,29.692307692307693,7.6923076923076925,13.0,7.0,5.0,0.7142857142857143
2017,Navy,American Athletic,-0.7,32.5,32.1,-1.2,0.917,6.2,7.0,6.0,13.0,4.0,4.0,6.055920802798508,376.2,131.73,88.0,58.0,0.0,0.0,0.0,0.28,0.134,0.276,0.378,0.295,0.25,,,,,,,Ken Niumatalolo,28.916666666666668,27.916666666666668,1.0,12.0,6.0,3.0,0.5
2018,Navy,American Athletic,-10.2,27.5,38.3,0.6,0.921,3.4,3.0,10.0,13.0,2.0,6.0,4.131652803865326,349.26,124.71,106.0,37.0,0.0,0.0,0.0,0.779,1.009,0.857,0.377,0.706,0.969,,,,,,,Ken Niumatalolo,25.0,33.53846153846154,-8.538461538461538,13.0,5.0,1.0,0.2
2019,Navy,American Athletic,9.9,36.0,25.5,-0.7,,,11.0,2.0,13.0,7.0,1.0,11.103018267468688,335.4,124.39,124.0,31.0,0.0,0.0,0.0,0.557,0.787,0.54,0.612,0.441,0.209,,,,,,,Ken Niumatalolo,38.583333333333336,22.75,15.833333333333334,12.0,2.0,2.0,1.0
2020,Navy,American Athletic,-9.3,26.2,35.4,,,,3.0,7.0,10.0,3.0,4.0,4.665413749710979,266.19,128.76,126.0,49.0,0.0,0.0,0.0,0.491,0.129,0.423,0.916,0.553,0.145,,,,,,,Ken Niumatalolo,16.6,30.3,-13.7,10.0,4.0,3.0,0.75
2021,Navy,American Athletic,-8.5,20.0,27.7,,,,4.0,8.0,12.0,3.0,5.0,7.047007418537897,127.63,131.51,107.0,32.0,0.0,0.0,0.0,0.326,-0.022,0.139,0.514,0.33,0.417,0.0,7.0,-7.0,0.0,2.6,-2.6,Ken Niumatalolo,20.083333333333332,28.25,-8.166666666666666,12.0,6.0,3.0,0.5
2022,Navy,American Athletic,-7.2,18.2,24.4,-1.1,,,4.0,8.0,12.0,4.0,4.0,8.608996106859646,0.0,41.48,138.0,28.0,0.0,0.0,0.0,0.235,3.889,0.268,0.229,0.472,0.976,0.0,4.0,-4.0,0.0,2.82,-2.82,Ken Niumatalolo,21.916666666666668,24.333333333333332,-2.4166666666666665,12.0,8.0,3.0,0.375
2023,Navy,American Athletic,-13.7,15.0,27.2,-1.5,,,5.0,7.0,12.0,4.0,4.0,5.813718223734726,0.0,67.03,131.0,21.0,0.0,0.0,0.0,0.611,0.68,0.624,0.568,0.751,0.884,0.0,3.0,-3.0,0.0,1.17,-1.17,Brian Newberry,17.666666666666668,22.416666666666668,-4.75,12.0,3.0,1.0,0.3333333333333333
2024,Navy,American Athletic,3.5,29.5,24.4,-1.7,,,10.0,3.0,13.0,7.0,2.0,10.639224867368663,0.0,37.64,153.0,28.0,0.0,0.0,0.0,0.575,-7.621,0.674,0.764,0.603,0.284,0.0,6.0,-6.0,0.0,2.53,-2.53,Brian Newberry,32.166666666666664,22.333333333333332,9.833333333333334,12.0,0.0,0.0,
2025,Navy,American Athletic,6.2,33.6,27.9,0.5,,,11.0,2.0,13.0,8.0,1.0,9.39805030496791,,64.76,132.0,50.0,0.0,0.0,0.0,0.973,1.0,0.972,0.957,0.909,1.0,0.0,5.0,-5.0,0.0,1.42,-1.42,Brian Newberry,31.166666666666668,26.0,5.166666666666667,12.0,4.0,4.0,1.0
2026,Navy,American Athletic,1.2,27.8,26.8,0.2,,,0.0,0.0,0.0,0.0,0.0,0.0,195.68,99.4,144.0,50.0,0.0,0.0,0.0,0.138,-0.031,0.194,0.146,0.136,0.13,0.0,3.0,-3.0,0.0,2.11,-2.11,Brian Newberry,,,,,,,
2004,Nebraska,Big Ten,1.9,31.1,30.2,,,,5.0,6.0,11.0,3.0,5.0,,,188.0,27.0,7.0,2.0,0.0,0.2857142857142857,,,,,,,,,,,,,Bill Callahan,25.0,27.09090909090909,-2.090909090909091,11.0,5.0,2.0,0.4
2005,Nebraska,Big Ten,10.3,24.2,13.8,,0.877,6.0,8.0,4.0,12.0,4.0,4.0,,,247.47,8.0,7.0,5.0,1.0,0.7142857142857143,,,,,,,,,,,,,Bill Callahan,24.0,20.363636363636363,3.6363636363636362,11.0,5.0,3.0,0.6
2006,Nebraska,Big Ten,14.7,31.5,17.7,0.9,0.828,9.2,9.0,5.0,14.0,6.0,3.0,,,207.2,21.0,8.0,1.0,0.0,0.125,,,,,,,,,,,,,Bill Callahan,31.846153846153847,18.384615384615383,13.461538461538462,13.0,3.0,2.0,0.6666666666666666
2007,Nebraska,Big Ten,10.0,39.1,31.2,2.1,0.803,5.4,5.0,7.0,12.0,2.0,6.0,,,218.45,19.0,7.0,2.0,0.0,0.2857142857142857,,,,,,,,,,,,,Bill Callahan,33.416666666666664,37.916666666666664,-4.5,12.0,3.0,2.0,0.6666666666666666
2008,Nebraska,Big Ten,18.9,42.0,23.8,0.7,0.885,8.6,9.0,4.0,13.0,5.0,3.0,,,215.29,24.0,19.0,4.0,0.0,0.21052631578947367,,,,,,,,,,,,,Bo Pelini,36.166666666666664,29.166666666666668,7.0,12.0,2.0,0.0,0.0
2009,Nebraska,Big Ten,19.9,25.9,7.8,1.9,0.836,9.3,10.0,4.0,14.0,6.0,3.0,,,201.57,40.0,9.0,4.0,0.0,0.4444444444444444,,,,,,,,,,,,,Bo Pelini,24.53846153846154,11.23076923076923,13.307692307692308,13.0,4.0,1.0,0.25
2010,Nebraska,Big Ten,18.8,30.8,14.3,2.3,0.872,9.6,10.0,4.0,14.0,6.0,3.0,9.36472644330947,,219.7,26.0,15.0,4.0,0.0,0.26666666666666666,,,,,,,,,,,,,Bo Pelini,32.69230769230769,17.23076923076923,15.461538461538462,13.0,4.0,1.0,0.25
2011,Nebraska,Big Ten,14.5,32.4,19.4,1.5,0.859,8.2,9.0,4.0,13.0,5.0,3.0,7.499442733907247,,245.6,16.0,13.0,8.0,0.0,0.6153846153846154,,,,,,,,,,,,,Bo Pelini,30.5,22.833333333333332,7.666666666666667,12.0,3.0,2.0,0.6666666666666666
2012,Nebraska,Big Ten,20.3,39.2,19.8,0.9,0.847,10.1,10.0,4.0,14.0,7.0,2.0,9.626563157315097,,213.77,32.0,13.0,7.0,0.0,0.5384615384615384,,,,,,,,,,,,,Bo Pelini,35.07692307692308,26.23076923076923,8.846153846153847,13.0,5.0,4.0,0.8
2013,Nebraska,Big Ten,11.6,32.3,22.8,2.2,0.893,7.5,9.0,4.0,13.0,5.0,3.0,8.965767661607558,,220.72,22.0,19.0,7.0,0.0,0.3684210526315789,,,,,,,,,,,,,Bo Pelini,32.583333333333336,25.333333333333332,7.25,12.0,4.0,4.0,1.0
2014,Nebraska,Big Ten,13.1,33.8,21.0,0.3,0.891,8.9,9.0,4.0,13.0,5.0,3.0,9.099223704957737,,200.24,35.0,15.0,4.0,0.0,0.26666666666666666,0.556,0.15,0.947,0.604,0.666,0.36,,,,,,,Bo Pelini,37.416666666666664,24.833333333333332,12.583333333333334,12.0,4.0,2.0,0.5
2015,Nebraska,Big Ten,11.1,35.4,25.0,0.8,0.885,7.5,6.0,7.0,13.0,3.0,5.0,7.618585891835013,699.89,211.72,30.0,13.0,5.0,0.0,0.38461538461538464,0.644,0.947,0.432,0.629,0.696,0.989,,,,,,,Mike Riley,32.5,27.75,4.75,12.0,6.0,1.0,0.16666666666666666
2016,Nebraska,Big Ten,10.3,37.7,28.3,0.8,0.888,7.7,9.0,4.0,13.0,6.0,3.0,8.268324257718225,691.61,216.76,26.0,21.0,5.0,0.0,0.23809523809523808,0.907,1.002,0.724,0.914,0.846,0.998,,,,,,,Mike Riley,26.75,22.75,4.0,12.0,4.0,3.0,0.75
2017,Nebraska,Big Ten,2.5,25.6,23.7,0.6,0.822,3.7,4.0,8.0,12.0,3.0,6.0,3.4282275742906356,693.46,224.33,23.0,21.0,6.0,0.0,0.2857142857142857,0.19,0.052,-0.132,0.328,0.241,0.017,,,,,,,Mike Riley,25.75,36.416666666666664,-10.666666666666666,12.0,5.0,2.0,0.4
2018,Nebraska,Big Ten,5.4,32.7,26.9,-0.4,0.868,6.7,4.0,8.0,12.0,3.0,6.0,6.759835453297326,711.22,227.95,23.0,20.0,6.0,0.0,0.3,0.438,0.037,-0.483,0.651,0.483,0.002,,,,,,,Scott Frost,30.0,31.25,-1.25,12.0,6.0,1.0,0.16666666666666666
2019,Nebraska,Big Ten,2.6,32.2,27.4,-2.2,,,5.0,7.0,12.0,3.0,6.0,6.190252922337,729.47,245.1,18.0,25.0,8.0,0.0,0.32,0.704,1.0,0.581,0.653,0.703,1.0,,,,,,,Scott Frost,28.0,27.75,0.25,12.0,6.0,2.0,0.3333333333333333
2020,Nebraska,Big Ten,7.7,33.7,25.9,,,,3.0,5.0,8.0,3.0,5.0,3.451845469170139,733.39,240.27,20.0,23.0,9.0,0.0,0.391304347826087,0.624,0.885,0.76,0.433,0.729,0.817,,,,,,,Scott Frost,23.125,29.375,-6.25,8.0,4.0,2.0,0.5
2021,Nebraska,Big Ten,10.3,34.1,21.3,,,,3.0,9.0,12.0,1.0,8.0,7.5559865777578334,743.7,216.5,20.0,20.0,4.0,0.0,0.2,0.611,0.842,0.657,0.461,0.499,0.675,5.0,18.0,-13.0,4.18,11.6,-7.42,Scott Frost,27.916666666666668,22.666666666666668,5.25,12.0,7.0,0.0,0.0
2022,Nebraska,Big Ten,-1.2,25.5,25.6,-1.2,,,4.0,8.0,12.0,3.0,6.0,5.026819285649255,752.12,198.64,41.0,17.0,2.0,0.0,0.11764705882352941,0.496,0.537,0.377,0.509,0.556,0.49,15.0,20.0,-5.0,12.879999999999999,13.219999999999997,-0.3399999999999981,Scott Frost,22.583333333333332,27.583333333333332,-5.0,12.0,7.0,2.0,0.2857142857142857
2023,Nebraska,Big Ten,0.3,15.6,13.9,-1.4,,,5.0,7.0,12.0,3.0,6.0,8.114665478272558,765.2,224.12,25.0,32.0,4.0,0.0,0.125,0.14,-0.063,0.179,0.249,0.403,0.142,13.0,28.0,-15.0,10.07,18.810000000000002,-8.740000000000002,Matt Rhule,18.0,18.25,-0.25,12.0,5.0,0.0,0.0
2024,Nebraska,Big Ten,5.5,23.1,15.8,-1.8,,,7.0,6.0,13.0,3.0,6.0,8.110988385540308,790.42,247.5,18.0,37.0,8.0,1.0,0.21621621621621623,0.625,0.543,0.572,0.692,0.589,0.632,8.0,10.0,-2.0,6.2,8.17,-1.9699999999999998,Matt Rhule,23.833333333333332,19.833333333333332,4.0,12.0,5.0,1.0,0.2
2025,Nebraska,Big Ten,6.2,28.8,22.7,0.1,,,7.0,6.0,13.0,4.0,5.0,5.656969394534826,821.39,237.53,22.0,20.0,12.0,0.0,0.6,0.472,0.843,0.519,0.295,0.651,0.991,15.0,40.0,-25.0,13.09,26.320000000000004,-13.230000000000004,Matt Rhule,29.25,23.0,6.25,12.0,6.0,4.0,0.6666666666666666
2026,Nebraska,Big Ten,9.3,30.0,20.7,0.1,,,0.0,0.0,0.0,0.0,0.0,0.0,787.45,182.28,88.0,12.0,3.0,0.0,0.25,0.463,0.052,0.295,0.741,0.392,0.307,17.0,19.0,-2.0,14.439999999999994,12.899999999999997,1.5399999999999974,Matt Rhule,,,,,,,
2004,Nevada,Mountain West,-19.0,30.5,44.0,,,,5.0,7.0,12.0,3.0,5.0,,,81.94,91.0,11.0,0.0,0.0,0.0,,,,,,,,,,,,,Chris Ault,29.666666666666668,34.416666666666664,-4.75,12.0,1.0,1.0,1.0
2005,Nevada,Mountain West,-6.5,28.4,34.9,,0.967,6.7,9.0,3.0,12.0,7.0,1.0,,,83.33,92.0,16.0,0.0,0.0,0.0,,,,,,,,,,,,,Chris Ault,32.81818181818182,30.454545454545453,2.3636363636363638,11.0,3.0,3.0,1.0
2006,Nevada,Mountain West,0.9,25.4,23.8,-0.8,0.924,8.3,8.0,5.0,13.0,5.0,3.0,,,86.13,99.0,18.0,0.0,0.0,0.0,,,,,,,,,,,,,Chris Ault,30.916666666666668,19.0,11.916666666666666,12.0,1.0,0.0,0.0
2007,Nevada,Mountain West,-4.2,31.5,35.3,-0.4,0.953,7.7,6.0,7.0,13.0,4.0,4.0,,,89.62,99.0,15.0,0.0,0.0,0.0,,,,,,,,,,,,,Chris Ault,36.25,32.916666666666664,3.3333333333333335,12.0,7.0,3.0,0.42857142857142855
2008,Nevada,Mountain West,0.9,34.0,33.0,0.0,0.934,8.6,7.0,6.0,13.0,5.0,3.0,,,113.23,93.0,19.0,0.0,0.0,0.0,,,,,,,,,,,,,Chris Ault,37.833333333333336,31.5,6.333333333333333,12.0,4.0,1.0,0.25
2009,Nevada,Mountain West,0.5,35.6,34.3,-0.7,0.94,8.1,8.0,5.0,13.0,7.0,1.0,,,120.06,99.0,15.0,0.0,0.0,0.0,,,,,,,,,,,,,Chris Ault,40.583333333333336,27.166666666666668,13.416666666666666,12.0,1.0,1.0,1.0
2010,Nevada,Mountain West,10.8,37.6,26.5,-0.3,0.92,11.2,13.0,1.0,14.0,7.0,1.0,10.058949677120557,,144.64,91.0,18.0,0.0,0.0,0.0,,,,,,,,,,,,,Chris Ault,42.61538461538461,22.076923076923077,20.53846153846154,13.0,3.0,2.0,0.6666666666666666
2011,Nevada,Mountain West,-0.4,30.4,28.7,-2.0,0.912,8.3,7.0,6.0,13.0,5.0,2.0,7.5052422837178625,,50.28,115.0,15.0,0.0,0.0,0.0,,,,,,,,,,,,,Chris Ault,32.916666666666664,25.25,7.666666666666667,12.0,5.0,2.0,0.4
2012,Nevada,Mountain West,-2.0,36.4,37.7,-0.7,0.955,8.2,7.0,6.0,13.0,4.0,4.0,7.347781987022994,,135.19,77.0,15.0,0.0,0.0,0.0,,,,,,,,,,,,,Chris Ault,37.0,32.5,4.5,12.0,7.0,4.0,0.5714285714285714
2013,Nevada,Mountain West,-16.8,25.7,42.6,0.0,0.89,3.3,4.0,8.0,12.0,3.0,5.0,4.573234429304111,,124.94,88.0,13.0,0.0,0.0,0.0,,,,,,,,,,,,,Brian Polian,26.916666666666668,34.416666666666664,-7.5,12.0,4.0,1.0,0.25
2014,Nevada,Mountain West,-7.3,26.7,33.7,-0.3,0.951,4.3,7.0,6.0,13.0,4.0,4.0,5.378244198518089,,126.15,81.0,23.0,0.0,0.0,0.0,0.642,1.015,-1.658,0.33,0.777,0.995,,,,,,,Brian Polian,31.333333333333332,28.166666666666668,3.1666666666666665,12.0,5.0,1.0,0.2
2015,Nevada,Mountain West,-7.1,26.9,32.6,-1.3,0.955,5.9,7.0,6.0,13.0,5.0,4.0,6.2445311579029585,380.53,122.5,98.0,13.0,0.0,0.0,0.0,0.472,0.087,0.251,0.768,0.442,0.005,,,,,,,Brian Polian,26.083333333333332,27.166666666666668,-1.0833333333333333,12.0,5.0,2.0,0.4
2016,Nevada,Mountain West,-13.0,26.2,37.9,-1.3,0.959,4.8,5.0,7.0,12.0,3.0,5.0,4.361788018840652,389.56,118.76,105.0,19.0,0.0,0.0,0.0,0.908,0.964,0.823,0.932,0.789,0.997,,,,,,,Brian Polian,25.416666666666668,29.0,-3.5833333333333335,12.0,4.0,3.0,0.75
2017,Nevada,Mountain West,-16.4,25.6,41.1,-0.9,0.941,3.8,3.0,9.0,12.0,3.0,5.0,4.517061692106706,341.11,125.03,95.0,19.0,0.0,0.0,0.0,0.473,0.489,0.128,0.614,0.382,0.43,,,,,,,Jay Norvell,28.166666666666668,33.916666666666664,-5.75,12.0,4.0,1.0,0.25
2018,Nevada,Mountain West,-0.5,27.5,28.0,0.1,0.94,6.5,8.0,5.0,13.0,5.0,3.0,6.464089107881505,432.4,155.96,82.0,31.0,0.0,0.0,0.0,0.811,1.096,0.982,0.634,0.853,0.934,,,,,,,Jay Norvell,32.333333333333336,28.083333333333332,4.25,12.0,5.0,3.0,0.6
2019,Nevada,Mountain West,-12.3,19.4,31.9,0.3,,,7.0,6.0,13.0,4.0,4.0,6.273435813296098,461.96,145.27,93.0,19.0,0.0,0.0,0.0,0.532,0.0,0.915,0.739,0.548,0.108,,,,,,,Jay Norvell,21.333333333333332,32.083333333333336,-10.75,12.0,6.0,5.0,0.8333333333333334
2020,Nevada,Mountain West,1.9,27.5,25.6,,,,7.0,2.0,9.0,6.0,2.0,5.0230499509391935,400.84,132.46,119.0,20.0,0.0,0.0,0.0,0.748,0.883,0.665,0.723,0.706,0.757,,,,,,,Jay Norvell,29.875,22.875,7.0,8.0,4.0,3.0,0.75
2021,Nevada,Mountain West,3.6,30.3,26.9,,,,8.0,5.0,13.0,5.0,3.0,6.477627400614138,421.64,146.32,86.0,22.0,0.0,0.0,0.0,0.982,1.0,1.0,0.965,0.995,1.0,6.0,12.0,-6.0,3.2,5.6,-2.3999999999999995,Jay Norvell,36.666666666666664,24.416666666666668,12.25,12.0,5.0,2.0,0.4
2022,Nevada,Mountain West,-22.4,15.9,37.8,-0.5,,,2.0,10.0,12.0,0.0,8.0,3.0488197584211427,416.44,108.19,115.0,14.0,0.0,0.0,0.0,0.074,0.0,0.988,0.049,0.287,0.085,16.0,19.0,-3.0,6.6899999999999995,11.43,-4.74,Ken Wilson,18.833333333333332,30.916666666666668,-12.083333333333334,12.0,3.0,0.0,0.0
2023,Nevada,Mountain West,-22.0,14.6,37.0,0.4,,,2.0,10.0,12.0,2.0,6.0,2.532588155921476,470.32,126.82,107.0,15.0,0.0,0.0,0.0,0.225,-0.03,-0.185,0.501,0.333,0.425,13.0,13.0,0.0,7.749999999999999,7.180000000000001,0.5699999999999985,Ken Wilson,17.333333333333332,33.416666666666664,-16.083333333333332,12.0,2.0,1.0,0.5
2024,Nevada,Mountain West,-15.2,21.0,34.2,-2.0,,,3.0,10.0,13.0,0.0,7.0,5.588096540035893,525.22,113.08,127.0,17.0,0.0,0.0,0.0,0.493,0.874,1.43,0.061,0.682,0.922,22.0,23.0,-1.0,15.240000000000004,12.549999999999997,2.6900000000000066,Jeff Choate,23.076923076923077,28.76923076923077,-5.6923076923076925,13.0,8.0,2.0,0.25
2025,Nevada,Mountain West,-13.4,14.2,28.7,1.0,,,3.0,9.0,12.0,2.0,6.0,3.669079319573939,488.69,159.31,88.0,29.0,0.0,0.0,0.0,0.218,0.169,-0.015,0.333,0.178,0.135,20.0,31.0,-11.0,12.410000000000002,19.62,-7.209999999999999,Jeff Choate,17.583333333333332,27.5,-9.916666666666666,12.0,5.0,2.0,0.4
2026,Nevada,Mountain West,-11.7,17.6,29.7,0.4,,,0.0,0.0,0.0,0.0,0.0,0.0,549.99,177.11,98.0,24.0,0.0,0.0,0.0,0.355,-1.3,-0.118,0.412,0.444,0.706,14.0,21.0,-7.0,6.409999999999999,11.389999999999997,-4.979999999999998,Jeff Choate,,,,,,,
2004,New Mexico,Mountain West,5.4,25.6,21.0,,,,7.0,5.0,12.0,5.0,4.0,,,83.14,88.0,14.0,0.0,0.0,0.0,,,,,,,,,,,,,Rocky Long,20.454545454545453,17.272727272727273,3.1818181818181817,11.0,6.0,4.0,0.6666666666666666
2005,New Mexico,Mountain West,0.2,28.0,27.8,,0.958,5.4,6.0,5.0,11.0,4.0,4.0,,,91.3,87.0,11.0,0.0,0.0,0.0,,,,,,,,,,,,,Rocky Long,29.636363636363637,29.727272727272727,-0.09090909090909091,11.0,4.0,3.0,0.75
2006,New Mexico,Mountain West,-0.5,19.8,21.5,1.2,0.911,5.7,6.0,7.0,13.0,4.0,4.0,,,121.96,68.0,16.0,0.0,0.0,0.0,,,,,,,,,,,,,Rocky Long,22.666666666666668,24.333333333333332,-1.6666666666666667,12.0,6.0,4.0,0.6666666666666666
2007,New Mexico,Mountain West,4.4,22.5,19.4,1.4,0.946,7.5,9.0,4.0,13.0,6.0,3.0,,,103.98,95.0,15.0,0.0,0.0,0.0,,,,,,,,,,,,,Rocky Long,24.833333333333332,20.583333333333332,4.25,12.0,6.0,4.0,0.6666666666666666
2008,New Mexico,Mountain West,-2.0,18.2,20.2,0.0,0.937,5.4,4.0,8.0,12.0,3.0,6.0,,,109.8,96.0,16.0,0.0,0.0,0.0,,,,,,,,,,,,,Rocky Long,21.083333333333332,22.75,-1.6666666666666667,12.0,3.0,0.0,0.0
2009,New Mexico,Mountain West,-19.1,16.4,33.8,-1.7,0.879,1.9,1.0,11.0,12.0,1.0,7.0,,,95.54,106.0,16.0,0.0,0.0,0.0,,,,,,,,,,,,,Mike Locksley,16.333333333333332,35.916666666666664,-19.583333333333332,12.0,4.0,1.0,0.25
2010,New Mexico,Mountain West,-24.8,14.1,38.6,-0.3,0.876,1.1,1.0,11.0,12.0,1.0,8.0,3.2702150140489117,,157.08,79.0,18.0,1.0,0.0,0.05555555555555555,,,,,,,,,,,,,Mike Locksley,15.833333333333334,44.333333333333336,-28.5,12.0,2.0,1.0,0.5
2011,New Mexico,Mountain West,-27.9,16.9,41.9,-2.9,0.913,1.7,1.0,11.0,12.0,1.0,6.0,4.198765192843388,,57.85,105.0,16.0,0.0,0.0,0.0,,,,,,,,,,,,,George Barlow,12.0,41.666666666666664,-29.666666666666668,12.0,3.0,1.0,0.3333333333333333
2012,New Mexico,Mountain West,-13.4,26.6,39.8,-0.2,0.936,4.4,4.0,9.0,13.0,1.0,7.0,4.034036167254575,,113.27,95.0,20.0,0.0,0.0,0.0,,,,,,,,,,,,,Bob Davie,25.76923076923077,30.23076923076923,-4.461538461538462,13.0,5.0,0.0,0.0
2013,New Mexico,Mountain West,-14.9,30.9,45.9,0.1,0.962,3.7,3.0,9.0,12.0,1.0,7.0,5.339549358631178,,122.45,93.0,19.0,0.0,0.0,0.0,,,,,,,,,,,,,Bob Davie,32.75,42.75,-10.0,12.0,3.0,1.0,0.3333333333333333
2014,New Mexico,Mountain West,-15.0,28.4,42.4,-1.0,0.95,3.5,4.0,8.0,12.0,2.0,6.0,2.9133805447275485,,112.56,93.0,14.0,0.0,0.0,0.0,0.826,1.07,0.758,0.82,0.727,0.939,,,,,,,Bob Davie,27.666666666666668,35.916666666666664,-8.25,12.0,6.0,3.0,0.5
2015,New Mexico,Mountain West,-8.7,24.9,34.8,1.3,0.949,4.9,7.0,6.0,13.0,5.0,3.0,4.5626959039910355,341.72,110.03,116.0,13.0,0.0,0.0,0.0,0.809,1.246,0.906,0.525,0.847,0.925,,,,,,,Bob Davie,29.333333333333332,27.0,2.3333333333333335,12.0,4.0,3.0,0.75
2016,New Mexico,Mountain West,-5.1,32.2,38.6,1.3,0.971,7.3,9.0,4.0,13.0,6.0,2.0,7.21690567816987,387.26,141.76,83.0,18.0,0.0,0.0,0.0,0.712,1.045,0.722,0.567,0.758,0.992,,,,,,,Bob Davie,37.833333333333336,32.416666666666664,5.416666666666667,12.0,5.0,4.0,0.8
2017,New Mexico,Mountain West,-12.4,20.8,34.2,0.9,0.954,4.6,3.0,9.0,12.0,1.0,7.0,4.701592308191048,344.64,109.85,118.0,7.0,0.0,0.0,0.0,0.56,0.541,0.539,0.614,0.615,0.429,,,,,,,Bob Davie,20.666666666666668,31.833333333333332,-11.166666666666666,12.0,4.0,1.0,0.25
2018,New Mexico,Mountain West,-9.5,23.8,35.7,2.4,0.917,4.0,3.0,9.0,12.0,1.0,7.0,3.814583455689194,411.95,110.31,124.0,10.0,0.0,0.0,0.0,0.785,-90.0,0.64,0.774,0.526,0.586,,,,,,,Bob Davie,26.583333333333332,36.166666666666664,-9.583333333333334,12.0,1.0,0.0,0.0
2019,New Mexico,Mountain West,-17.0,20.6,39.2,1.6,,,2.0,10.0,12.0,0.0,8.0,1.9493396153657694,401.9,126.28,119.0,9.0,0.0,0.0,0.0,0.793,1.251,1.551,0.53,0.589,0.78,,,,,,,Bob Davie,22.25,37.166666666666664,-14.916666666666666,12.0,2.0,1.0,0.5
2020,New Mexico,Mountain West,-15.0,24.4,39.3,,,,2.0,5.0,7.0,2.0,5.0,2.3399475454736787,340.16,142.34,106.0,22.0,0.0,0.0,0.0,0.626,0.768,0.619,0.596,0.71,0.771,,,,,,,Danny Gonzales,23.857142857142858,32.57142857142857,-8.714285714285714,7.0,3.0,1.0,0.3333333333333333
2021,New Mexico,Mountain West,-18.6,11.6,29.8,,,,3.0,9.0,12.0,1.0,7.0,3.283273551819061,360.77,140.75,94.0,24.0,0.0,0.0,0.0,0.891,1.0,0.939,0.834,0.834,1.0,4.0,14.0,-10.0,2.6,5.999999999999999,-3.399999999999999,Danny Gonzales,12.166666666666666,28.416666666666668,-16.25,12.0,1.0,0.0,0.0
2022,New Mexico,Mountain West,-26.9,6.0,31.9,-1.0,,,2.0,10.0,12.0,0.0,8.0,2.444179443020334,312.79,124.26,99.0,19.0,0.0,0.0,0.0,0.312,-10.917,1.449,0.639,0.344,0.324,7.0,12.0,-5.0,3.44,7.210000000000001,-3.770000000000001,Danny Gonzales,13.083333333333334,26.0,-12.916666666666666,12.0,0.0,0.0,
2023,New Mexico,Mountain West,-16.5,22.5,37.2,-1.8,,,4.0,8.0,12.0,2.0,6.0,4.316747674741911,375.35,72.37,128.0,14.0,0.0,0.0,0.0,0.305,0.726,0.419,0.436,0.395,0.246,14.0,17.0,-3.0,8.45,10.319999999999999,-1.8699999999999992,Danny Gonzales,27.25,35.083333333333336,-7.833333333333333,12.0,2.0,1.0,0.5
2024,New Mexico,Mountain West,-14.8,27.6,40.5,-1.9,,,5.0,7.0,12.0,3.0,4.0,4.052849294625585,464.59,10.22,201.0,5.0,0.0,0.0,0.0,0.349,0.219,0.381,0.422,0.261,0.182,28.0,26.0,2.0,20.619999999999997,17.790000000000003,2.8299999999999947,Bronco Mendenhall,33.5,38.0,-4.5,12.0,5.0,3.0,0.6
2025,New Mexico,Mountain West,0.9,25.4,26.1,1.6,,,9.0,4.0,13.0,6.0,2.0,7.452963917516172,378.8,10.33,194.0,18.0,0.0,0.0,0.0,0.028,0.0,0.0,0.061,0.009,0.0,35.0,36.0,-1.0,24.070000000000004,18.62,5.450000000000003,Jason Eck,27.916666666666668,22.5,5.416666666666667,12.0,5.0,4.0,0.8
2026,New Mexico,Mountain West,0.0,25.6,26.1,0.6,,,0.0,0.0,0.0,0.0,0.0,0.0,568.19,182.61,87.0,26.0,0.0,0.0,0.0,0.582,0.74,0.714,0.432,0.573,0.968,14.0,14.0,0.0,9.349999999999998,6.369999999999999,2.9799999999999986,Jason Eck,,,,,,,
2004,New Mexico State,Conference USA,-4.4,33.0,36.5,,,,5.0,6.0,11.0,3.0,2.0,,,76.58,99.0,11.0,0.0,0.0,0.0,,,,,,,,,,,,,Tony Samuel,24.818181818181817,32.27272727272727,-7.454545454545454,11.0,2.0,2.0,1.0
2005,New Mexico State,Conference USA,-29.2,12.8,42.0,,0.944,0.7,0.0,12.0,12.0,0.0,8.0,,,19.8,117.0,18.0,0.0,0.0,0.0,,,,,,,,,,,,,Hal Mumme,16.5,38.75,-22.25,12.0,2.0,0.0,0.0
2006,New Mexico State,Conference USA,-10.2,26.6,35.7,-1.2,0.946,6.3,4.0,8.0,12.0,2.0,6.0,,,63.94,107.0,11.0,0.0,0.0,0.0,,,,,,,,,,,,,Hal Mumme,31.166666666666668,30.75,0.4166666666666667,12.0,3.0,0.0,0.0
2007,New Mexico State,Conference USA,-18.7,24.2,40.4,-2.5,0.939,5.1,4.0,9.0,13.0,1.0,7.0,,,82.22,104.0,15.0,0.0,0.0,0.0,,,,,,,,,,,,,Hal Mumme,24.0,36.23076923076923,-12.23076923076923,13.0,5.0,2.0,0.4
2008,New Mexico State,Conference USA,-21.7,17.1,36.9,-1.9,0.959,4.5,3.0,9.0,12.0,1.0,7.0,,,92.38,103.0,9.0,0.0,0.0,0.0,,,,,,,,,,,,,Hal Mumme,22.166666666666668,34.083333333333336,-11.916666666666666,12.0,5.0,2.0,0.4
2009,New Mexico State,Conference USA,-28.5,6.2,33.0,-1.6,0.937,1.9,3.0,10.0,13.0,1.0,7.0,,,91.92,107.0,8.0,0.0,0.0,0.0,,,,,,,,,,,,,DeWayne Walker,11.461538461538462,31.615384615384617,-20.153846153846153,13.0,4.0,3.0,0.75
2010,New Mexico State,Conference USA,-29.4,10.1,40.1,0.5,0.914,0.6,2.0,10.0,12.0,1.0,7.0,2.830141804143828,,132.06,104.0,10.0,0.0,0.0,0.0,,,,,,,,,,,,,DeWayne Walker,15.666666666666666,39.5,-23.833333333333332,12.0,3.0,2.0,0.6666666666666666
2011,New Mexico State,Conference USA,-18.7,23.3,39.4,-2.5,0.946,4.5,4.0,9.0,13.0,2.0,5.0,5.566561902663238,,30.13,121.0,12.0,0.0,0.0,0.0,,,,,,,,,,,,,DeWayne Walker,24.53846153846154,36.76923076923077,-12.23076923076923,13.0,5.0,3.0,0.6
2012,New Mexico State,Conference USA,-33.3,14.5,46.1,-1.7,0.958,2.0,1.0,11.0,12.0,0.0,6.0,4.0327270926746355,,120.43,88.0,9.0,1.0,0.0,0.1111111111111111,,,,,,,,,,,,,DeWayne Walker,18.666666666666668,39.416666666666664,-20.75,12.0,0.0,0.0,
2013,New Mexico State,Conference USA,-35.1,17.7,52.4,-0.4,0.954,1.4,2.0,10.0,12.0,0.0,0.0,4.366936746973682,,92.08,120.0,15.0,0.0,0.0,0.0,,,,,,,,,,,,,Doug Martin,20.916666666666668,44.583333333333336,-23.666666666666668,12.0,1.0,1.0,1.0
2014,New Mexico State,Conference USA,-23.3,23.0,43.3,-2.9,0.96,2.7,2.0,10.0,12.0,1.0,7.0,1.8590269807243176,,86.79,122.0,25.0,0.0,0.0,0.0,0.479,-0.049,1.815,0.778,0.351,0.008,,,,,,,Doug Martin,24.5,39.083333333333336,-14.583333333333334,12.0,2.0,1.0,0.5
2015,New Mexico State,Conference USA,-18.6,24.5,42.2,-0.9,0.923,3.7,3.0,9.0,12.0,3.0,5.0,3.846638287838924,251.16,87.78,125.0,22.0,0.0,0.0,0.0,0.782,1.0,1.303,0.625,0.836,1.0,,,,,,,Doug Martin,28.583333333333332,45.0,-16.416666666666668,12.0,5.0,2.0,0.4
2016,New Mexico State,Conference USA,-17.2,23.2,39.5,-0.8,0.957,3.1,3.0,9.0,12.0,2.0,6.0,2.9092329534064927,267.66,94.49,128.0,16.0,0.0,0.0,0.0,0.433,0.385,0.816,0.161,0.574,0.519,,,,,,,Doug Martin,24.833333333333332,38.833333333333336,-14.0,12.0,4.0,2.0,0.5
2017,New Mexico State,Conference USA,-9.4,24.5,32.6,-1.3,0.972,7.1,7.0,6.0,13.0,4.0,4.0,6.527461656692979,233.47,94.57,129.0,10.0,0.0,0.0,0.0,0.773,0.613,0.718,0.836,0.835,0.991,,,,,,,Doug Martin,29.583333333333332,30.5,-0.9166666666666666,12.0,5.0,3.0,0.6
2018,New Mexico State,Conference USA,-20.2,19.2,38.0,-1.4,0.959,2.6,3.0,9.0,12.0,0.0,0.0,2.305667007845964,249.32,109.3,125.0,16.0,0.0,0.0,0.0,0.312,0.028,0.451,0.425,0.287,0.116,,,,,,,Doug Martin,25.25,41.333333333333336,-16.083333333333332,12.0,3.0,1.0,0.3333333333333333
2019,New Mexico State,Conference USA,-22.0,19.0,40.3,-0.6,,,2.0,10.0,12.0,0.0,0.0,3.0965427380825505,269.79,125.55,120.0,13.0,0.0,0.0,0.0,0.702,1.09,0.974,0.535,0.857,0.976,,,,,,,Doug Martin,21.666666666666668,41.0,-19.333333333333332,12.0,2.0,0.0,0.0
2020,New Mexico State,Conference USA,-31.5,12.2,43.8,,,,1.0,1.0,2.0,0.0,0.0,0.0010691084399867515,143.36,108.54,132.0,9.0,0.0,0.0,0.0,0.236,0.151,0.022,0.334,0.094,0.002,,,,,,,Doug Martin,,,,,,,
2021,New Mexico State,Conference USA,-24.2,20.6,43.7,,,,2.0,10.0,12.0,0.0,0.0,2.130589144074481,117.43,126.9,114.0,13.0,0.0,0.0,0.0,1.7,1.0,0.519,1.2,0.923,1.0,1.0,10.0,-9.0,0.8,5.0,-4.2,Doug Martin,22.583333333333332,40.416666666666664,-17.833333333333332,12.0,1.0,0.0,0.0
2022,New Mexico State,Conference USA,-15.4,12.0,26.0,-1.4,,,7.0,6.0,13.0,2.0,0.0,7.289065248229595,189.37,117.0,108.0,22.0,0.0,0.0,0.0,0.258,0.296,-0.053,0.312,0.287,0.153,9.0,16.0,-7.0,6.64,10.71,-4.070000000000001,Jerry Kill,25.583333333333332,24.333333333333332,1.25,12.0,1.0,0.0,0.0
2023,New Mexico State,Conference USA,-1.8,23.3,25.8,0.7,,,10.0,5.0,15.0,7.0,2.0,10.336405910005048,378.99,116.57,113.0,20.0,0.0,0.0,0.0,0.843,0.958,0.969,0.746,0.946,0.993,7.0,7.0,0.0,4.0,2.81,1.19,Jerry Kill,28.714285714285715,21.785714285714285,6.928571428571429,14.0,4.0,3.0,0.75
2024,New Mexico State,Conference USA,-19.0,17.8,38.1,1.3,,,3.0,9.0,12.0,2.0,6.0,4.6415016944541065,370.2,67.75,134.0,7.0,0.0,0.0,0.0,0.137,0.0,0.278,0.148,0.099,0.0,13.0,40.0,-27.0,8.68,25.919999999999995,-17.239999999999995,Tony Sanchez,21.583333333333332,36.25,-14.666666666666666,12.0,4.0,2.0,0.5
2025,New Mexico State,Conference USA,-15.5,19.7,34.9,-0.3,,,4.0,8.0,12.0,2.0,6.0,4.784720063209534,402.9,97.17,126.0,10.0,0.0,0.0,0.0,0.555,-26.167,0.336,0.541,0.339,0.499,21.0,33.0,-12.0,13.110000000000001,20.110000000000003,-7.000000000000002,Tony Sanchez,21.583333333333332,27.583333333333332,-6.0,12.0,6.0,2.0,0.3333333333333333
2026,New Mexico State,Conference USA,-18.5,15.9,34.4,-0.1,,,0.0,0.0,0.0,0.0,0.0,0.0,460.38,129.05,136.0,6.0,0.0,0.0,0.0,0.244,0.401,0.807,0.303,0.301,0.227,25.0,24.0,1.0,17.4,12.939999999999996,4.460000000000003,Tony Sanchez,,,,,,,
2004,North Carolina,ACC,12.8,39.6,28.7,,,,6.0,6.0,12.0,6.0,5.0,,,185.1,28.0,5.0,1.0,0.0,0.2,,,,,,,,,,,,,John Bunting,26.818181818181817,31.363636363636363,-4.545454545454546,11.0,4.0,3.0,0.75
2005,North Carolina,ACC,-3.5,19.9,23.4,,0.836,3.5,5.0,6.0,11.0,4.0,4.0,,,153.2,49.0,10.0,0.0,0.0,0.0,,,,,,,,,,,,,John Bunting,18.0,26.181818181818183,-8.181818181818182,11.0,6.0,4.0,0.6666666666666666
2006,North Carolina,ACC,-6.2,19.8,27.3,1.2,0.856,3.6,3.0,9.0,12.0,2.0,6.0,,,197.92,26.0,13.0,2.0,0.0,0.15384615384615385,,,,,,,,,,,,,John Bunting,18.0,30.5,-12.5,12.0,5.0,2.0,0.4
2007,North Carolina,ACC,1.9,23.6,23.3,1.6,0.9,5.8,4.0,8.0,12.0,3.0,5.0,,,244.08,10.0,13.0,7.0,2.0,0.5384615384615384,,,,,,,,,,,,,Butch Davis,21.166666666666668,24.5,-3.3333333333333335,12.0,9.0,3.0,0.3333333333333333
2008,North Carolina,ACC,10.2,27.1,17.5,0.6,0.95,8.9,8.0,5.0,13.0,4.0,4.0,,,205.05,30.0,10.0,5.0,0.0,0.5,,,,,,,,,,,,,Butch Davis,27.5,20.333333333333332,7.166666666666667,12.0,5.0,2.0,0.4
2009,North Carolina,ACC,8.5,22.5,14.5,0.6,0.863,7.2,8.0,5.0,13.0,4.0,4.0,,,258.85,12.0,20.0,11.0,1.0,0.55,,,,,,,,,,,,,Butch Davis,24.333333333333332,16.916666666666668,7.416666666666667,12.0,4.0,2.0,0.5
2010,North Carolina,ACC,7.7,30.9,22.2,-1.0,0.859,8.8,8.0,5.0,13.0,4.0,4.0,7.677287291763174,,224.64,23.0,13.0,5.0,0.0,0.38461538461538464,,,,,,,,,,,,,Butch Davis,24.916666666666668,22.916666666666668,2.0,12.0,8.0,5.0,0.625
2011,North Carolina,ACC,6.4,32.9,25.2,-1.2,0.918,8.5,7.0,6.0,13.0,3.0,5.0,7.44281798289687,,230.93,18.0,15.0,6.0,0.0,0.4,,,,,,,,,,,,,Everett Withers,28.333333333333332,23.5,4.833333333333333,12.0,5.0,2.0,0.4
2012,North Carolina,ACC,14.1,39.7,26.6,0.9,0.949,8.5,8.0,4.0,12.0,5.0,3.0,8.373998965756751,,199.55,41.0,21.0,2.0,0.0,0.09523809523809523,,,,,,,,,,,,,Larry Fedora,40.583333333333336,25.666666666666668,14.916666666666666,12.0,5.0,2.0,0.4
2013,North Carolina,ACC,13.7,34.2,21.4,1.0,0.909,8.2,7.0,6.0,13.0,4.0,4.0,8.417835628007238,,206.42,28.0,10.0,5.0,0.0,0.5,,,,,,,,,,,,,Larry Fedora,32.166666666666664,25.083333333333332,7.083333333333333,12.0,3.0,1.0,0.3333333333333333
2014,North Carolina,ACC,0.0,35.8,35.1,-0.7,0.89,4.1,6.0,7.0,13.0,4.0,4.0,4.76074278032586,,213.58,30.0,15.0,3.0,0.0,0.2,0.492,0.425,0.651,0.52,0.628,0.481,,,,,,,Larry Fedora,34.25,38.916666666666664,-4.666666666666667,12.0,5.0,4.0,0.8
2015,North Carolina,ACC,20.0,43.3,25.3,2.0,0.875,11.7,11.0,3.0,14.0,8.0,1.0,11.161382174003718,683.03,214.05,28.0,9.0,4.0,0.0,0.4444444444444444,0.885,0.958,1.0,0.803,0.95,0.998,,,,,,,Larry Fedora,40.92307692307692,22.615384615384617,18.307692307692307,13.0,4.0,3.0,0.75
2016,North Carolina,ACC,15.9,38.5,24.6,2.0,0.861,8.2,8.0,5.0,13.0,5.0,3.0,8.404458702132855,669.61,204.83,32.0,27.0,0.0,0.0,0.0,0.567,0.411,0.56,0.678,0.471,0.134,,,,,,,Larry Fedora,33.083333333333336,24.916666666666668,8.166666666666666,12.0,5.0,3.0,0.6
2017,North Carolina,ACC,4.3,29.3,25.9,0.9,0.862,3.9,3.0,9.0,12.0,1.0,7.0,4.0775058868421805,697.54,207.81,29.0,30.0,4.0,0.0,0.13333333333333333,0.156,0.081,-0.177,0.273,0.127,0.029,,,,,,,Larry Fedora,26.0,31.25,-5.25,12.0,4.0,1.0,0.25
2018,North Carolina,ACC,-2.5,29.9,31.9,-0.5,0.926,3.8,2.0,9.0,11.0,1.0,7.0,3.58799686381998,688.48,232.27,20.0,23.0,7.0,0.0,0.30434782608695654,0.824,1.0,0.832,0.754,0.831,0.814,,,,,,,Larry Fedora,27.363636363636363,34.54545454545455,-7.181818181818182,11.0,6.0,1.0,0.16666666666666666
2019,North Carolina,ACC,10.3,35.1,24.6,-0.3,,,7.0,6.0,13.0,4.0,4.0,8.2019003148636,697.75,218.57,30.0,23.0,4.0,0.0,0.17391304347826086,0.515,-0.421,0.863,0.649,0.423,0.05,,,,,,,Mack Brown,31.25,24.583333333333332,6.666666666666667,12.0,9.0,3.0,0.3333333333333333
2020,North Carolina,ACC,18.0,43.7,25.6,,,,8.0,4.0,12.0,7.0,3.0,8.585750031858597,740.19,246.65,19.0,29.0,10.0,1.0,0.3448275862068966,0.939,0.98,0.778,0.957,0.95,0.991,,,,,,,Mack Brown,43.0,28.363636363636363,14.636363636363637,11.0,4.0,2.0,0.5
2021,North Carolina,ACC,6.4,37.8,31.7,,,,6.0,7.0,13.0,4.0,6.0,5.815808068947602,798.29,253.91,14.0,24.0,13.0,1.0,0.5416666666666666,0.505,0.985,0.199,0.367,0.541,0.995,1.0,21.0,-20.0,0.91,12.040000000000001,-11.13,Mack Brown,36.416666666666664,31.583333333333332,4.833333333333333,12.0,5.0,2.0,0.4
2022,North Carolina,ACC,7.8,41.7,35.0,1.1,,,9.0,5.0,14.0,6.0,3.0,7.118315943121559,812.94,258.5,11.0,26.0,10.0,2.0,0.38461538461538464,0.447,0.26,0.21,0.723,0.356,0.09,5.0,16.0,-11.0,4.37,11.530000000000001,-7.160000000000001,Mack Brown,35.0,31.0,4.0,13.0,8.0,6.0,0.75
2023,North Carolina,ACC,7.4,34.4,27.8,0.8,,,8.0,5.0,13.0,4.0,4.0,6.94860987844693,805.63,219.35,30.0,22.0,6.0,0.0,0.2727272727272727,0.776,0.971,0.952,0.59,0.873,0.984,10.0,18.0,-8.0,7.92,13.309999999999999,-5.389999999999999,Mack Brown,36.583333333333336,27.083333333333332,9.5,12.0,4.0,2.0,0.5
2024,North Carolina,ACC,5.0,31.5,26.3,-0.2,,,6.0,7.0,13.0,3.0,5.0,5.988871290725752,794.99,228.83,26.0,31.0,6.0,0.0,0.1935483870967742,0.451,-0.01,0.497,0.713,0.454,0.088,10.0,23.0,-13.0,8.66,15.26,-6.6,Mack Brown,32.333333333333336,28.166666666666668,4.166666666666667,12.0,5.0,2.0,0.4
2025,North Carolina,ACC,-6.6,17.2,25.0,1.2,,,4.0,8.0,12.0,2.0,6.0,5.077797766774893,753.2,207.81,41.0,30.0,1.0,0.0,0.03333333333333333,0.159,-0.079,0.17,0.238,0.173,0.059,39.0,55.0,-16.0,31.280000000000005,32.690000000000005,-1.4100000000000001,Bill Belichick,19.25,24.5,-5.25,12.0,4.0,1.0,0.25
2026,North Carolina,ACC,3.5,24.3,21.2,0.4,,,0.0,0.0,0.0,0.0,0.0,0.0,767.89,247.7,19.0,40.0,12.0,0.0,0.3,0.278,0.095,0.536,0.328,0.316,0.027,19.0,31.0,-12.0,16.099999999999998,24.660000000000004,-8.560000000000006,Bill Belichick,,,,,,,
2026,North Dakota State,Mountain West,-1.8,24.1,25.9,0.0,,,0.0,0.0,0.0,0.0,0.0,0.0,515.59,166.58,117.0,21.0,0.0,0.0,0.0,,,,,,,3.0,7.0,-4.0,1.25,5.1499999999999995,-3.8999999999999995,Tim Polasek,,,,,,,
2004,North Texas,American Athletic,-12.0,29.2,38.2,,,,7.0,5.0,12.0,7.0,0.0,,,85.46,85.0,15.0,0.0,0.0,0.0,,,,,,,,,,,,,Darrell Dickey,27.181818181818183,29.727272727272727,-2.5454545454545454,11.0,1.0,0.0,0.0
2005,North Texas,American Athletic,-29.2,9.6,38.9,,0.963,1.4,2.0,9.0,11.0,2.0,5.0,,,72.06,98.0,20.0,0.0,0.0,0.0,,,,,,,,,,,,,Darrell Dickey,14.272727272727273,31.454545454545453,-17.181818181818183,11.0,7.0,2.0,0.2857142857142857
2006,North Texas,American Athletic,-24.5,6.9,31.5,0.1,0.959,3.3,3.0,9.0,12.0,2.0,5.0,,,63.55,108.0,14.0,0.0,0.0,0.0,,,,,,,,,,,,,Darrell Dickey,12.833333333333334,25.333333333333332,-12.5,12.0,3.0,1.0,0.3333333333333333
2007,North Texas,American Athletic,-22.8,20.3,40.3,-2.9,0.931,4.5,2.0,10.0,12.0,1.0,6.0,,,105.48,92.0,16.0,0.0,0.0,0.0,,,,,,,,,,,,,Todd Dodge,24.833333333333332,45.083333333333336,-20.25,12.0,2.0,1.0,0.5
2008,North Texas,American Athletic,-30.9,18.9,48.9,-0.8,0.962,0.5,1.0,11.0,12.0,0.0,7.0,,,158.8,57.0,17.0,0.0,0.0,0.0,,,,,,,,,,,,,Todd Dodge,20.0,47.583333333333336,-27.583333333333332,12.0,1.0,0.0,0.0
2009,North Texas,American Athletic,-15.1,22.3,36.7,-0.7,0.947,6.3,2.0,10.0,12.0,1.0,7.0,,,116.92,100.0,13.0,0.0,0.0,0.0,,,,,,,,,,,,,Todd Dodge,26.583333333333332,35.583333333333336,-9.0,12.0,6.0,0.0,0.0
2010,North Texas,American Athletic,-15.6,20.7,36.2,0.0,0.973,5.4,3.0,9.0,12.0,3.0,5.0,3.745318395499245,,83.28,117.0,11.0,0.0,0.0,0.0,,,,,,,,,,,,,Mike Canales,23.916666666666668,29.666666666666668,-5.75,12.0,6.0,2.0,0.3333333333333333
2011,North Texas,American Athletic,-18.1,18.7,36.2,-0.5,0.929,4.6,5.0,7.0,12.0,4.0,4.0,4.203785760778176,,55.16,109.0,22.0,0.0,0.0,0.0,,,,,,,,,,,,,Dan McCarney,24.833333333333332,30.666666666666668,-5.833333333333333,12.0,2.0,2.0,1.0
2012,North Texas,American Athletic,-14.4,21.4,34.9,-0.9,0.93,4.5,4.0,8.0,12.0,3.0,5.0,3.61527591193482,,108.78,100.0,21.0,0.0,0.0,0.0,,,,,,,,,,,,,Dan McCarney,20.916666666666668,27.833333333333332,-6.916666666666667,12.0,4.0,2.0,0.5
2013,North Texas,American Athletic,1.0,25.1,23.1,-1.1,0.961,9.0,9.0,4.0,13.0,6.0,2.0,7.091197924932734,,93.6,119.0,13.0,0.0,0.0,0.0,,,,,,,,,,,,,Dan McCarney,31.5,18.083333333333332,13.416666666666666,12.0,3.0,1.0,0.3333333333333333
2014,North Texas,American Athletic,-9.4,20.2,31.2,1.7,0.975,4.2,4.0,8.0,12.0,2.0,6.0,3.198122878186273,,105.0,103.0,17.0,0.0,0.0,0.0,0.168,0.045,5.433,0.422,0.287,0.03,,,,,,,Dan McCarney,27.166666666666668,29.833333333333332,-2.6666666666666665,12.0,2.0,1.0,0.5
2015,North Texas,American Athletic,-25.0,13.3,39.2,0.8,0.924,1.0,1.0,11.0,12.0,1.0,7.0,1.0173563626978601,380.69,126.6,94.0,15.0,0.0,0.0,0.0,0.721,-2.464,0.479,0.954,0.64,0.747,,,,,,,Dan McCarney,15.166666666666666,41.25,-26.083333333333332,12.0,2.0,1.0,0.5
2016,North Texas,American Athletic,-14.6,22.0,37.5,0.8,0.95,5.1,5.0,8.0,13.0,3.0,5.0,4.977226655885201,351.58,122.36,102.0,10.0,0.0,0.0,0.0,0.135,-0.002,-0.112,0.121,0.133,0.002,,,,,,,Seth Littrell,24.25,32.166666666666664,-7.916666666666667,12.0,2.0,2.0,1.0
2017,North Texas,American Athletic,-4.5,28.6,34.3,1.2,0.964,8.5,9.0,5.0,14.0,7.0,2.0,7.661551513102466,303.13,111.16,115.0,16.0,0.0,0.0,0.0,0.387,0.521,0.634,0.294,0.477,0.607,,,,,,,Seth Littrell,35.92307692307692,33.84615384615385,2.076923076923077,13.0,5.0,5.0,1.0
2018,North Texas,American Athletic,2.1,29.2,29.5,2.4,0.981,9.8,9.0,4.0,13.0,5.0,3.0,9.202003403864124,368.58,127.14,101.0,19.0,0.0,0.0,0.0,0.74,0.982,0.279,0.767,0.801,0.998,,,,,,,Seth Littrell,36.416666666666664,21.833333333333332,14.583333333333334,12.0,5.0,3.0,0.6
2019,North Texas,American Athletic,-6.1,25.0,32.6,1.4,,,4.0,8.0,12.0,3.0,5.0,3.9995192594791464,457.24,158.78,75.0,22.0,0.0,0.0,0.0,0.84,1.041,0.931,0.704,0.86,0.957,,,,,,,Seth Littrell,30.583333333333332,32.5,-1.9166666666666667,12.0,5.0,1.0,0.2
2020,North Texas,American Athletic,-8.0,28.9,36.7,,,,4.0,6.0,10.0,3.0,4.0,4.158283019140345,415.68,164.56,68.0,20.0,0.0,0.0,0.0,0.493,0.029,-2.073,0.727,0.508,0.084,,,,,,,Seth Littrell,35.111111111111114,41.333333333333336,-6.222222222222222,9.0,1.0,1.0,1.0
2021,North Texas,American Athletic,-6.5,23.1,28.5,,,,6.0,7.0,13.0,5.0,3.0,6.808750906339384,496.31,153.89,80.0,18.0,0.0,0.0,0.0,0.499,0.568,0.611,0.399,0.517,0.505,11.0,19.0,-8.0,6.01,9.870000000000001,-3.860000000000001,Seth Littrell,28.583333333333332,27.5,1.0833333333333333,12.0,3.0,2.0,0.6666666666666666
2022,North Texas,American Athletic,-1.5,31.3,34.1,1.3,,,7.0,7.0,14.0,6.0,3.0,6.483344134746718,504.97,102.95,118.0,10.0,0.0,0.0,0.0,0.779,0.966,0.748,0.717,0.749,0.997,10.0,22.0,-12.0,7.020000000000001,13.949999999999998,-6.929999999999996,Phil Bennett,33.92307692307692,31.46153846153846,2.4615384615384617,13.0,2.0,1.0,0.5
2023,North Texas,American Athletic,-6.7,32.9,41.3,1.7,,,5.0,7.0,12.0,3.0,5.0,3.8222726131538236,474.38,137.98,99.0,13.0,0.0,0.0,0.0,0.416,-0.002,0.819,0.559,0.535,0.021,10.0,15.0,-5.0,4.800000000000001,10.75,-5.949999999999999,Eric Morris,34.5,37.083333333333336,-2.5833333333333335,12.0,7.0,3.0,0.42857142857142855
2024,North Texas,American Athletic,-4.5,33.3,37.0,-0.8,,,6.0,7.0,13.0,3.0,5.0,5.246005597181846,595.42,172.01,70.0,30.0,0.0,0.0,0.0,0.195,0.062,-0.006,0.344,0.1,0.006,25.0,36.0,-11.0,17.96,23.790000000000003,-5.830000000000002,Eric Morris,34.0,34.5,-0.5,12.0,2.0,2.0,1.0
2025,North Texas,American Athletic,13.8,43.1,28.6,-0.7,,,12.0,2.0,14.0,7.0,1.0,9.994676266796887,569.15,130.14,112.0,11.0,0.0,0.0,0.0,0.237,0.109,0.232,0.3,0.26,0.094,34.0,49.0,-15.0,23.749999999999996,28.18000000000001,-4.430000000000014,Eric Morris,44.76923076923077,24.923076923076923,19.846153846153847,13.0,2.0,2.0,1.0
2026,North Texas,American Athletic,-11.6,23.7,35.0,-0.2,,,0.0,0.0,0.0,0.0,0.0,0.0,602.08,128.04,137.0,10.0,0.0,0.0,0.0,0.025,0.024,0.028,0.024,0.017,0.004,49.0,38.0,11.0,31.670000000000012,26.430000000000003,5.240000000000009,Neal Brown,,,,,,,
2004,Northern Illinois,Mountain West,4.0,39.3,36.0,,,,9.0,3.0,12.0,7.0,1.0,,,84.31,87.0,17.0,0.0,0.0,0.0,,,,,,,,,,,,,Joe Novak,35.18181818181818,25.727272727272727,9.454545454545455,11.0,5.0,3.0,0.6
2005,Northern Illinois,Mountain West,5.9,34.4,28.5,,0.959,8.1,7.0,5.0,12.0,6.0,3.0,,,103.92,77.0,20.0,0.0,0.0,0.0,,,,,,,,,,,,,Joe Novak,32.416666666666664,22.833333333333332,9.583333333333334,12.0,4.0,1.0,0.25
2006,Northern Illinois,Mountain West,-2.5,22.6,25.2,0.0,0.922,6.7,7.0,6.0,13.0,5.0,3.0,,,111.98,75.0,14.0,0.0,0.0,0.0,,,,,,,,,,,,,Joe Novak,27.0,19.833333333333332,7.166666666666667,12.0,3.0,1.0,0.3333333333333333
2007,Northern Illinois,Mountain West,-17.0,18.7,35.1,-0.6,0.976,3.9,2.0,10.0,12.0,1.0,6.0,,,97.06,96.0,18.0,0.0,0.0,0.0,,,,,,,,,,,,,Joe Novak,19.083333333333332,30.833333333333332,-11.75,12.0,7.0,2.0,0.2857142857142857
2008,Northern Illinois,Mountain West,-1.6,23.3,25.5,0.6,0.972,6.4,6.0,7.0,13.0,5.0,3.0,,,64.56,115.0,11.0,0.0,0.0,0.0,,,,,,,,,,,,,Jerry Kill,25.333333333333332,18.083333333333332,7.25,12.0,6.0,2.0,0.3333333333333333
2009,Northern Illinois,Mountain West,-4.6,23.8,28.5,0.1,0.961,6.8,7.0,6.0,13.0,5.0,3.0,,,114.72,102.0,19.0,0.0,0.0,0.0,,,,,,,,,,,,,Jerry Kill,30.75,21.166666666666668,9.583333333333334,12.0,6.0,3.0,0.5
2010,Northern Illinois,Mountain West,7.6,34.5,25.9,-1.1,0.976,11.9,11.0,3.0,14.0,8.0,1.0,8.487519160400318,,139.25,98.0,20.0,0.0,0.0,0.0,,,,,,,,,,,,,Jerry Kill,37.84615384615385,19.076923076923077,18.76923076923077,13.0,4.0,2.0,0.5
2011,Northern Illinois,Mountain West,2.2,32.7,29.6,-0.9,0.953,9.7,11.0,3.0,14.0,8.0,1.0,9.069324539540993,,67.82,95.0,19.0,0.0,0.0,0.0,,,,,,,,,,,,,Dave Doeren,38.30769230769231,31.076923076923077,7.230769230769231,13.0,7.0,5.0,0.7142857142857143
2012,Northern Illinois,Mountain West,12.4,35.6,25.4,2.1,0.952,11.9,12.0,2.0,14.0,9.0,0.0,6.5678675548338,,104.53,103.0,31.0,0.0,0.0,0.0,,,,,,,,,,,,,Rod Carey,40.76923076923077,19.0,21.76923076923077,13.0,5.0,4.0,0.8
2013,Northern Illinois,Mountain West,6.3,36.6,29.8,-0.5,0.962,10.9,12.0,2.0,14.0,8.0,1.0,8.323248209405469,,108.89,102.0,25.0,0.0,0.0,0.0,,,,,,,,,,,,,Rod Carey,41.61538461538461,25.384615384615383,16.23076923076923,13.0,3.0,3.0,1.0
2014,Northern Illinois,Mountain West,-0.6,29.8,29.6,-0.8,0.958,8.7,11.0,3.0,14.0,8.0,1.0,9.494488274035344,,109.52,98.0,26.0,0.0,0.0,0.0,0.594,0.045,0.54,0.836,0.432,0.029,,,,,,,Rod Carey,32.15384615384615,23.615384615384617,8.538461538461538,13.0,3.0,3.0,1.0
2015,Northern Illinois,Mountain West,-0.9,26.1,25.4,-1.7,0.914,7.7,8.0,6.0,14.0,6.0,3.0,6.96830103068473,380.69,138.94,83.0,29.0,0.0,0.0,0.0,0.724,0.898,0.725,0.587,0.668,0.937,,,,,,,Rod Carey,33.0,25.53846153846154,7.461538461538462,13.0,4.0,1.0,0.25
2016,Northern Illinois,Mountain West,-2.4,32.0,32.7,-1.7,0.94,5.7,5.0,7.0,12.0,5.0,3.0,4.296714188093547,403.27,111.4,112.0,18.0,0.0,0.0,0.0,0.862,0.949,1.057,0.731,0.87,0.887,,,,,,,Rod Carey,30.5,30.333333333333332,0.16666666666666666,12.0,6.0,2.0,0.3333333333333333
2017,Northern Illinois,Mountain West,-1.4,21.0,20.5,-1.9,0.964,8.0,8.0,5.0,13.0,6.0,2.0,7.981598847697025,373.99,122.74,97.0,22.0,0.0,0.0,0.0,0.446,0.403,0.411,0.498,0.399,0.406,,,,,,,Rod Carey,30.166666666666668,20.833333333333332,9.333333333333334,12.0,7.0,4.0,0.5714285714285714
2018,Northern Illinois,Mountain West,-2.7,19.1,20.8,-1.0,0.939,7.4,8.0,6.0,14.0,7.0,2.0,6.54246032856668,432.31,141.69,93.0,24.0,0.0,0.0,0.0,0.634,0.704,0.723,0.573,0.621,0.748,,,,,,,Rod Carey,20.692307692307693,21.53846153846154,-0.8461538461538461,13.0,6.0,4.0,0.6666666666666666
2019,Northern Illinois,Mountain West,-13.9,20.7,34.2,-0.4,,,5.0,7.0,12.0,4.0,4.0,5.480846324582244,397.98,134.16,108.0,19.0,0.0,0.0,0.0,0.594,1.03,1.003,0.27,0.84,0.998,,,,,,,Thomas Hammock,22.833333333333332,28.166666666666668,-5.333333333333333,12.0,6.0,3.0,0.5
2020,Northern Illinois,Mountain West,-18.4,16.0,34.5,,,,0.0,6.0,6.0,0.0,6.0,0.7163366081491016,262.67,149.69,91.0,33.0,0.0,0.0,0.0,0.603,0.888,-0.243,0.616,0.543,0.779,,,,,,,Thomas Hammock,24.833333333333332,38.666666666666664,-13.833333333333334,6.0,2.0,0.0,0.0
2021,Northern Illinois,Mountain West,-7.1,29.4,36.1,,,,9.0,5.0,14.0,7.0,2.0,8.654448121625473,354.21,142.59,91.0,27.0,0.0,0.0,0.0,0.539,0.0,0.35,0.756,0.522,0.0,1.0,19.0,-18.0,0.8,9.2,-8.399999999999999,Thomas Hammock,31.53846153846154,32.69230769230769,-1.1538461538461537,13.0,8.0,6.0,0.75
2022,Northern Illinois,Mountain West,-18.8,25.3,43.1,-1.0,,,3.0,9.0,12.0,2.0,6.0,5.659617626280408,409.86,142.15,87.0,23.0,0.0,0.0,0.0,0.813,0.992,0.803,0.69,0.763,0.906,3.0,5.0,-2.0,1.8,2.7,-0.9000000000000001,Thomas Hammock,27.25,32.75,-5.5,12.0,6.0,2.0,0.3333333333333333
2023,Northern Illinois,Mountain West,-7.5,18.3,24.2,-1.7,,,7.0,6.0,13.0,5.0,3.0,7.948583422560658,352.36,131.18,103.0,23.0,0.0,0.0,0.0,0.622,0.976,0.501,0.416,0.555,0.997,4.0,11.0,-7.0,2.4,7.03,-4.630000000000001,Thomas Hammock,25.25,21.166666666666668,4.083333333333333,12.0,6.0,2.0,0.3333333333333333
2024,Northern Illinois,Mountain West,-3.5,20.0,21.6,-1.9,,,8.0,5.0,13.0,4.0,4.0,10.088076587285729,437.2,149.96,99.0,24.0,0.0,0.0,0.0,0.596,0.218,0.806,0.698,0.575,0.093,6.0,19.0,-13.0,5.029999999999999,8.990000000000002,-3.9600000000000026,Thomas Hammock,24.25,18.416666666666668,5.833333333333333,12.0,5.0,1.0,0.2
2025,Northern Illinois,Mountain West,-16.7,12.0,28.1,-0.6,,,3.0,9.0,12.0,2.0,6.0,4.604845409281552,471.01,164.05,84.0,29.0,0.0,0.0,0.0,0.18,0.197,0.322,0.09,0.315,0.332,5.0,26.0,-21.0,1.42,15.46,-14.040000000000001,Thomas Hammock,17.083333333333332,24.333333333333332,-7.25,12.0,4.0,1.0,0.25
2026,Northern Illinois,Mountain West,-17.2,15.2,32.1,-0.2,,,0.0,0.0,0.0,0.0,0.0,0.0,536.58,184.9,82.0,27.0,0.0,0.0,0.0,0.437,1.377,0.289,0.929,0.473,0.435,7.0,22.0,-15.0,4.17,14.449999999999996,-10.279999999999996,Rob Harley,,,,,,,
2004,Northwestern,Big Ten,3.9,33.8,31.6,,,,6.0,6.0,12.0,5.0,5.0,,,82.28,90.0,10.0,0.0,0.0,0.0,,,,,,,,,,,,,Randy Walker,24.583333333333332,28.5,-3.9166666666666665,12.0,7.0,6.0,0.8571428571428571
2005,Northwestern,Big Ten,8.0,38.8,30.9,,0.82,6.0,7.0,5.0,12.0,5.0,5.0,,,141.34,54.0,9.0,0.0,0.0,0.0,,,,,,,,,,,,,Randy Walker,31.818181818181817,32.45454545454545,-0.6363636363636364,11.0,5.0,4.0,0.8
2006,Northwestern,Big Ten,-4.9,21.3,25.0,-1.2,0.857,5.0,4.0,8.0,12.0,2.0,6.0,,,115.18,71.0,10.0,0.0,0.0,0.0,,,,,,,,,,,,,Pat Fitzgerald,16.5,26.166666666666668,-9.666666666666666,12.0,1.0,0.0,0.0
2007,Northwestern,Big Ten,-2.4,30.1,31.7,-0.7,0.895,5.5,6.0,6.0,12.0,3.0,5.0,,,165.66,47.0,13.0,0.0,0.0,0.0,,,,,,,,,,,,,Pat Fitzgerald,25.833333333333332,31.0,-5.166666666666667,12.0,5.0,4.0,0.8
2008,Northwestern,Big Ten,7.3,26.7,19.3,-0.1,0.914,8.5,9.0,4.0,13.0,5.0,3.0,,,141.43,71.0,18.0,0.0,0.0,0.0,,,,,,,,,,,,,Pat Fitzgerald,24.5,19.333333333333332,5.166666666666667,12.0,5.0,4.0,0.8
2009,Northwestern,Big Ten,-4.0,24.4,27.4,-1.1,0.894,5.7,8.0,5.0,13.0,5.0,3.0,,,169.62,61.0,12.0,0.0,0.0,0.0,,,,,,,,,,,,,Pat Fitzgerald,25.166666666666668,23.333333333333332,1.8333333333333333,12.0,7.0,6.0,0.8571428571428571
2010,Northwestern,Big Ten,-1.1,30.9,32.8,0.7,0.905,6.0,7.0,6.0,13.0,3.0,5.0,4.61348178443283,,176.85,67.0,12.0,0.0,0.0,0.0,,,,,,,,,,,,,Pat Fitzgerald,25.416666666666668,27.666666666666668,-2.25,12.0,6.0,5.0,0.8333333333333334
2011,Northwestern,Big Ten,0.6,33.3,31.2,-1.5,0.883,6.7,6.0,7.0,13.0,3.0,5.0,5.566530024171851,,150.59,61.0,11.0,0.0,0.0,0.0,,,,,,,,,,,,,Pat Fitzgerald,29.5,27.25,2.25,12.0,4.0,2.0,0.5
2012,Northwestern,Big Ten,7.2,30.6,24.3,0.9,0.9,7.4,10.0,3.0,13.0,5.0,3.0,7.636089712190878,,178.76,55.0,21.0,1.0,0.0,0.047619047619047616,,,,,,,,,,,,,Pat Fitzgerald,31.5,22.75,8.75,12.0,4.0,2.0,0.5
2013,Northwestern,Big Ten,4.2,29.4,25.9,0.6,0.874,6.3,5.0,7.0,12.0,1.0,7.0,6.666711100759678,,174.64,53.0,13.0,1.0,0.0,0.07692307692307693,,,,,,,,,,,,,Pat Fitzgerald,26.166666666666668,27.083333333333332,-0.9166666666666666,12.0,4.0,1.0,0.25
2014,Northwestern,Big Ten,1.5,23.7,21.6,-0.7,0.905,4.7,5.0,7.0,12.0,3.0,5.0,5.343591770145719,,182.68,47.0,11.0,4.0,0.0,0.36363636363636365,0.742,0.76,1.186,0.718,0.647,0.788,,,,,,,Pat Fitzgerald,23.0,25.166666666666668,-2.1666666666666665,12.0,5.0,2.0,0.4
2015,Northwestern,Big Ten,0.2,16.8,15.0,-1.5,0.851,7.0,10.0,3.0,13.0,6.0,2.0,7.971574992700099,595.75,174.83,55.0,10.0,0.0,0.0,0.0,0.405,0.236,0.322,0.459,0.442,0.117,,,,,,,Pat Fitzgerald,20.666666666666668,16.416666666666668,4.25,12.0,5.0,5.0,1.0
2016,Northwestern,Big Ten,2.9,27.9,23.5,-1.5,0.875,6.6,7.0,6.0,13.0,5.0,4.0,6.733568457574485,613.55,174.91,52.0,20.0,0.0,0.0,0.0,0.704,1.012,0.953,0.516,0.848,0.844,,,,,,,Pat Fitzgerald,25.583333333333332,22.083333333333332,3.5,12.0,4.0,1.0,0.25
2017,Northwestern,Big Ten,11.2,28.8,17.4,-0.3,0.869,8.0,10.0,3.0,13.0,7.0,2.0,8.475754817830614,627.54,182.07,50.0,23.0,1.0,0.0,0.043478260869565216,0.636,1.044,1.142,0.356,0.872,0.992,,,,,,,Pat Fitzgerald,29.666666666666668,19.833333333333332,9.833333333333334,12.0,2.0,2.0,1.0
2018,Northwestern,Big Ten,1.9,25.5,21.6,-2.0,0.854,6.2,9.0,5.0,14.0,8.0,2.0,8.316877608452762,608.89,180.18,58.0,18.0,1.0,0.0,0.05555555555555555,0.615,0.954,0.559,0.544,0.641,0.955,,,,,,,Pat Fitzgerald,23.692307692307693,23.46153846153846,0.23076923076923078,13.0,6.0,4.0,0.6666666666666666
2019,Northwestern,Big Ten,-5.5,16.5,20.0,-2.0,,,3.0,9.0,12.0,1.0,8.0,4.716606575663956,612.62,188.14,52.0,19.0,0.0,0.0,0.0,0.359,-0.004,0.363,0.483,0.347,0.065,,,,,,,Pat Fitzgerald,16.333333333333332,23.583333333333332,-7.25,12.0,2.0,0.0,0.0
2020,Northwestern,Big Ten,9.0,24.0,15.2,,,,7.0,2.0,9.0,6.0,2.0,6.149704455164643,629.84,190.69,47.0,20.0,1.0,0.0,0.05,0.841,1.0,1.022,0.776,0.969,1.0,,,,,,,Pat Fitzgerald,23.375,15.5,7.875,8.0,2.0,2.0,1.0
2021,Northwestern,Big Ten,-11.1,19.4,27.3,,,,3.0,9.0,12.0,1.0,8.0,3.434701489702797,648.79,184.3,50.0,16.0,3.0,0.0,0.1875,0.14,0.0,2.385,0.146,0.179,0.0,7.0,8.0,-1.0,4.47,5.449999999999999,-0.9799999999999995,Pat Fitzgerald,16.583333333333332,29.0,-12.416666666666666,12.0,2.0,0.0,0.0
2022,Northwestern,Big Ten,-13.4,17.0,28.6,-1.7,,,1.0,11.0,12.0,1.0,8.0,3.47451668694066,653.48,191.62,48.0,16.0,2.0,0.0,0.125,0.573,0.409,0.631,0.611,0.694,0.497,6.0,9.0,-3.0,4.1,7.46,-3.3600000000000003,Pat Fitzgerald,13.75,28.333333333333332,-14.583333333333334,12.0,4.0,1.0,0.25
2023,Northwestern,Big Ten,-1.3,18.5,18.5,-1.3,,,8.0,5.0,13.0,5.0,4.0,4.875339892516529,657.88,200.11,47.0,19.0,1.0,0.0,0.05263157894736842,0.657,0.958,-1.882,0.485,0.599,0.974,3.0,8.0,-5.0,2.61,5.61,-3.0000000000000004,David Braun,22.75,23.833333333333332,-1.0833333333333333,12.0,5.0,4.0,0.8
2024,Northwestern,Big Ten,-8.2,17.5,24.3,-1.4,,,4.0,8.0,12.0,2.0,7.0,4.130524359166857,675.78,165.73,80.0,18.0,0.0,0.0,0.0,0.419,0.057,0.141,0.608,0.42,0.024,6.0,12.0,-6.0,5.069999999999999,8.959999999999999,-3.8899999999999997,David Braun,17.833333333333332,26.333333333333332,-8.5,12.0,3.0,2.0,0.6666666666666666
2025,Northwestern,Big Ten,5.8,24.4,20.0,1.3,,,7.0,6.0,13.0,4.0,5.0,5.938928607851267,677.97,187.75,66.0,22.0,0.0,0.0,0.0,0.202,-0.452,0.333,0.229,0.315,0.035,14.0,12.0,2.0,11.899999999999999,9.49,2.4099999999999984,David Braun,22.5,20.916666666666668,1.5833333333333333,12.0,6.0,3.0,0.5
2026,Northwestern,Big Ten,5.1,25.3,20.7,0.5,,,0.0,0.0,0.0,0.0,0.0,0.0,688.32,204.95,52.0,22.0,2.0,0.0,0.09090909090909091,0.885,0.939,0.88,0.863,0.948,0.997,17.0,8.0,9.0,13.34,6.38,6.96,David Braun,,,,,,,
2004,Notre Dame,FBS Independents,12.6,34.9,23.7,,,,6.0,6.0,12.0,0.0,0.0,,,168.32,35.0,5.0,1.0,0.0,0.2,,,,,,,,,,,,,Tyrone Willingham,24.363636363636363,22.818181818181817,1.5454545454545454,11.0,5.0,2.0,0.4
2005,Notre Dame,FBS Independents,21.8,41.3,19.5,,0.837,8.7,9.0,3.0,12.0,0.0,0.0,,,166.05,39.0,3.0,1.0,0.0,0.3333333333333333,,,,,,,,,,,,,Charlie Weis,38.18181818181818,23.636363636363637,14.545454545454545,11.0,4.0,2.0,0.5
2006,Notre Dame,FBS Independents,11.5,34.2,22.1,-0.6,0.832,8.2,10.0,3.0,13.0,0.0,0.0,,,282.8,5.0,17.0,14.0,2.0,0.8235294117647058,,,,,,,,,,,,,Charlie Weis,32.416666666666664,22.416666666666668,10.0,12.0,3.0,3.0,1.0
2007,Notre Dame,FBS Independents,-9.7,15.1,23.3,-1.5,0.845,3.0,3.0,9.0,12.0,0.0,0.0,,,274.05,6.0,12.0,10.0,2.0,0.8333333333333334,,,,,,,,,,,,,Charlie Weis,16.416666666666668,28.75,-12.333333333333334,12.0,2.0,1.0,0.5
2008,Notre Dame,FBS Independents,6.8,26.7,19.0,-1.0,0.923,7.7,7.0,6.0,13.0,0.0,0.0,,,295.57,2.0,20.0,20.0,2.0,1.0,,,,,,,,,,,,,Charlie Weis,22.666666666666668,22.25,0.4166666666666667,12.0,5.0,2.0,0.4
2009,Notre Dame,FBS Independents,11.0,39.2,28.7,0.4,0.89,7.4,6.0,6.0,12.0,0.0,0.0,,,246.29,15.0,14.0,9.0,1.0,0.6428571428571429,,,,,,,,,,,,,Charlie Weis,30.083333333333332,25.916666666666668,4.166666666666667,12.0,10.0,4.0,0.4
2010,Notre Dame,FBS Independents,16.5,32.2,16.7,1.0,0.852,8.9,8.0,5.0,13.0,0.0,0.0,6.92208604058121,,241.92,15.0,18.0,9.0,0.0,0.5,,,,,,,,,,,,,Brian Kelly,25.75,20.5,5.25,12.0,5.0,2.0,0.4
2011,Notre Dame,FBS Independents,17.2,34.6,17.0,-0.4,0.853,9.0,8.0,5.0,13.0,0.0,0.0,8.41122554453215,,271.38,9.0,14.0,12.0,2.0,0.8571428571428571,,,,,,,,,,,,,Brian Kelly,30.5,20.916666666666668,9.583333333333334,12.0,5.0,3.0,0.6
2012,Notre Dame,FBS Independents,19.2,33.4,13.8,-0.4,0.815,10.1,12.0,1.0,13.0,0.0,0.0,7.7108006124552535,,248.21,17.0,17.0,11.0,1.0,0.6470588235294118,,,,,,,,,,,,,Brian Kelly,26.75,10.333333333333334,16.416666666666668,12.0,5.0,5.0,1.0
2013,Notre Dame,FBS Independents,13.2,35.2,21.9,-0.1,0.873,7.6,9.0,4.0,13.0,0.0,0.0,7.370903894941968,,284.77,5.0,22.0,18.0,2.0,0.8181818181818182,,,,,,,,,,,,,Brian Kelly,27.083333333333332,22.916666666666668,4.166666666666667,12.0,7.0,5.0,0.7142857142857143
2014,Notre Dame,FBS Independents,10.8,37.5,26.0,-0.6,0.844,8.3,8.0,5.0,13.0,0.0,0.0,7.991626668675126,,260.44,11.0,19.0,16.0,0.0,0.8421052631578947,0.457,0.0,0.542,0.446,0.627,0.0,,,,,,,Brian Kelly,33.0,29.25,3.75,12.0,5.0,2.0,0.4
2015,Notre Dame,FBS Independents,22.4,44.1,21.2,-0.4,0.818,11.0,10.0,3.0,13.0,0.0,0.0,10.226523843459896,857.33,267.79,13.0,17.0,14.0,0.0,0.8235294117647058,0.536,0.138,0.742,0.773,0.407,0.074,,,,,,,Brian Kelly,34.75,22.416666666666668,12.333333333333334,12.0,5.0,3.0,0.6
2016,Notre Dame,FBS Independents,15.7,39.4,23.2,-0.4,0.862,7.3,4.0,8.0,12.0,0.0,0.0,6.719280874473061,842.35,249.43,15.0,23.0,10.0,1.0,0.43478260869565216,0.656,0.906,0.71,0.453,0.688,0.992,,,,,,,Brian Kelly,30.916666666666668,27.833333333333332,3.0833333333333335,12.0,7.0,1.0,0.14285714285714285
2017,Notre Dame,FBS Independents,20.8,37.4,16.9,0.2,0.834,9.5,10.0,3.0,13.0,0.0,0.0,9.23288455995626,837.71,251.32,10.0,21.0,10.0,0.0,0.47619047619047616,0.516,0.076,0.553,0.726,0.388,0.012,,,,,,,Brian Kelly,35.333333333333336,21.833333333333332,13.5,12.0,2.0,1.0,0.5
2018,Notre Dame,FBS Independents,20.7,34.6,14.5,0.6,0.905,10.3,12.0,1.0,13.0,0.0,0.0,10.504618076670937,847.85,268.86,10.0,27.0,14.0,0.0,0.5185185185185185,0.676,0.538,0.651,0.779,0.615,0.984,,,,,,,Brian Kelly,33.75,17.25,16.5,12.0,4.0,4.0,1.0
2019,Notre Dame,FBS Independents,17.7,35.8,18.5,0.4,,,11.0,2.0,13.0,0.0,0.0,9.805532184175771,843.29,258.56,16.0,24.0,17.0,0.0,0.7083333333333334,0.659,0.821,0.449,0.623,0.617,0.748,,,,,,,Brian Kelly,37.083333333333336,18.666666666666668,18.416666666666668,12.0,3.0,2.0,0.6666666666666666
2020,Notre Dame,FBS Independents,21.0,38.3,17.3,,,,10.0,2.0,12.0,9.0,1.0,9.097565010333348,866.21,251.45,17.0,18.0,11.0,1.0,0.6111111111111112,0.591,0.83,0.578,0.422,0.64,0.951,,,,,,,Brian Kelly,35.18181818181818,18.636363636363637,16.545454545454547,11.0,2.0,2.0,1.0
2021,Notre Dame,FBS Independents,17.4,36.2,18.9,,,,11.0,2.0,13.0,5.0,0.0,9.8137640314314,853.1,269.15,9.0,27.0,14.0,0.0,0.5185185185185185,0.369,0.032,0.631,0.459,0.46,0.021,4.0,19.0,-15.0,3.3700000000000006,13.350000000000001,-9.98,Marcus Freeman,35.25,18.25,17.0,12.0,3.0,3.0,1.0
2022,Notre Dame,FBS Independents,10.3,30.5,21.4,1.1,,,9.0,4.0,13.0,1.0,0.0,8.654266789834304,866.48,275.44,7.0,23.0,18.0,1.0,0.782608695652174,0.418,0.223,0.525,0.528,0.402,0.155,4.0,14.0,-10.0,1.81,10.859999999999998,-9.049999999999997,Marcus Freeman,30.666666666666668,21.75,8.916666666666666,12.0,4.0,2.0,0.5
2023,Notre Dame,FBS Independents,20.1,36.3,16.7,0.5,,,10.0,3.0,13.0,0.0,0.0,10.637840603697047,870.7,272.74,12.0,24.0,19.0,0.0,0.7916666666666666,0.345,0.118,0.418,0.419,0.324,0.011,7.0,11.0,-4.0,6.19,9.379999999999999,-3.1899999999999986,Marcus Freeman,39.083333333333336,16.583333333333332,22.5,12.0,2.0,1.0,0.5
2024,Notre Dame,FBS Independents,23.9,38.6,14.1,-0.6,,,14.0,2.0,16.0,0.0,0.0,13.184164567005586,905.52,275.57,9.0,23.0,15.0,0.0,0.6521739130434783,0.373,0.247,0.17,0.526,0.346,0.139,9.0,18.0,-9.0,7.91,14.6,-6.6899999999999995,Marcus Freeman,39.833333333333336,13.583333333333334,26.25,12.0,2.0,1.0,0.5
2025,Notre Dame,FBS Independents,24.4,40.0,16.3,0.8,,,10.0,2.0,12.0,0.0,0.0,10.25640269741416,912.11,270.22,12.0,25.0,15.0,1.0,0.6,0.367,0.073,0.478,0.425,0.382,0.009,8.0,14.0,-6.0,6.09,9.92,-3.83,Marcus Freeman,42.0,17.583333333333332,24.416666666666668,12.0,2.0,0.0,0.0
2026,Notre Dame,FBS Independents,26.5,40.6,14.3,0.3,,,0.0,0.0,0.0,0.0,0.0,0.0,953.03,299.28,5.0,30.0,24.0,4.0,0.8,0.512,0.907,0.123,0.376,0.461,0.922,7.0,16.0,-9.0,6.489999999999998,13.409999999999997,-6.919999999999998,Marcus Freeman,,,,,,,
2004,Ohio,Mid-American,-14.8,19.7,33.2,,,,4.0,7.0,11.0,2.0,6.0,,,80.84,92.0,18.0,0.0,0.0,0.0,,,,,,,,,,,,,Brian Knorr,20.09090909090909,24.636363636363637,-4.545454545454546,11.0,2.0,1.0,0.5
2005,Ohio,Mid-American,-20.8,15.1,35.8,,0.935,3.0,4.0,7.0,11.0,3.0,5.0,,,68.71,102.0,22.0,0.0,0.0,0.0,,,,,,,,,,,,,Frank Solich,17.454545454545453,30.545454545454547,-13.090909090909092,11.0,2.0,2.0,1.0
2006,Ohio,Mid-American,-9.5,12.6,23.2,1.1,0.954,7.0,9.0,5.0,14.0,7.0,2.0,,,81.66,101.0,15.0,0.0,0.0,0.0,,,,,,,,,,,,,Frank Solich,20.692307692307693,17.307692307692307,3.3846153846153846,13.0,3.0,3.0,1.0
2007,Ohio,Mid-American,-11.3,22.9,34.8,0.6,0.971,6.3,6.0,6.0,12.0,4.0,4.0,,,71.71,109.0,19.0,0.0,0.0,0.0,,,,,,,,,,,,,Frank Solich,30.5,29.916666666666668,0.5833333333333334,12.0,3.0,1.0,0.3333333333333333
2008,Ohio,Mid-American,-9.3,21.6,29.7,-1.2,0.966,6.1,4.0,8.0,12.0,3.0,5.0,,,117.01,88.0,16.0,0.0,0.0,0.0,,,,,,,,,,,,,Frank Solich,24.083333333333332,27.25,-3.1666666666666665,12.0,5.0,2.0,0.4
2009,Ohio,Mid-American,-8.6,15.6,24.3,0.1,0.964,6.1,9.0,5.0,14.0,7.0,2.0,,,105.11,103.0,16.0,0.0,0.0,0.0,,,,,,,,,,,,,Frank Solich,25.384615384615383,21.307692307692307,4.076923076923077,13.0,6.0,5.0,0.8333333333333334
2010,Ohio,Mid-American,-6.6,21.0,29.0,1.4,0.95,8.0,8.0,5.0,13.0,6.0,2.0,5.692700713625865,,101.59,112.0,13.0,0.0,0.0,0.0,,,,,,,,,,,,,Frank Solich,28.0,21.75,6.25,12.0,3.0,1.0,0.3333333333333333
2011,Ohio,Mid-American,0.9,30.3,30.8,1.5,0.979,10.3,10.0,4.0,14.0,6.0,3.0,7.545944969465442,,67.8,96.0,20.0,0.0,0.0,0.0,,,,,,,,,,,,,Frank Solich,31.0,22.076923076923077,8.923076923076923,13.0,7.0,4.0,0.5714285714285714
2012,Ohio,Mid-American,-8.0,23.8,32.1,0.3,0.976,7.1,9.0,4.0,13.0,4.0,4.0,5.819216015757778,,116.72,93.0,18.0,0.0,0.0,0.0,,,,,,,,,,,,,Frank Solich,30.583333333333332,25.666666666666668,4.916666666666667,12.0,5.0,4.0,0.8
2013,Ohio,Mid-American,-11.4,22.5,33.5,-0.5,0.949,6.7,7.0,6.0,13.0,4.0,4.0,5.603842932157053,,96.79,117.0,18.0,0.0,0.0,0.0,,,,,,,,,,,,,Frank Solich,28.0,26.666666666666668,1.3333333333333333,12.0,3.0,2.0,0.6666666666666666
2014,Ohio,Mid-American,-11.7,17.8,28.2,-1.2,0.96,5.0,6.0,6.0,12.0,4.0,4.0,4.55869822996625,,105.12,102.0,20.0,0.0,0.0,0.0,0.244,0.031,-0.02,0.295,0.211,0.116,,,,,,,Frank Solich,20.5,24.833333333333332,-4.333333333333333,12.0,4.0,3.0,0.75
2015,Ohio,Mid-American,-0.5,24.5,26.6,1.7,0.95,7.2,8.0,5.0,13.0,5.0,3.0,7.082205283005039,330.61,128.68,92.0,22.0,0.0,0.0,0.0,0.794,0.933,0.943,0.709,0.897,0.997,,,,,,,Frank Solich,27.416666666666668,24.833333333333332,2.5833333333333335,12.0,3.0,2.0,0.6666666666666666
2016,Ohio,Mid-American,-2.1,22.0,25.8,1.7,0.948,7.6,8.0,6.0,14.0,6.0,3.0,9.125129678295911,372.56,109.82,115.0,24.0,0.0,0.0,0.0,0.589,-0.006,0.666,0.781,0.453,0.1,,,,,,,Frank Solich,26.53846153846154,22.23076923076923,4.3076923076923075,13.0,8.0,4.0,0.5
2017,Ohio,Mid-American,3.3,32.2,30.6,1.7,0.974,9.8,9.0,4.0,13.0,5.0,3.0,9.964328856684666,326.14,120.83,103.0,20.0,0.0,0.0,0.0,0.338,0.426,0.34,0.296,0.51,0.372,,,,,,,Frank Solich,38.916666666666664,25.75,13.166666666666666,12.0,4.0,1.0,0.25
2018,Ohio,Mid-American,4.0,38.2,35.0,0.8,0.974,8.9,9.0,4.0,13.0,6.0,2.0,8.666115277658509,346.18,110.94,121.0,22.0,0.0,0.0,0.0,0.722,0.976,0.759,0.532,0.809,0.997,,,,,,,Frank Solich,41.166666666666664,26.666666666666668,14.5,12.0,5.0,2.0,0.4
2019,Ohio,Mid-American,3.7,35.9,33.5,1.2,,,7.0,6.0,13.0,5.0,3.0,7.715074673447765,337.17,138.11,103.0,18.0,0.0,0.0,0.0,0.459,0.832,0.394,0.338,0.458,0.884,,,,,,,Frank Solich,34.666666666666664,27.0,7.666666666666667,12.0,6.0,2.0,0.3333333333333333
2020,Ohio,Mid-American,-3.2,29.9,33.0,,,,2.0,1.0,3.0,2.0,1.0,1.9020639531285866,304.79,116.96,129.0,14.0,0.0,0.0,0.0,0.536,0.035,0.444,0.918,0.566,0.008,,,,,,,Frank Solich,34.333333333333336,16.666666666666668,17.666666666666668,3.0,1.0,0.0,0.0
2021,Ohio,Mid-American,-11.6,25.1,35.2,,,,3.0,9.0,12.0,3.0,5.0,4.179347238304586,332.25,137.6,99.0,19.0,0.0,0.0,0.0,0.931,1.0,1.133,0.739,0.906,1.0,1.0,5.0,-4.0,0.6,2.6,-2.0,Tim Albin,22.583333333333332,30.333333333333332,-7.75,12.0,5.0,1.0,0.2
2022,Ohio,Mid-American,-4.6,31.6,35.2,-1.0,,,10.0,4.0,14.0,7.0,2.0,7.408813594852338,365.74,53.67,132.0,7.0,0.0,0.0,0.0,0.416,0.701,0.308,0.344,0.551,0.827,3.0,12.0,-9.0,2.0100000000000002,6.789999999999999,-4.779999999999999,Tim Albin,31.923076923076923,28.384615384615383,3.5384615384615383,13.0,4.0,3.0,0.75
2023,Ohio,Mid-American,-1.6,18.5,18.1,-2.0,,,10.0,3.0,13.0,6.0,2.0,9.20340869032661,342.6,140.79,97.0,16.0,0.0,0.0,0.0,0.921,1.0,0.998,0.85,0.935,1.0,4.0,6.0,-2.0,2.2,3.65,-1.4499999999999997,Tim Albin,22.916666666666668,15.416666666666666,7.5,12.0,4.0,3.0,0.75
2024,Ohio,Mid-American,2.3,27.2,23.9,-0.9,,,11.0,3.0,14.0,8.0,1.0,10.257367454427296,450.55,156.49,92.0,18.0,0.0,0.0,0.0,0.13,0.073,0.344,0.114,0.095,0.066,21.0,26.0,-5.0,12.300000000000002,18.120000000000005,-5.820000000000002,Tim Albin,29.23076923076923,17.46153846153846,11.76923076923077,13.0,2.0,2.0,1.0
2025,Ohio,Mid-American,-4.0,23.2,25.2,-1.9,,,9.0,4.0,13.0,6.0,2.0,8.55351047217846,469.99,115.37,121.0,14.0,0.0,0.0,0.0,0.648,0.968,0.739,0.458,0.606,0.997,21.0,16.0,5.0,12.510000000000002,9.78,2.730000000000002,John Hauser,28.666666666666668,22.916666666666668,5.75,12.0,7.0,4.0,0.5714285714285714
2026,Ohio,Mid-American,-11.8,14.1,25.3,-0.6,,,0.0,0.0,0.0,0.0,0.0,0.0,522.84,175.4,107.0,18.0,0.0,0.0,0.0,0.625,0.937,1.004,0.168,0.833,0.997,19.0,16.0,3.0,12.17,10.52,1.6500000000000004,John Hauser,,,,,,,
2004,Ohio State,Big Ten,17.5,33.3,17.4,,,,8.0,4.0,12.0,6.0,4.0,,,124.55,55.0,8.0,5.0,1.0,0.625,,,,,,,,,,,,,Jim Tressel,23.363636363636363,19.272727272727273,4.090909090909091,11.0,3.0,1.0,0.3333333333333333
2005,Ohio State,Big Ten,31.2,42.1,10.9,,0.805,9.9,10.0,2.0,12.0,8.0,1.0,,,109.84,74.0,6.0,4.0,2.0,0.6666666666666666,,,,,,,,,,,,,Jim Tressel,32.54545454545455,14.818181818181818,17.727272727272727,11.0,3.0,1.0,0.3333333333333333
2006,Ohio State,Big Ten,27.0,37.2,12.1,1.9,0.855,11.1,12.0,1.0,13.0,8.0,0.0,,,198.91,25.0,13.0,10.0,2.0,0.7692307692307693,,,,,,,,,,,,,Jim Tressel,36.333333333333336,10.416666666666666,25.916666666666668,12.0,2.0,2.0,1.0
2007,Ohio State,Big Ten,29.2,37.8,9.5,1.0,0.874,11.8,11.0,2.0,13.0,8.0,1.0,,,128.98,72.0,7.0,5.0,1.0,0.7142857142857143,,,,,,,,,,,,,Jim Tressel,32.0,10.666666666666666,21.333333333333332,12.0,2.0,1.0,0.5
2008,Ohio State,Big Ten,22.7,32.7,12.2,2.3,0.85,8.8,10.0,3.0,13.0,7.0,2.0,,,271.03,10.0,16.0,13.0,4.0,0.8125,,,,,,,,,,,,,Jim Tressel,28.166666666666668,13.083333333333334,15.083333333333334,12.0,2.0,1.0,0.5
2009,Ohio State,Big Ten,21.0,30.0,9.3,0.3,0.868,9.6,11.0,2.0,13.0,8.0,2.0,,,281.93,5.0,18.0,14.0,1.0,0.7777777777777778,,,,,,,,,,,,,Jim Tressel,29.25,12.166666666666666,17.083333333333332,12.0,3.0,2.0,0.6666666666666666
2010,Ohio State,Big Ten,30.0,40.5,11.4,1.0,0.858,11.5,12.0,1.0,13.0,7.0,1.0,9.776098055350356,,237.38,18.0,17.0,11.0,0.0,0.6470588235294118,,,,,,,,,,,,,Jim Tressel,39.416666666666664,13.333333333333334,26.083333333333332,12.0,1.0,1.0,1.0
2011,Ohio State,Big Ten,13.2,28.5,17.0,1.8,0.851,6.3,6.0,7.0,13.0,3.0,5.0,7.085329656960193,,278.47,6.0,19.0,15.0,2.0,0.7894736842105263,,,,,,,,,,,,,Luke Fickell,25.083333333333332,20.75,4.333333333333333,12.0,7.0,2.0,0.2857142857142857
2012,Ohio State,Big Ten,23.8,40.6,17.5,0.7,0.893,10.1,12.0,0.0,12.0,8.0,0.0,8.641154055303417,,286.13,5.0,23.0,16.0,2.0,0.6956521739130435,,,,,,,,,,,,,Urban Meyer,37.166666666666664,22.833333333333332,14.333333333333334,12.0,6.0,6.0,1.0
2013,Ohio State,Big Ten,28.4,48.8,23.4,3.0,0.897,11.2,12.0,2.0,14.0,8.0,1.0,9.011643898420948,,303.35,2.0,21.0,19.0,2.0,0.9047619047619048,,,,,,,,,,,,,Urban Meyer,46.30769230769231,21.307692307692307,25.0,13.0,2.0,2.0,1.0
2014,Ohio State,Big Ten,25.8,45.6,20.1,0.3,0.84,12.8,14.0,1.0,15.0,9.0,0.0,12.755617043347682,,296.08,3.0,19.0,16.0,1.0,0.8421052631578947,0.62,0.802,0.455,0.806,0.571,0.705,,,,,,,Urban Meyer,45.23076923076923,21.153846153846153,24.076923076923077,13.0,2.0,2.0,1.0
2015,Ohio State,Big Ten,29.5,41.3,13.5,1.8,0.873,11.8,12.0,1.0,13.0,7.0,1.0,12.065340290465151,907.32,279.6,7.0,19.0,15.0,1.0,0.7894736842105263,0.825,0.781,0.963,0.721,0.913,0.982,,,,,,,Urban Meyer,35.0,14.0,21.0,12.0,3.0,2.0,0.6666666666666666
2016,Ohio State,Big Ten,22.4,35.6,15.0,1.7,0.816,9.2,11.0,2.0,13.0,8.0,1.0,9.277660680886823,902.46,289.12,4.0,24.0,17.0,1.0,0.7083333333333334,0.244,0.051,0.362,0.187,0.285,0.439,,,,,,,Urban Meyer,42.666666666666664,14.166666666666666,28.5,12.0,5.0,4.0,0.8
2017,Ohio State,Big Ten,30.9,42.9,12.8,0.9,0.828,11.5,12.0,2.0,14.0,9.0,1.0,11.49304420274485,959.12,312.14,2.0,21.0,18.0,5.0,0.8571428571428571,0.603,0.738,0.718,0.428,0.766,0.979,,,,,,,Urban Meyer,42.46153846153846,19.923076923076923,22.53846153846154,13.0,2.0,2.0,1.0
2018,Ohio State,Big Ten,24.1,44.4,21.2,0.8,0.899,10.9,13.0,1.0,14.0,9.0,1.0,10.269640826920446,984.3,317.06,2.0,27.0,22.0,3.0,0.8148148148148148,0.603,0.404,0.6,0.736,0.525,0.156,,,,,,,Ryan Day,43.46153846153846,25.692307692307693,17.76923076923077,13.0,3.0,3.0,1.0
2019,Ohio State,Big Ten,35.4,44.4,10.6,1.6,,,13.0,1.0,14.0,10.0,0.0,13.317863941561155,973.56,261.18,14.0,18.0,12.0,3.0,0.6666666666666666,0.281,0.095,0.307,0.413,0.324,0.015,,,,,,,Ryan Day,48.69230769230769,12.538461538461538,36.15384615384615,13.0,0.0,0.0,
2020,Ohio State,Big Ten,28.4,45.3,16.7,,,,7.0,1.0,8.0,6.0,0.0,6.854430807176151,976.48,295.08,5.0,26.0,18.0,3.0,0.6923076923076923,0.623,0.869,0.502,0.518,0.615,0.888,,,,,,,Ryan Day,42.5,21.0,21.5,6.0,1.0,1.0,1.0
2021,Ohio State,Big Ten,29.3,47.2,20.6,,,,11.0,2.0,13.0,8.0,1.0,9.88045313335535,985.09,309.49,2.0,26.0,21.0,7.0,0.8076923076923077,0.47,0.106,0.235,0.832,0.401,0.012,1.0,5.0,-4.0,0.4,3.7800000000000002,-3.3800000000000003,Ryan Day,45.5,20.916666666666668,24.583333333333332,12.0,1.0,0.0,0.0
2022,Ohio State,Big Ten,31.1,45.1,15.7,1.7,,,11.0,2.0,13.0,8.0,1.0,9.809388963394197,983.14,300.95,4.0,21.0,20.0,2.0,0.9523809523809523,0.747,0.875,0.766,0.641,0.743,0.953,3.0,20.0,-17.0,2.42,15.64,-13.22,Ryan Day,44.5,19.25,25.25,12.0,0.0,0.0,
2023,Ohio State,Big Ten,25.2,31.5,7.8,1.5,,,11.0,2.0,13.0,8.0,1.0,10.130952321332964,974.79,288.98,5.0,24.0,19.0,1.0,0.7916666666666666,0.644,0.201,0.957,0.868,0.636,0.074,8.0,9.0,-1.0,6.6899999999999995,7.35,-0.6600000000000001,Ryan Day,32.833333333333336,11.0,21.833333333333332,12.0,2.0,1.0,0.5
2024,Ohio State,Big Ten,31.2,39.5,9.2,0.8,,,14.0,2.0,16.0,7.0,2.0,15.20301777267821,998.62,289.13,5.0,25.0,18.0,4.0,0.72,0.224,0.024,0.626,0.288,0.318,0.138,7.0,26.0,-19.0,6.5,21.75,-15.25,Ryan Day,35.5,10.916666666666666,24.583333333333332,12.0,4.0,2.0,0.5
2025,Ohio State,Big Ten,30.1,37.6,7.7,0.2,,,12.0,2.0,14.0,9.0,0.0,12.003681723028421,973.69,297.72,4.0,28.0,21.0,3.0,0.75,0.308,0.04,0.053,0.604,0.195,0.03,11.0,15.0,-4.0,7.97,11.669999999999998,-3.6999999999999984,Ryan Day,34.92307692307692,8.153846153846153,26.76923076923077,13.0,2.0,1.0,0.5
2026,Ohio State,Big Ten,32.7,41.0,8.4,0.1,,,0.0,0.0,0.0,0.0,0.0,0.0,964.27,301.23,4.0,30.0,18.0,3.0,0.6,0.683,0.94,0.549,0.503,0.709,0.964,17.0,38.0,-21.0,14.189999999999998,27.18,-12.990000000000002,Ryan Day,,,,,,,
2004,Oklahoma,SEC,28.8,44.2,17.1,,,,12.0,1.0,13.0,9.0,0.0,,,261.38,8.0,7.0,7.0,4.0,1.0,,,,,,,,,,,,,Bob Stoops,36.083333333333336,13.666666666666666,22.416666666666668,12.0,2.0,2.0,1.0
2005,Oklahoma,SEC,19.0,30.9,11.9,,0.843,7.5,8.0,4.0,12.0,6.0,2.0,,,279.2,3.0,10.0,9.0,1.0,0.9,,,,,,,,,,,,,Bob Stoops,27.818181818181817,23.90909090909091,3.909090909090909,11.0,5.0,3.0,0.6
2006,Oklahoma,SEC,23.5,34.3,12.5,1.7,0.857,10.3,11.0,3.0,14.0,8.0,1.0,,,262.96,9.0,15.0,10.0,2.0,0.6666666666666666,,,,,,,,,,,,,Bob Stoops,29.384615384615383,15.307692307692308,14.076923076923077,13.0,4.0,3.0,0.75
2007,Oklahoma,SEC,30.9,44.7,16.2,2.3,0.834,10.8,11.0,3.0,14.0,7.0,2.0,,,220.6,18.0,8.0,1.0,0.0,0.125,,,,,,,,,,,,,Bob Stoops,43.38461538461539,18.153846153846153,25.23076923076923,13.0,3.0,1.0,0.3333333333333333
2008,Oklahoma,SEC,32.4,52.3,18.1,-1.8,0.814,11.7,12.0,2.0,14.0,8.0,1.0,,,284.83,6.0,16.0,15.0,2.0,0.9375,,,,,,,,,,,,,Bob Stoops,54.0,24.53846153846154,29.46153846153846,13.0,0.0,0.0,
2009,Oklahoma,SEC,22.3,31.4,8.6,-0.4,0.81,9.1,8.0,5.0,13.0,5.0,3.0,,,262.78,9.0,9.0,8.0,1.0,0.8888888888888888,,,,,,,,,,,,,Bob Stoops,31.083333333333332,13.5,17.583333333333332,12.0,4.0,0.0,0.0
2010,Oklahoma,SEC,23.5,37.8,15.9,1.6,0.851,9.7,12.0,2.0,14.0,7.0,2.0,8.194309175885573,,283.58,5.0,27.0,22.0,0.0,0.8148148148148148,,,,,,,,,,,,,Bob Stoops,36.38461538461539,21.923076923076923,14.461538461538462,13.0,5.0,5.0,1.0
2011,Oklahoma,SEC,30.1,42.7,14.6,1.9,0.835,10.8,10.0,3.0,13.0,6.0,3.0,9.813298282437083,,256.79,13.0,12.0,10.0,2.0,0.8333333333333334,,,,,,,,,,,,,Bob Stoops,40.25,22.75,17.5,12.0,2.0,0.0,0.0
2012,Oklahoma,SEC,28.5,46.0,19.9,2.4,0.822,10.1,10.0,3.0,13.0,8.0,1.0,8.529807940072331,,255.08,12.0,14.0,10.0,0.0,0.7142857142857143,,,,,,,,,,,,,Bob Stoops,40.25,24.166666666666668,16.083333333333332,12.0,4.0,3.0,0.75
2013,Oklahoma,SEC,19.6,36.2,18.3,1.6,0.848,8.0,11.0,2.0,13.0,7.0,2.0,7.33072157516068,,241.93,16.0,13.0,8.0,1.0,0.6153846153846154,,,,,,,,,,,,,Bob Stoops,31.833333333333332,21.333333333333332,10.5,12.0,1.0,1.0,1.0
2014,Oklahoma,SEC,19.2,39.9,22.2,1.6,0.864,8.0,8.0,5.0,13.0,5.0,4.0,8.539393648303442,,248.94,14.0,17.0,9.0,1.0,0.5294117647058824,0.585,1.064,0.88,0.357,0.522,0.963,,,,,,,Bob Stoops,38.916666666666664,24.75,14.166666666666666,12.0,4.0,1.0,0.25
2015,Oklahoma,SEC,22.7,41.7,19.3,0.3,0.85,10.2,11.0,2.0,13.0,8.0,1.0,10.355348372832067,775.9,249.69,15.0,13.0,9.0,0.0,0.6923076923076923,0.831,0.974,0.876,0.723,0.866,0.997,,,,,,,Bob Stoops,45.75,20.75,25.0,12.0,3.0,2.0,0.6666666666666666
2016,Oklahoma,SEC,26.1,48.7,22.9,0.3,0.864,11.0,11.0,2.0,13.0,9.0,0.0,10.469156403225035,777.48,238.73,19.0,19.0,10.0,1.0,0.5263157894736842,0.766,0.895,0.958,0.613,0.805,0.9,,,,,,,Bob Stoops,44.666666666666664,29.666666666666668,15.0,12.0,3.0,3.0,1.0
2017,Oklahoma,SEC,25.5,49.8,24.2,-0.1,0.843,12.1,12.0,2.0,14.0,9.0,1.0,12.357073975110955,801.67,270.79,8.0,25.0,17.0,0.0,0.68,0.594,0.899,0.269,0.424,0.526,0.975,,,,,,,Lincoln Riley,44.92307692307692,25.0,19.923076923076923,13.0,3.0,2.0,0.6666666666666666
2018,Oklahoma,SEC,24.9,54.0,30.0,1.0,0.909,11.7,12.0,2.0,14.0,9.0,1.0,11.52759909992852,843.79,276.62,9.0,25.0,12.0,1.0,0.48,0.408,0.154,0.615,0.544,0.441,0.07,,,,,,,Lincoln Riley,49.46153846153846,32.38461538461539,17.076923076923077,13.0,5.0,4.0,0.8
2019,Oklahoma,SEC,22.9,46.1,24.9,1.7,,,12.0,2.0,14.0,9.0,1.0,11.526837575638115,869.53,279.28,6.0,21.0,16.0,3.0,0.7619047619047619,0.363,0.04,0.455,0.581,0.424,0.024,,,,,,,Lincoln Riley,43.23076923076923,24.53846153846154,18.692307692307693,13.0,6.0,5.0,0.8333333333333334
2020,Oklahoma,SEC,17.8,43.0,25.2,,,,9.0,2.0,11.0,7.0,2.0,9.014127998888458,866.36,259.6,11.0,23.0,13.0,0.0,0.5652173913043478,0.278,0.11,0.285,0.409,0.372,0.101,,,,,,,Lincoln Riley,41.8,21.9,19.9,10.0,3.0,1.0,0.3333333333333333
2021,Oklahoma,SEC,16.8,41.1,25.6,,,,11.0,2.0,13.0,7.0,2.0,8.434133886944931,895.38,267.92,11.0,16.0,13.0,1.0,0.8125,0.721,0.872,0.161,0.727,0.591,0.885,10.0,19.0,-9.0,7.82,13.52,-5.699999999999999,Lincoln Riley,38.416666666666664,25.25,13.166666666666666,12.0,7.0,6.0,0.8571428571428571
2022,Oklahoma,SEC,15.4,40.8,26.5,1.0,,,6.0,7.0,13.0,3.0,6.0,7.258832896886252,870.34,266.73,8.0,22.0,17.0,0.0,0.7727272727272727,0.277,0.085,0.176,0.464,0.211,0.016,16.0,18.0,-2.0,13.200000000000001,13.860000000000001,-0.6600000000000001,Brent Venables,32.916666666666664,29.583333333333332,3.3333333333333335,12.0,4.0,0.0,0.0
2023,Oklahoma,SEC,15.0,38.5,22.6,-1.0,,,10.0,3.0,13.0,7.0,2.0,10.88962520047889,884.97,289.03,4.0,26.0,16.0,3.0,0.6153846153846154,0.527,0.895,0.348,0.42,0.675,0.974,18.0,27.0,-9.0,15.840000000000002,19.9,-4.059999999999997,Brent Venables,43.166666666666664,22.25,20.916666666666668,12.0,5.0,3.0,0.6
2024,Oklahoma,SEC,9.5,25.9,17.8,1.4,,,6.0,7.0,13.0,2.0,6.0,4.97822272964347,906.61,275.64,8.0,30.0,19.0,1.0,0.6333333333333333,0.394,0.171,0.373,0.591,0.37,0.176,16.0,25.0,-9.0,12.899999999999995,19.360000000000003,-6.460000000000008,Brent Venables,24.333333333333332,21.583333333333332,2.75,12.0,3.0,2.0,0.6666666666666666
2025,Oklahoma,SEC,18.3,30.1,12.9,1.1,,,10.0,3.0,13.0,6.0,2.0,8.677019150927663,882.59,248.6,17.0,18.0,12.0,1.0,0.6666666666666666,0.528,0.635,0.486,0.523,0.489,0.324,20.0,34.0,-14.0,16.079999999999995,26.299999999999997,-10.220000000000002,Brent Venables,26.416666666666668,13.916666666666666,12.5,12.0,4.0,4.0,1.0
2026,Oklahoma,SEC,18.8,32.1,13.7,0.4,,,0.0,0.0,0.0,0.0,0.0,0.0,851.14,252.55,15.0,25.0,11.0,0.0,0.44,0.632,0.921,1.216,0.416,0.746,0.933,16.0,29.0,-13.0,13.95,24.9,-10.95,Brent Venables,,,,,,,
2004,Oklahoma State,Big 12,13.1,40.3,29.7,,,,7.0,5.0,12.0,4.0,4.0,,,191.12,24.0,9.0,3.0,1.0,0.3333333333333333,,,,,,,,,,,,,Les Miles,34.54545454545455,24.363636363636363,10.181818181818182,11.0,2.0,1.0,0.5
2005,Oklahoma State,Big 12,1.1,25.4,24.3,,0.848,3.9,4.0,7.0,11.0,1.0,7.0,,,157.39,47.0,6.0,0.0,0.0,0.0,,,,,,,,,,,,,Mike Gundy,20.181818181818183,31.272727272727273,-11.090909090909092,11.0,3.0,2.0,0.6666666666666666
2006,Oklahoma State,Big 12,13.7,35.6,23.9,2.0,0.856,8.2,7.0,6.0,13.0,3.0,5.0,,,213.74,18.0,9.0,5.0,0.0,0.5555555555555556,,,,,,,,,,,,,Mike Gundy,35.333333333333336,25.166666666666668,10.166666666666666,12.0,4.0,0.0,0.0
2007,Oklahoma State,Big 12,13.1,43.2,28.9,-1.2,0.8,6.4,7.0,6.0,13.0,4.0,4.0,,,208.78,25.0,8.0,3.0,0.0,0.375,,,,,,,,,,,,,Mike Gundy,33.416666666666664,29.25,4.166666666666667,12.0,4.0,2.0,0.5
2008,Oklahoma State,Big 12,23.4,46.5,24.5,1.4,0.85,9.1,9.0,4.0,13.0,5.0,3.0,,,204.03,32.0,13.0,2.0,0.0,0.15384615384615385,,,,,,,,,,,,,Mike Gundy,41.583333333333336,26.916666666666668,14.666666666666666,12.0,2.0,1.0,0.5
2009,Oklahoma State,Big 12,14.0,28.7,16.6,1.9,0.829,7.6,9.0,4.0,13.0,6.0,2.0,,,209.57,34.0,13.0,3.0,0.0,0.23076923076923078,,,,,,,,,,,,,Mike Gundy,30.166666666666668,21.75,8.416666666666666,12.0,3.0,3.0,1.0
2010,Oklahoma State,Big 12,25.9,42.9,19.5,2.5,0.874,11.6,11.0,2.0,13.0,6.0,2.0,8.91497200485492,,213.1,29.0,17.0,4.0,0.0,0.23529411764705882,,,,,,,,,,,,,Mike Gundy,44.916666666666664,27.75,17.166666666666668,12.0,3.0,2.0,0.6666666666666666
2011,Oklahoma State,Big 12,29.4,49.2,21.4,1.5,0.847,11.7,12.0,1.0,13.0,8.0,1.0,8.303055971213572,,212.82,25.0,12.0,3.0,0.0,0.25,,,,,,,,,,,,,Mike Gundy,49.333333333333336,25.833333333333332,23.5,12.0,3.0,2.0,0.6666666666666666
2012,Oklahoma State,Big 12,24.0,44.7,23.3,2.6,0.857,10.0,8.0,5.0,13.0,5.0,4.0,8.38976034791627,,213.82,31.0,20.0,4.0,0.0,0.2,,,,,,,,,,,,,Mike Gundy,44.666666666666664,29.416666666666668,15.25,12.0,4.0,1.0,0.25
2013,Oklahoma State,Big 12,21.8,36.8,14.0,-1.1,0.877,11.6,10.0,3.0,13.0,7.0,2.0,8.64011101685562,,199.52,31.0,15.0,3.0,0.0,0.2,,,,,,,,,,,,,Mike Gundy,39.75,20.0,19.75,12.0,1.0,1.0,1.0
2014,Oklahoma State,Big 12,8.6,32.0,24.0,0.6,0.838,6.3,7.0,6.0,13.0,4.0,5.0,5.324450908565902,,217.59,27.0,16.0,5.0,0.0,0.3125,0.431,0.359,-4.1,0.418,0.472,0.394,,,,,,,Mike Gundy,27.416666666666668,32.0,-4.583333333333333,12.0,3.0,2.0,0.6666666666666666
2015,Oklahoma State,Big 12,9.9,37.7,28.8,1.1,0.851,8.0,10.0,3.0,13.0,7.0,2.0,8.427285862572768,651.83,191.28,40.0,8.0,2.0,0.0,0.25,0.723,0.514,0.242,0.92,0.443,0.301,,,,,,,Mike Gundy,41.166666666666664,29.0,12.166666666666666,12.0,4.0,4.0,1.0
2016,Oklahoma State,Big 12,16.4,42.4,27.0,1.0,0.879,9.2,10.0,3.0,13.0,7.0,2.0,9.81466087919795,631.68,184.33,45.0,18.0,1.0,0.0,0.05555555555555555,0.659,0.886,-0.287,0.602,0.753,0.858,,,,,,,Mike Gundy,38.666666666666664,28.083333333333332,10.583333333333334,12.0,5.0,4.0,0.8
2017,Oklahoma State,Big 12,19.1,42.2,23.0,-0.1,0.88,9.8,10.0,3.0,13.0,6.0,3.0,11.14896808422715,633.57,194.18,38.0,17.0,2.0,0.0,0.11764705882352941,0.739,0.973,0.465,0.666,0.762,0.99,,,,,,,Mike Gundy,46.25,30.083333333333332,16.166666666666668,12.0,4.0,3.0,0.75
2018,Oklahoma State,Big 12,13.8,42.0,28.9,0.7,0.892,7.6,7.0,6.0,13.0,3.0,6.0,8.54134701005254,645.01,209.93,34.0,22.0,2.0,0.0,0.09090909090909091,0.295,0.046,0.792,0.367,0.445,0.033,,,,,,,Mike Gundy,38.416666666666664,32.416666666666664,6.0,12.0,6.0,2.0,0.3333333333333333
2019,Oklahoma State,Big 12,8.7,35.0,26.2,-0.1,,,8.0,5.0,13.0,5.0,4.0,6.220483915182627,644.42,202.09,38.0,22.0,4.0,0.0,0.18181818181818182,0.438,0.095,0.345,0.69,0.312,0.013,,,,,,,Mike Gundy,33.416666666666664,27.0,6.416666666666667,12.0,4.0,3.0,0.75
2020,Oklahoma State,Big 12,14.2,30.7,16.7,,,,8.0,3.0,11.0,6.0,3.0,6.685870473126803,639.23,192.35,45.0,19.0,1.0,0.0,0.05263157894736842,0.868,0.788,0.983,0.836,0.856,0.702,,,,,,,Mike Gundy,29.5,22.4,7.1,10.0,5.0,3.0,0.6
2021,Oklahoma State,Big 12,17.2,30.6,14.3,,,,12.0,2.0,14.0,8.0,2.0,11.0676432944305,613.69,196.26,39.0,18.0,2.0,0.0,0.1111111111111111,0.511,0.725,0.418,0.406,0.679,0.978,5.0,8.0,-3.0,3.89,5.29,-1.4,Mike Gundy,30.615384615384617,16.76923076923077,13.846153846153847,13.0,6.0,4.0,0.6666666666666666
2022,Oklahoma State,Big 12,11.3,37.6,27.9,1.6,,,7.0,6.0,13.0,4.0,5.0,5.476452362264645,670.53,217.39,29.0,17.0,5.0,0.0,0.29411764705882354,0.903,0.899,0.82,0.945,0.66,0.883,5.0,16.0,-11.0,3.7600000000000002,12.419999999999996,-8.659999999999997,Mike Gundy,31.75,29.333333333333332,2.4166666666666665,12.0,4.0,2.0,0.5
2023,Oklahoma State,Big 12,6.7,32.8,27.1,1.0,,,10.0,4.0,14.0,7.0,3.0,5.77052764029184,649.79,193.19,54.0,19.0,0.0,0.0,0.0,0.3,0.251,-0.088,0.411,0.335,0.293,13.0,19.0,-6.0,11.429999999999998,14.640000000000002,-3.2100000000000044,Mike Gundy,29.46153846153846,29.0,0.46153846153846156,13.0,4.0,3.0,0.75
2024,Oklahoma State,Big 12,-2.6,29.4,31.7,-0.4,,,3.0,9.0,12.0,0.0,9.0,3.2763890633687,687.76,189.96,56.0,20.0,0.0,0.0,0.0,0.821,0.972,0.886,0.712,0.8,0.933,8.0,11.0,-3.0,6.95,7.699999999999999,-0.7499999999999991,Mike Gundy,27.166666666666668,35.583333333333336,-8.416666666666666,12.0,2.0,0.0,0.0
2025,Oklahoma State,Big 12,-15.1,15.2,31.6,1.3,,,1.0,11.0,12.0,0.0,9.0,1.4180518109351397,702.74,198.62,53.0,16.0,0.0,0.0,0.0,0.132,0.062,0.294,0.145,0.151,0.005,40.0,31.0,9.0,30.859999999999996,20.84,10.019999999999996,Mike Gundy,14.166666666666666,33.333333333333336,-19.166666666666668,12.0,3.0,0.0,0.0
2026,Oklahoma State,Big 12,6.9,29.9,23.4,0.5,,,0.0,0.0,0.0,0.0,0.0,0.0,672.69,190.27,69.0,18.0,0.0,0.0,0.0,0.0,0.0,0.0,0.0,0.0,0.0,55.0,65.0,-10.0,43.930000000000014,51.970000000000034,-8.04000000000002,Eric Morris,,,,,,,
2014,Old Dominion,Sun Belt,-12.7,32.8,43.3,-2.2,0.961,6.3,6.0,6.0,12.0,4.0,4.0,4.9410251480962835,,136.07,77.0,22.0,0.0,0.0,0.0,,,,,,,,,,,,,Bobby Wilder,32.666666666666664,38.0,-5.333333333333333,12.0,5.0,4.0,0.8
2015,Old Dominion,Sun Belt,-14.8,22.5,37.5,0.2,0.952,4.4,5.0,7.0,12.0,3.0,5.0,3.7843721325227038,319.6,115.65,110.0,19.0,0.0,0.0,0.0,0.427,0.059,0.487,0.613,0.341,0.007,,,,,,,Bobby Wilder,24.25,35.75,-11.5,12.0,4.0,3.0,0.75
2016,Old Dominion,Sun Belt,-0.7,29.9,30.9,0.2,0.956,9.5,10.0,3.0,13.0,7.0,1.0,9.35500193076252,347.2,106.63,120.0,24.0,0.0,0.0,0.0,0.972,1.0,1.002,0.946,0.968,1.0,,,,,,,Bobby Wilder,36.0,27.833333333333332,8.166666666666666,12.0,0.0,0.0,
2017,Old Dominion,Sun Belt,-16.8,16.3,32.8,-0.3,0.958,3.8,5.0,7.0,12.0,3.0,5.0,5.3260116271659745,331.2,99.41,124.0,18.0,0.0,0.0,0.0,0.555,0.067,0.913,0.627,0.536,0.06,,,,,,,Bobby Wilder,20.666666666666668,31.666666666666668,-11.0,12.0,5.0,3.0,0.6
2018,Old Dominion,Sun Belt,-14.1,24.9,39.7,0.7,0.977,4.1,4.0,8.0,12.0,2.0,6.0,4.364293675360259,333.18,108.27,128.0,21.0,0.0,0.0,0.0,0.721,1.107,0.174,0.694,0.761,0.946,,,,,,,Bobby Wilder,30.833333333333332,35.916666666666664,-5.083333333333333,12.0,4.0,2.0,0.5
2019,Old Dominion,Sun Belt,-24.4,10.6,34.3,-0.7,,,1.0,11.0,12.0,0.0,8.0,2.1823542379036525,374.74,128.31,116.0,21.0,0.0,0.0,0.0,0.279,0.124,1.109,0.207,0.296,0.188,,,,,,,Bobby Wilder,16.25,29.833333333333332,-13.583333333333334,12.0,4.0,1.0,0.25
2020,Old Dominion,Sun Belt,-15.9,14.0,29.9,,,,,,,,,,350.91,146.75,94.0,22.0,0.0,0.0,0.0,0.807,0.954,0.818,0.835,0.722,0.998,,,,,,,Ricky Rahne,,,,,,,
2021,Old Dominion,Sun Belt,-7.4,21.2,28.0,,,,6.0,7.0,13.0,5.0,3.0,6.864073086199553,409.31,135.74,100.0,20.0,0.0,0.0,0.0,,,,,,,7.0,14.0,-7.0,4.609999999999999,7.940000000000001,-3.330000000000002,Ricky Rahne,28.5,27.583333333333332,0.9166666666666666,12.0,5.0,2.0,0.4
2022,Old Dominion,Sun Belt,-13.0,16.9,29.3,-0.6,,,3.0,9.0,12.0,2.0,6.0,1.5267098873951883,438.06,118.85,106.0,14.0,0.0,0.0,0.0,0.787,0.936,1.024,0.663,0.914,0.997,3.0,10.0,-7.0,2.0,6.1499999999999995,-4.1499999999999995,Ricky Rahne,19.5,26.583333333333332,-7.083333333333333,12.0,5.0,2.0,0.4
2023,Old Dominion,Sun Belt,-10.1,23.1,31.3,-1.9,,,6.0,7.0,13.0,5.0,3.0,5.422775668709777,343.17,95.13,122.0,21.0,0.0,0.0,0.0,0.211,0.066,-4.5,0.387,0.223,0.002,6.0,20.0,-14.0,3.4,13.269999999999998,-9.869999999999997,Ricky Rahne,22.916666666666668,26.25,-3.3333333333333335,12.0,10.0,6.0,0.6
2024,Old Dominion,Sun Belt,-6.0,25.7,31.3,-0.4,,,5.0,7.0,12.0,4.0,4.0,5.978360050098397,428.91,119.46,125.0,17.0,0.0,0.0,0.0,0.562,0.791,0.668,0.459,0.567,0.868,15.0,32.0,-17.0,10.79,19.62,-8.830000000000002,Ricky Rahne,28.0,28.0,0.0,12.0,6.0,2.0,0.3333333333333333
2025,Old Dominion,Sun Belt,5.9,31.6,23.7,-2.0,,,10.0,3.0,13.0,6.0,2.0,9.778332027606666,477.45,144.31,102.0,17.0,0.0,0.0,0.0,0.412,0.85,0.677,0.042,0.443,0.758,12.0,32.0,-20.0,7.4,17.939999999999994,-10.539999999999994,Ricky Rahne,32.666666666666664,19.25,13.416666666666666,12.0,1.0,1.0,1.0
2026,Old Dominion,Sun Belt,-6.9,19.6,25.8,-0.7,,,0.0,0.0,0.0,0.0,0.0,0.0,544.25,178.55,96.0,18.0,0.0,0.0,0.0,0.092,-0.019,0.098,0.18,0.306,0.125,15.0,22.0,-7.0,11.75,15.299999999999999,-3.549999999999999,Ricky Rahne,,,,,,,
2004,Ole Miss,SEC,-1.6,26.6,28.2,,,,4.0,7.0,11.0,3.0,5.0,,,177.18,33.0,7.0,1.0,0.0,0.14285714285714285,,,,,,,,,,,,,David Cutcliffe,19.545454545454547,25.272727272727273,-5.7272727272727275,11.0,7.0,3.0,0.42857142857142855
2005,Ole Miss,SEC,-4.2,15.7,20.0,,0.898,3.6,3.0,8.0,11.0,1.0,7.0,,,183.26,32.0,16.0,2.0,2.0,0.125,,,,,,,,,,,,,Ed Orgeron,13.454545454545455,22.272727272727273,-8.818181818181818,11.0,3.0,2.0,0.6666666666666666
2006,Ole Miss,SEC,-3.2,20.1,23.7,0.4,0.827,3.3,4.0,8.0,12.0,2.0,6.0,,,231.94,15.0,14.0,5.0,0.0,0.35714285714285715,,,,,,,,,,,,,Ed Orgeron,15.666666666666666,22.916666666666668,-7.25,12.0,7.0,3.0,0.42857142857142855
2007,Ole Miss,SEC,-2.7,28.1,29.0,-1.7,0.797,3.4,3.0,9.0,12.0,0.0,8.0,,,221.24,17.0,11.0,3.0,0.0,0.2727272727272727,,,,,,,,,,,,,Ed Orgeron,20.083333333333332,28.5,-8.416666666666666,12.0,5.0,2.0,0.4
2008,Ole Miss,SEC,17.1,35.1,19.6,1.6,0.884,8.5,9.0,4.0,13.0,5.0,3.0,,,204.46,31.0,18.0,2.0,0.0,0.1111111111111111,,,,,,,,,,,,,Houston Nutt,30.833333333333332,17.75,13.083333333333334,12.0,6.0,2.0,0.3333333333333333
2009,Ole Miss,SEC,16.7,31.8,15.6,0.4,0.841,9.4,9.0,4.0,13.0,4.0,4.0,,,240.24,17.0,22.0,4.0,0.0,0.18181818181818182,,,,,,,,,,,,,Houston Nutt,30.25,18.583333333333332,11.666666666666666,12.0,2.0,1.0,0.5
2010,Ole Miss,SEC,2.8,31.5,29.5,0.8,0.816,4.7,4.0,8.0,12.0,1.0,7.0,5.683113679693572,,223.7,24.0,17.0,4.0,0.0,0.23529411764705882,,,,,,,,,,,,,Houston Nutt,30.583333333333332,35.166666666666664,-4.583333333333333,12.0,3.0,1.0,0.3333333333333333
2011,Ole Miss,SEC,-9.7,19.9,31.4,1.8,0.815,1.8,2.0,10.0,12.0,0.0,8.0,3.3077815256205523,,226.45,20.0,9.0,6.0,0.0,0.6666666666666666,,,,,,,,,,,,,Houston Nutt,16.083333333333332,32.083333333333336,-16.0,12.0,2.0,0.0,0.0
2012,Ole Miss,SEC,14.2,36.9,22.8,0.1,0.798,7.9,7.0,6.0,13.0,3.0,5.0,7.215597124469338,,190.69,48.0,14.0,3.0,1.0,0.21428571428571427,,,,,,,,,,,,,Hugh Freeze,30.916666666666668,28.5,2.4166666666666665,12.0,4.0,1.0,0.25
2013,Ole Miss,SEC,12.4,36.6,23.2,-1.0,0.823,7.8,8.0,5.0,13.0,3.0,5.0,7.733747010011201,,275.52,8.0,21.0,10.0,4.0,0.47619047619047616,,,,,,,,,,,,,Hugh Freeze,30.416666666666668,24.25,6.166666666666667,12.0,4.0,2.0,0.5
2014,Ole Miss,SEC,20.7,35.4,14.4,-0.3,0.782,9.0,9.0,4.0,13.0,5.0,3.0,7.977334643195365,,241.12,15.0,13.0,7.0,0.0,0.5384615384615384,0.625,1.062,0.325,0.491,0.749,0.899,,,,,,,Hugh Freeze,30.416666666666668,13.833333333333334,16.583333333333332,12.0,3.0,1.0,0.3333333333333333
2015,Ole Miss,SEC,27.0,43.1,17.4,1.4,0.826,11.2,10.0,3.0,13.0,6.0,2.0,10.252600123279988,764.34,245.71,17.0,9.0,5.0,0.0,0.5555555555555556,0.547,0.112,0.959,0.672,0.445,0.075,,,,,,,Hugh Freeze,40.25,22.833333333333332,17.416666666666668,12.0,2.0,1.0,0.5
2016,Ole Miss,SEC,12.4,38.9,27.9,1.3,0.812,5.5,5.0,7.0,12.0,2.0,6.0,5.905588826824104,808.15,281.69,5.0,24.0,16.0,3.0,0.6666666666666666,0.771,0.944,0.987,0.57,0.723,0.965,,,,,,,Hugh Freeze,32.583333333333336,34.0,-1.4166666666666667,12.0,3.0,1.0,0.3333333333333333
2017,Ole Miss,SEC,11.6,38.9,28.8,1.6,0.839,7.6,6.0,6.0,12.0,3.0,5.0,5.5994424978036355,795.7,207.63,31.0,19.0,3.0,0.0,0.15789473684210525,0.303,0.113,0.311,0.411,0.369,0.331,,,,,,,Matt Luke,32.833333333333336,34.583333333333336,-1.75,12.0,4.0,2.0,0.5
2018,Ole Miss,SEC,9.8,42.1,31.2,-1.2,0.786,5.9,5.0,7.0,12.0,1.0,7.0,6.526162160749458,734.0,211.49,32.0,20.0,3.0,0.0,0.15,0.622,0.458,0.499,0.759,0.526,0.404,,,,,,,Matt Luke,33.916666666666664,36.166666666666664,-2.25,12.0,3.0,1.0,0.3333333333333333
2019,Ole Miss,SEC,2.9,28.6,23.8,-1.9,,,4.0,8.0,12.0,2.0,6.0,5.056691126873146,717.92,238.11,22.0,27.0,6.0,1.0,0.2222222222222222,0.283,0.077,0.847,0.27,0.33,0.053,,,,,,,Matt Luke,26.583333333333332,26.5,0.08333333333333333,12.0,4.0,0.0,0.0
2020,Ole Miss,SEC,4.8,38.1,33.2,,,,5.0,5.0,10.0,4.0,5.0,5.1590253076158845,702.2,204.07,34.0,14.0,4.0,0.0,0.2857142857142857,0.899,1.0,0.983,0.799,0.853,1.0,,,,,,,Lane Kiffin,40.666666666666664,40.333333333333336,0.3333333333333333,9.0,4.0,2.0,0.5
2021,Ole Miss,SEC,14.8,36.8,22.4,,,,10.0,3.0,13.0,6.0,2.0,9.047692847424834,732.02,234.56,18.0,25.0,8.0,0.0,0.32,0.831,1.001,1.019,0.626,0.892,0.997,3.0,9.0,-6.0,2.49,5.6499999999999995,-3.1599999999999993,Lane Kiffin,35.916666666666664,25.0,10.916666666666666,12.0,2.0,2.0,1.0
2022,Ole Miss,SEC,16.2,38.8,23.7,1.1,,,8.0,5.0,13.0,4.0,4.0,9.25705926914302,757.39,222.38,23.0,18.0,6.0,0.0,0.3333333333333333,0.032,-0.16,0.007,0.164,0.107,0.11,17.0,23.0,-6.0,14.92,17.229999999999997,-2.309999999999997,Lane Kiffin,34.166666666666664,24.166666666666668,10.0,12.0,4.0,2.0,0.5
2023,Ole Miss,SEC,18.4,36.3,19.2,1.3,,,11.0,2.0,13.0,6.0,2.0,9.354529777476506,756.04,227.96,23.0,17.0,8.0,1.0,0.47058823529411764,0.618,0.956,0.738,0.37,0.728,0.93,25.0,38.0,-13.0,20.45,27.539999999999992,-7.089999999999993,Lane Kiffin,34.833333333333336,22.333333333333332,12.5,12.0,4.0,4.0,1.0
2024,Ole Miss,SEC,27.9,37.7,11.9,2.1,,,10.0,3.0,13.0,5.0,3.0,11.173295804083597,801.66,240.2,21.0,18.0,7.0,0.0,0.3888888888888889,0.816,0.896,0.879,0.74,0.642,0.927,25.0,24.0,1.0,22.180000000000003,18.269999999999996,3.9100000000000072,Lane Kiffin,37.5,13.916666666666666,23.583333333333332,12.0,3.0,0.0,0.0
2025,Ole Miss,SEC,24.0,40.4,18.3,1.9,,,13.0,2.0,15.0,7.0,1.0,11.829344287514687,813.11,251.63,16.0,22.0,11.0,1.0,0.5,0.175,0.043,0.061,0.302,0.146,0.071,28.0,30.0,-2.0,24.550000000000004,19.38,5.170000000000005,Pete Golding,37.25,20.083333333333332,17.166666666666668,12.0,4.0,4.0,1.0
2026,Ole Miss,SEC,16.5,35.2,19.4,0.7,,,0.0,0.0,0.0,0.0,0.0,0.0,885.72,236.72,22.0,22.0,8.0,0.0,0.36363636363636365,0.503,0.791,0.838,0.194,0.679,0.853,28.0,27.0,1.0,24.750000000000007,19.07,5.680000000000007,Pete Golding,,,,,,,
2004,Oregon,Big Ten,3.7,32.6,30.4,,,,5.0,6.0,11.0,4.0,5.0,,,234.92,12.0,10.0,4.0,1.0,0.4,,,,,,,,,,,,,Mike Bellotti,25.636363636363637,25.636363636363637,0.0,11.0,4.0,2.0,0.5
2005,Oregon,Big Ten,18.1,35.0,16.9,,0.863,8.3,10.0,2.0,12.0,7.0,1.0,,,184.71,31.0,5.0,1.0,1.0,0.2,,,,,,,,,,,,,Mike Bellotti,36.36363636363637,23.727272727272727,12.636363636363637,11.0,4.0,4.0,1.0
2006,Oregon,Big Ten,11.2,33.3,21.5,-0.5,0.827,7.8,7.0,6.0,13.0,4.0,6.0,,,152.98,50.0,9.0,0.0,0.0,0.0,,,,,,,,,,,,,Mike Bellotti,31.25,25.583333333333332,5.666666666666667,12.0,3.0,2.0,0.6666666666666666
2007,Oregon,Big Ten,23.1,41.2,19.7,1.6,0.853,9.9,9.0,4.0,13.0,6.0,4.0,,,228.77,14.0,15.0,3.0,0.0,0.2,,,,,,,,,,,,,Mike Bellotti,36.666666666666664,23.833333333333332,12.833333333333334,12.0,3.0,1.0,0.3333333333333333
2008,Oregon,Big Ten,19.6,38.4,18.3,-0.5,0.874,9.9,10.0,3.0,13.0,8.0,2.0,,,200.86,34.0,12.0,5.0,0.0,0.4166666666666667,,,,,,,,,,,,,Mike Bellotti,41.916666666666664,28.0,13.916666666666666,12.0,4.0,3.0,0.75
2009,Oregon,Big Ten,22.4,36.2,15.5,1.7,0.857,10.3,10.0,3.0,13.0,10.0,2.0,,,212.76,30.0,13.0,2.0,0.0,0.15384615384615385,,,,,,,,,,,,,Chip Kelly,37.666666666666664,23.583333333333332,14.083333333333334,12.0,4.0,4.0,1.0
2010,Oregon,Big Ten,28.2,43.5,16.0,0.8,0.84,10.8,12.0,1.0,13.0,10.0,0.0,9.306341897729634,,250.88,12.0,17.0,10.0,1.0,0.5882352941176471,,,,,,,,,,,,,Chip Kelly,49.333333333333336,18.416666666666668,30.916666666666668,12.0,1.0,1.0,1.0
2011,Oregon,Big Ten,27.2,46.3,19.9,0.8,0.848,12.7,12.0,2.0,14.0,9.0,1.0,11.439472813231788,,257.09,12.0,16.0,9.0,1.0,0.5625,,,,,,,,,,,,,Chip Kelly,46.15384615384615,23.615384615384617,22.53846153846154,13.0,1.0,0.0,0.0
2012,Oregon,Big Ten,27.2,46.4,17.2,-2.0,0.868,11.9,12.0,1.0,13.0,8.0,1.0,8.476184315713128,,251.25,14.0,18.0,10.0,1.0,0.5555555555555556,,,,,,,,,,,,,Chip Kelly,50.833333333333336,22.0,28.833333333333332,12.0,1.0,0.0,0.0
2013,Oregon,Big Ten,28.7,46.8,18.1,0.0,0.883,10.9,11.0,2.0,13.0,7.0,2.0,9.388913912464675,,227.16,19.0,14.0,8.0,1.0,0.5714285714285714,,,,,,,,,,,,,Mark Helfrich,46.75,21.583333333333332,25.166666666666668,12.0,2.0,1.0,0.5
2014,Oregon,Big Ten,24.7,48.1,23.2,-0.2,0.844,12.4,13.0,2.0,15.0,9.0,1.0,12.54328897670143,,232.44,21.0,15.0,6.0,0.0,0.4,0.707,1.019,0.831,0.494,0.807,0.985,,,,,,,Mark Helfrich,46.30769230769231,22.46153846153846,23.846153846153847,13.0,2.0,1.0,0.5
2015,Oregon,Big Ten,15.9,46.7,30.4,-0.4,0.854,8.8,9.0,4.0,13.0,7.0,2.0,8.205796778749793,757.52,245.79,16.0,8.0,7.0,1.0,0.875,0.478,0.275,0.496,0.648,0.56,0.086,,,,,,,Mark Helfrich,43.166666666666664,36.75,6.416666666666667,12.0,5.0,3.0,0.6
2016,Oregon,Big Ten,6.1,42.5,36.1,-0.4,0.86,5.2,4.0,8.0,12.0,2.0,7.0,4.389081355783599,738.29,216.42,27.0,21.0,6.0,0.0,0.2857142857142857,0.608,0.079,0.905,0.642,0.514,0.046,,,,,,,Mark Helfrich,35.416666666666664,41.416666666666664,-6.0,12.0,4.0,1.0,0.25
2017,Oregon,Big Ten,9.1,35.0,25.1,-0.7,0.897,7.9,7.0,6.0,13.0,4.0,5.0,7.417197560383757,720.23,230.04,19.0,24.0,7.0,0.0,0.2916666666666667,0.489,0.48,0.822,0.37,0.658,0.627,,,,,,,Willie Taggart,36.666666666666664,28.25,8.416666666666666,12.0,2.0,1.0,0.5
2018,Oregon,Big Ten,7.3,34.7,25.8,-1.7,0.909,7.6,9.0,4.0,13.0,5.0,4.0,7.531275783891558,695.81,260.22,13.0,25.0,12.0,0.0,0.48,0.658,0.974,0.259,0.766,0.616,0.913,,,,,,,Mario Cristobal,37.166666666666664,27.0,10.166666666666666,12.0,4.0,2.0,0.5
2019,Oregon,Big Ten,19.0,35.6,15.5,-1.1,,,12.0,2.0,14.0,9.0,1.0,11.329026400958213,817.7,277.98,7.0,26.0,15.0,1.0,0.5769230769230769,0.735,0.965,0.861,0.521,0.828,0.975,,,,,,,Mario Cristobal,35.92307692307692,15.692307692307692,20.23076923076923,13.0,4.0,2.0,0.5
2020,Oregon,Big Ten,18.1,35.1,16.9,,,,4.0,3.0,7.0,4.0,2.0,4.96852711050329,816.74,259.49,12.0,24.0,12.0,3.0,0.5,0.489,0.076,0.758,0.695,0.541,0.034,,,,,,,Mario Cristobal,33.666666666666664,27.333333333333332,6.333333333333333,6.0,4.0,2.0,0.5
2021,Oregon,Big Ten,10.2,35.0,26.0,,,,10.0,4.0,14.0,7.0,3.0,9.767731751908086,885.75,287.38,6.0,24.0,19.0,0.0,0.7916666666666666,0.522,0.173,0.471,0.787,0.54,0.126,0.0,12.0,-12.0,0.0,7.9399999999999995,-7.9399999999999995,Mario Cristobal,31.384615384615383,25.46153846153846,5.923076923076923,13.0,5.0,4.0,0.8
2022,Oregon,Big Ten,18.9,44.9,26.5,0.5,,,10.0,3.0,13.0,7.0,2.0,10.520552378625103,877.93,243.37,13.0,21.0,11.0,1.0,0.5238095238095238,0.169,0.077,0.083,0.302,0.183,0.046,12.0,19.0,-7.0,9.46,13.120000000000001,-3.66,Dan Lanning,39.666666666666664,27.416666666666668,12.25,12.0,4.0,2.0,0.5
2023,Oregon,Big Ten,26.2,45.0,18.2,-0.5,,,12.0,2.0,14.0,8.0,2.0,12.653452222109038,874.74,278.44,9.0,33.0,19.0,1.0,0.5757575757575758,0.807,0.932,0.844,0.706,0.844,0.986,15.0,34.0,-19.0,13.120000000000001,25.900000000000002,-12.780000000000001,Dan Lanning,44.15384615384615,17.307692307692307,26.846153846153847,13.0,2.0,0.0,0.0
2024,Oregon,Big Ten,26.0,40.8,16.3,1.5,,,13.0,1.0,14.0,10.0,0.0,11.512575801334167,916.71,293.22,3.0,31.0,21.0,0.0,0.6774193548387096,0.356,0.077,0.387,0.568,0.323,0.037,14.0,20.0,-6.0,12.360000000000003,15.449999999999998,-3.0899999999999945,Dan Lanning,35.92307692307692,17.76923076923077,18.153846153846153,13.0,3.0,3.0,1.0
2025,Oregon,Big Ten,25.9,38.7,13.5,0.7,,,13.0,2.0,15.0,8.0,1.0,12.73398682102561,941.22,296.1,5.0,21.0,18.0,3.0,0.8571428571428571,0.187,0.009,0.113,0.328,0.246,0.022,11.0,14.0,-3.0,9.43,10.249999999999998,-0.8199999999999985,Dan Lanning,38.166666666666664,14.833333333333334,23.333333333333332,12.0,2.0,2.0,1.0
2026,Oregon,Big Ten,29.2,41.1,12.2,0.3,,,0.0,0.0,0.0,0.0,0.0,0.0,984.33,303.22,3.0,25.0,18.0,4.0,0.72,0.753,0.945,0.683,0.635,0.67,0.98,13.0,31.0,-18.0,10.62,25.75000000000001,-15.130000000000011,Dan Lanning,,,,,,,
2004,Oregon State,Pac-12,17.5,39.1,23.3,,,,7.0,5.0,12.0,6.0,3.0,,,188.9,26.0,7.0,0.0,0.0,0.0,,,,,,,,,,,,,Mike Riley,25.636363636363637,24.818181818181817,0.8181818181818182,11.0,2.0,1.0,0.5
2005,Oregon State,Pac-12,1.5,26.6,25.2,,0.884,5.0,5.0,6.0,11.0,3.0,5.0,,,159.77,45.0,8.0,0.0,0.0,0.0,,,,,,,,,,,,,Mike Riley,26.636363636363637,33.18181818181818,-6.545454545454546,11.0,4.0,2.0,0.5
2006,Oregon State,Pac-12,11.3,31.0,21.0,1.3,0.845,8.2,10.0,4.0,14.0,6.0,3.0,,,180.86,34.0,16.0,0.0,0.0,0.0,,,,,,,,,,,,,Mike Riley,26.923076923076923,21.0,5.923076923076923,13.0,5.0,4.0,0.8
2007,Oregon State,Pac-12,11.6,25.6,13.5,-0.5,0.836,8.1,9.0,4.0,13.0,7.0,3.0,,,177.75,40.0,20.0,0.0,0.0,0.0,,,,,,,,,,,,,Mike Riley,28.416666666666668,23.333333333333332,5.083333333333333,12.0,3.0,3.0,1.0
2008,Oregon State,Pac-12,14.2,33.7,19.1,-0.4,0.856,9.2,9.0,4.0,13.0,7.0,4.0,,,162.02,55.0,11.0,0.0,0.0,0.0,,,,,,,,,,,,,Mike Riley,32.833333333333336,25.0,7.833333333333333,12.0,4.0,3.0,0.75
2009,Oregon State,Pac-12,12.6,35.3,24.7,2.1,0.878,8.2,8.0,5.0,13.0,7.0,4.0,,,184.11,51.0,21.0,1.0,0.0,0.047619047619047616,,,,,,,,,,,,,Mike Riley,32.416666666666664,23.416666666666668,9.0,12.0,5.0,2.0,0.4
2010,Oregon State,Pac-12,4.6,30.6,25.5,-0.5,0.755,4.6,5.0,7.0,12.0,4.0,6.0,4.564677470704627,,178.62,62.0,16.0,2.0,0.0,0.125,,,,,,,,,,,,,Mike Riley,24.416666666666668,26.833333333333332,-2.4166666666666665,12.0,5.0,3.0,0.6
2011,Oregon State,Pac-12,-5.2,25.2,30.6,0.2,0.854,3.6,3.0,9.0,12.0,3.0,6.0,5.564931597394642,,175.84,42.0,13.0,1.0,0.0,0.07692307692307693,,,,,,,,,,,,,Mike Riley,21.833333333333332,30.833333333333332,-9.0,12.0,1.0,0.0,0.0
2012,Oregon State,Pac-12,16.4,33.2,19.0,2.2,0.855,8.9,9.0,4.0,13.0,6.0,3.0,7.680362469585273,,195.63,44.0,18.0,1.0,1.0,0.05555555555555555,,,,,,,,,,,,,Mike Riley,33.0,19.75,13.25,12.0,5.0,3.0,0.6
2013,Oregon State,Pac-12,11.9,38.0,26.6,0.4,0.856,7.2,7.0,6.0,13.0,4.0,5.0,7.099153698234536,,186.6,45.0,14.0,1.0,0.0,0.07142857142857142,,,,,,,,,,,,,Mike Riley,34.5,32.083333333333336,2.4166666666666665,12.0,4.0,2.0,0.5
2014,Oregon State,Pac-12,3.2,30.3,27.9,0.9,0.881,6.0,5.0,7.0,12.0,2.0,7.0,4.81438036721349,,166.96,60.0,13.0,0.0,0.0,0.0,0.654,0.986,1.024,0.497,0.805,0.972,,,,,,,Mike Riley,25.666666666666668,31.583333333333332,-5.916666666666667,12.0,3.0,1.0,0.3333333333333333
2015,Oregon State,Pac-12,-10.1,25.9,35.3,-0.8,0.842,2.6,2.0,10.0,12.0,0.0,9.0,3.0473629074791604,544.66,167.89,61.0,11.0,0.0,0.0,0.0,0.431,0.087,-0.154,0.705,0.203,0.002,,,,,,,Gary Andersen,19.0,37.0,-18.0,12.0,1.0,0.0,0.0
2016,Oregon State,Pac-12,-4.6,26.1,30.0,-0.7,0.863,4.5,4.0,8.0,12.0,3.0,6.0,4.673670331680359,524.89,169.17,58.0,18.0,1.0,0.0,0.05555555555555555,0.925,1.493,0.991,0.763,0.688,0.661,,,,,,,Gary Andersen,26.166666666666668,30.5,-4.333333333333333,12.0,4.0,1.0,0.25
2017,Oregon State,Pac-12,-12.6,28.8,39.9,-1.5,0.88,1.9,1.0,11.0,12.0,0.0,9.0,1.8793684121224026,557.02,181.32,51.0,18.0,2.0,0.0,0.1111111111111111,0.569,-7.346,0.879,0.69,0.636,0.541,,,,,,,Gary Andersen,20.666666666666668,43.0,-22.333333333333332,12.0,3.0,1.0,0.3333333333333333
2018,Oregon State,Pac-12,-16.0,28.8,43.4,-1.3,0.875,1.8,2.0,10.0,12.0,1.0,8.0,2.6501600880510536,535.36,173.14,70.0,24.0,0.0,0.0,0.0,0.491,0.396,0.173,0.642,0.383,0.381,,,,,,,Jonathan Smith,26.083333333333332,45.666666666666664,-19.583333333333332,12.0,2.0,1.0,0.5
2019,Oregon State,Pac-12,-0.7,33.8,32.8,-1.7,,,5.0,7.0,12.0,4.0,5.0,5.384315406264852,595.5,172.88,66.0,20.0,0.0,0.0,0.0,0.771,0.608,0.909,0.808,0.761,0.626,,,,,,,Jonathan Smith,31.166666666666668,32.5,-1.3333333333333333,12.0,5.0,2.0,0.4
2020,Oregon State,Pac-12,-0.7,29.4,30.0,,,,2.0,5.0,7.0,2.0,5.0,2.1404653569196337,616.25,182.12,53.0,15.0,0.0,0.0,0.0,0.314,0.097,0.572,0.376,0.366,0.139,,,,,,,Jonathan Smith,28.857142857142858,33.285714285714285,-4.428571428571429,7.0,5.0,2.0,0.4
2021,Oregon State,Pac-12,8.9,36.9,28.5,,,,7.0,6.0,13.0,5.0,4.0,8.65036181910906,640.66,131.45,108.0,14.0,0.0,0.0,0.0,0.851,1.0,0.662,0.962,0.765,1.0,6.0,14.0,-8.0,4.43,7.3999999999999995,-2.9699999999999998,Jonathan Smith,32.75,25.916666666666668,6.833333333333333,12.0,3.0,1.0,0.3333333333333333
2022,Oregon State,Pac-12,14.3,33.3,17.7,-1.3,,,10.0,3.0,13.0,6.0,3.0,11.185678034765074,635.88,181.41,56.0,19.0,0.0,0.0,0.0,0.698,0.934,0.634,0.565,0.641,0.909,2.0,10.0,-8.0,1.6600000000000001,6.08,-4.42,Jonathan Smith,32.416666666666664,21.416666666666668,11.0,12.0,5.0,3.0,0.6
2023,Oregon State,Pac-12,12.6,33.2,22.3,1.7,,,8.0,5.0,13.0,5.0,4.0,9.343547327423035,653.16,198.88,49.0,19.0,2.0,0.0,0.10526315789473684,0.527,0.465,0.624,0.508,0.624,0.615,7.0,9.0,-2.0,5.62,6.06,-0.4399999999999995,Kefense Hynson,33.833333333333336,21.5,12.333333333333334,12.0,4.0,1.0,0.25
2024,Oregon State,Pac-12,-6.7,26.1,32.7,0.0,,,5.0,7.0,12.0,1.0,0.0,3.9818542750933763,626.97,159.84,87.0,16.0,1.0,0.0,0.0625,0.07,0.003,0.037,0.122,0.078,0.081,16.0,25.0,-9.0,13.769999999999998,17.99,-4.220000000000001,Trent Bray,24.25,29.916666666666668,-5.666666666666667,12.0,2.0,1.0,0.5
2025,Oregon State,Pac-12,-15.9,17.0,30.8,-2.0,,,2.0,10.0,12.0,1.0,1.0,4.057270593941212,667.99,188.93,64.0,20.0,0.0,0.0,0.0,0.522,-0.027,0.395,0.695,0.498,0.094,14.0,15.0,-1.0,10.339999999999998,11.55,-1.2100000000000026,Robb Akey,18.166666666666668,29.416666666666668,-11.25,12.0,4.0,1.0,0.25
2026,Oregon State,Pac-12,-5.6,21.2,26.1,-0.7,,,0.0,0.0,0.0,0.0,0.0,0.0,635.79,176.78,100.0,12.0,0.0,0.0,0.0,0.579,0.897,1.437,0.409,0.503,0.868,20.0,36.0,-16.0,15.779999999999998,25.46,-9.680000000000003,JaMarcus Shephard,,,,,,,
2004,Penn State,Big Ten,7.4,22.5,15.9,,,,4.0,7.0,11.0,2.0,6.0,,,221.53,13.0,9.0,4.0,2.0,0.4444444444444444,,,,,,,,,,,,,Joe Paterno,17.727272727272727,15.272727272727273,2.4545454545454546,11.0,4.0,1.0,0.25
2005,Penn State,Big Ten,29.3,38.2,9.0,,0.872,10.3,11.0,1.0,12.0,7.0,1.0,,,195.18,25.0,9.0,3.0,2.0,0.3333333333333333,,,,,,,,,,,,,Joe Paterno,35.18181818181818,16.454545454545453,18.727272727272727,11.0,3.0,2.0,0.6666666666666666
2006,Penn State,Big Ten,12.7,24.9,12.0,-0.2,0.857,7.4,9.0,4.0,13.0,5.0,3.0,,,270.41,7.0,15.0,15.0,1.0,1.0,,,,,,,,,,,,,Joe Paterno,22.5,14.75,7.75,12.0,3.0,2.0,0.6666666666666666
2007,Penn State,Big Ten,20.2,35.5,16.0,0.7,0.888,9.9,9.0,4.0,13.0,4.0,4.0,,,183.65,39.0,8.0,4.0,0.0,0.5,,,,,,,,,,,,,Joe Paterno,30.833333333333332,17.583333333333332,13.25,12.0,5.0,2.0,0.4
2008,Penn State,Big Ten,29.5,41.1,13.5,2.0,0.879,11.1,11.0,2.0,13.0,8.0,2.0,,,189.29,40.0,14.0,6.0,0.0,0.42857142857142855,,,,,,,,,,,,,Joe Paterno,40.166666666666664,12.416666666666666,27.75,12.0,2.0,1.0,0.5
2009,Penn State,Big Ten,21.9,34.2,10.9,-1.4,0.898,10.5,11.0,2.0,13.0,6.0,2.0,,,233.47,19.0,16.0,6.0,0.0,0.375,,,,,,,,,,,,,Joe Paterno,29.666666666666668,11.833333333333334,17.833333333333332,12.0,0.0,0.0,
2010,Penn State,Big Ten,6.6,29.2,23.5,0.9,0.842,7.3,7.0,6.0,13.0,4.0,4.0,7.23714621166736,,249.63,13.0,17.0,13.0,0.0,0.7647058823529411,,,,,,,,,,,,,Joe Paterno,24.583333333333332,22.583333333333332,2.0,12.0,1.0,0.0,0.0
2011,Penn State,Big Ten,11.5,25.2,13.3,-0.4,0.853,7.7,9.0,4.0,13.0,6.0,2.0,7.22480015127199,,201.4,31.0,11.0,5.0,0.0,0.45454545454545453,,,,,,,,,,,,,Joe Paterno,19.75,15.666666666666666,4.083333333333333,12.0,6.0,5.0,0.8333333333333334
2012,Penn State,Big Ten,14.1,32.7,17.0,-1.7,0.911,7.7,8.0,4.0,12.0,6.0,2.0,8.73917830634619,,192.63,47.0,19.0,3.0,0.0,0.15789473684210525,,,,,,,,,,,,,Bill O'Brien,29.083333333333332,19.083333333333332,10.0,12.0,2.0,1.0,0.5
2013,Penn State,Big Ten,8.9,31.6,21.6,-1.2,0.897,7.0,7.0,5.0,12.0,4.0,4.0,6.9046074931239785,,195.7,33.0,16.0,4.0,1.0,0.25,,,,,,,,,,,,,Bill O'Brien,28.666666666666668,26.166666666666668,2.5,12.0,6.0,4.0,0.6666666666666666
2014,Penn State,Big Ten,9.2,20.6,11.0,-0.4,0.899,7.2,7.0,6.0,13.0,2.0,6.0,7.680484438802779,,221.35,24.0,15.0,6.0,0.0,0.4,0.539,0.967,0.814,0.328,0.85,0.963,,,,,,,James Franklin,19.75,17.666666666666668,2.0833333333333335,12.0,7.0,3.0,0.42857142857142855
2015,Penn State,Big Ten,11.3,28.4,19.0,1.9,0.865,6.4,7.0,6.0,13.0,4.0,4.0,7.346765352357544,732.36,250.0,14.0,15.0,13.0,0.0,0.8666666666666667,0.748,0.816,3.609,0.691,0.789,0.978,,,,,,,James Franklin,23.666666666666668,21.666666666666668,2.0,12.0,3.0,2.0,0.6666666666666666
2016,Penn State,Big Ten,19.0,38.0,20.9,1.9,0.839,10.5,11.0,3.0,14.0,9.0,1.0,8.744840444396715,742.52,237.79,20.0,19.0,8.0,1.0,0.42105263157894735,0.651,0.251,0.585,0.829,0.521,0.104,,,,,,,James Franklin,36.69230769230769,23.384615384615383,13.307692307692308,13.0,5.0,4.0,0.8
2017,Penn State,Big Ten,26.0,41.5,14.9,-0.6,0.86,10.9,11.0,2.0,13.0,7.0,2.0,10.508335753447591,779.26,240.47,15.0,22.0,11.0,0.0,0.5,0.847,0.938,0.967,0.744,0.925,0.993,,,,,,,James Franklin,41.583333333333336,15.5,26.083333333333332,12.0,3.0,1.0,0.3333333333333333
2018,Penn State,Big Ten,19.0,33.9,14.6,-0.3,0.868,9.7,9.0,4.0,13.0,6.0,3.0,10.624256742104885,834.24,285.92,6.0,23.0,15.0,3.0,0.6521739130434783,0.589,0.844,0.549,0.44,0.631,0.982,,,,,,,James Franklin,34.583333333333336,20.0,14.583333333333334,12.0,5.0,3.0,0.6
2019,Penn State,Big Ten,24.3,37.5,15.7,2.5,,,11.0,2.0,13.0,7.0,2.0,9.896630112827209,857.34,270.67,12.0,22.0,17.0,1.0,0.7727272727272727,0.401,0.522,0.108,0.636,0.198,0.029,,,,,,,James Franklin,34.333333333333336,14.083333333333334,20.25,12.0,5.0,4.0,0.8
2020,Penn State,Big Ten,13.9,35.0,21.0,,,,4.0,5.0,9.0,4.0,5.0,5.301382146735164,850.7,256.05,15.0,26.0,14.0,0.0,0.5384615384615384,0.792,1.0,0.96,0.577,0.819,1.0,,,,,,,James Franklin,29.77777777777778,27.666666666666668,2.111111111111111,9.0,2.0,0.0,0.0
2021,Penn State,Big Ten,14.3,28.0,14.6,,,,7.0,6.0,13.0,4.0,5.0,7.38508322308855,820.72,216.43,21.0,18.0,7.0,0.0,0.3888888888888889,0.843,0.93,0.781,0.805,0.808,0.817,6.0,14.0,-8.0,5.090000000000001,10.379999999999999,-5.289999999999998,James Franklin,26.25,16.75,9.5,12.0,5.0,1.0,0.2
2022,Penn State,Big Ten,22.4,36.6,13.9,-0.3,,,11.0,2.0,13.0,7.0,2.0,10.521386176198106,830.44,278.66,6.0,24.0,15.0,3.0,0.625,0.761,0.914,2.029,0.617,0.692,0.933,3.0,15.0,-12.0,2.58,11.08,-8.5,James Franklin,35.833333333333336,18.0,17.833333333333332,12.0,1.0,1.0,1.0
2023,Penn State,Big Ten,23.5,32.7,10.5,1.3,,,10.0,3.0,13.0,7.0,2.0,9.08791319601373,858.06,270.1,14.0,24.0,18.0,0.0,0.75,0.428,0.118,0.884,0.465,0.489,0.152,6.0,14.0,-8.0,4.99,11.329999999999997,-6.339999999999996,James Franklin,37.166666666666664,11.416666666666666,25.75,12.0,0.0,0.0,
2024,Penn State,Big Ten,24.6,37.5,13.1,0.2,,,13.0,3.0,16.0,8.0,2.0,12.729323632020687,895.31,265.61,15.0,26.0,16.0,0.0,0.6153846153846154,0.737,0.968,0.885,0.541,0.856,0.993,6.0,13.0,-7.0,4.49,9.44,-4.949999999999999,James Franklin,33.61538461538461,16.384615384615383,17.23076923076923,13.0,4.0,3.0,0.75
2025,Penn State,Big Ten,18.1,35.1,18.8,1.8,,,7.0,6.0,13.0,3.0,6.0,9.183892115019262,910.42,255.36,15.0,29.0,20.0,0.0,0.6896551724137931,0.564,0.879,0.705,0.314,0.767,0.903,8.0,16.0,-8.0,7.02,11.030000000000001,-4.010000000000002,James Franklin,31.75,21.416666666666668,10.333333333333334,12.0,6.0,1.0,0.16666666666666666
2026,Penn State,Big Ten,16.2,33.9,18.3,0.6,,,0.0,0.0,0.0,0.0,0.0,0.0,774.04,194.39,65.0,15.0,4.0,0.0,0.26666666666666666,0.076,0.033,-0.016,0.145,0.035,0.003,38.0,48.0,-10.0,32.17,39.230000000000004,-7.060000000000002,Matt Campbell,,,,,,,
2004,Pittsburgh,ACC,6.4,32.1,27.4,,,,8.0,4.0,12.0,4.0,2.0,,,154.42,42.0,8.0,0.0,0.0,0.0,,,,,,,,,,,,,Walt Harris,28.90909090909091,23.0,5.909090909090909,11.0,7.0,5.0,0.7142857142857143
2005,Pittsburgh,ACC,6.8,23.9,17.1,,0.908,6.5,5.0,6.0,11.0,4.0,3.0,,,158.2,46.0,6.0,0.0,0.0,0.0,,,,,,,,,,,,,Dave Wannstedt,24.272727272727273,22.09090909090909,2.1818181818181817,11.0,2.0,0.0,0.0
2006,Pittsburgh,ACC,14.4,31.9,18.8,1.4,0.867,7.1,6.0,6.0,12.0,2.0,5.0,,,229.68,16.0,16.0,6.0,0.0,0.375,,,,,,,,,,,,,Dave Wannstedt,31.75,22.833333333333332,8.916666666666666,12.0,1.0,0.0,0.0
2007,Pittsburgh,ACC,7.5,24.7,16.8,-0.4,0.868,5.6,5.0,7.0,12.0,3.0,4.0,,,216.08,21.0,13.0,2.0,0.0,0.15384615384615385,,,,,,,,,,,,,Dave Wannstedt,22.833333333333332,24.25,-1.4166666666666667,12.0,7.0,3.0,0.42857142857142855
2008,Pittsburgh,ACC,9.0,26.2,19.2,1.9,0.935,8.1,9.0,4.0,13.0,5.0,2.0,,,224.64,20.0,13.0,5.0,1.0,0.38461538461538464,,,,,,,,,,,,,Dave Wannstedt,29.333333333333332,23.0,6.333333333333333,12.0,5.0,4.0,0.8
2009,Pittsburgh,ACC,17.9,36.1,19.8,1.6,0.918,9.5,10.0,3.0,13.0,5.0,2.0,,,197.86,43.0,15.0,3.0,0.0,0.2,,,,,,,,,,,,,Dave Wannstedt,33.166666666666664,20.0,13.166666666666666,12.0,6.0,3.0,0.5
2010,Pittsburgh,ACC,11.3,29.7,18.7,0.4,0.886,8.8,8.0,5.0,13.0,5.0,2.0,8.093809921504555,,212.43,31.0,16.0,5.0,0.0,0.3125,,,,,,,,,,,,,Phil Bennett,26.25,19.75,6.5,12.0,4.0,1.0,0.25
2011,Pittsburgh,ACC,5.6,25.6,20.9,0.8,0.907,5.9,6.0,7.0,13.0,4.0,3.0,7.573321240008349,,150.28,62.0,15.0,1.0,0.0,0.06666666666666667,,,,,,,,,,,,,Todd Graham,25.75,22.416666666666668,3.3333333333333335,12.0,6.0,2.0,0.3333333333333333
2012,Pittsburgh,ACC,5.7,27.5,21.5,-0.3,0.921,6.9,6.0,7.0,13.0,3.0,4.0,8.440927824230137,,198.81,43.0,17.0,4.0,1.0,0.23529411764705882,,,,,,,,,,,,,Paul Chryst,27.416666666666668,19.666666666666668,7.75,12.0,3.0,0.0,0.0
2013,Pittsburgh,ACC,9.4,32.9,22.3,-1.2,0.871,7.3,7.0,6.0,13.0,3.0,5.0,7.871650657610759,,196.04,32.0,17.0,3.0,0.0,0.17647058823529413,,,,,,,,,,,,,Paul Chryst,26.0,27.166666666666668,-1.1666666666666667,12.0,5.0,3.0,0.6
2014,Pittsburgh,ACC,14.1,37.4,25.3,2.0,0.931,9.3,6.0,7.0,13.0,4.0,4.0,5.676378090312819,,187.66,44.0,16.0,3.0,0.0,0.1875,0.494,0.031,0.349,0.752,0.548,0.028,,,,,,,Paul Chryst,31.666666666666668,25.583333333333332,6.083333333333333,12.0,5.0,1.0,0.2
2015,Pittsburgh,ACC,11.1,33.9,22.4,-0.5,0.858,7.9,8.0,5.0,13.0,6.0,2.0,6.688888408535261,611.18,183.18,46.0,9.0,2.0,0.0,0.2222222222222222,0.842,0.926,0.913,0.747,0.875,0.948,,,,,,,Pat Narduzzi,28.25,24.583333333333332,3.6666666666666665,12.0,7.0,4.0,0.5714285714285714
2016,Pittsburgh,ACC,13.1,43.0,29.4,-0.4,0.846,8.0,8.0,5.0,13.0,5.0,3.0,8.065011987317767,649.85,209.23,30.0,26.0,3.0,0.0,0.11538461538461539,0.693,1.061,0.81,0.463,0.723,0.911,,,,,,,Pat Narduzzi,42.333333333333336,35.583333333333336,6.75,12.0,6.0,3.0,0.5
2017,Pittsburgh,ACC,6.0,31.4,25.0,-0.4,0.85,6.0,5.0,7.0,12.0,3.0,5.0,6.031244150245426,660.36,202.12,37.0,24.0,4.0,0.0,0.16666666666666666,0.379,0.03,0.595,0.534,0.365,0.022,,,,,,,Pat Narduzzi,23.916666666666668,26.583333333333332,-2.6666666666666665,12.0,5.0,2.0,0.4
2018,Pittsburgh,ACC,2.7,29.0,26.6,0.4,0.849,6.8,7.0,7.0,14.0,6.0,3.0,6.418821671844067,637.96,193.19,47.0,19.0,1.0,0.0,0.05263157894736842,0.508,0.247,0.658,0.595,0.449,0.182,,,,,,,Pat Narduzzi,26.615384615384617,28.846153846153847,-2.230769230769231,13.0,4.0,2.0,0.5
2019,Pittsburgh,ACC,4.1,20.4,16.0,-0.3,,,8.0,5.0,13.0,4.0,4.0,7.265235856104927,637.95,181.53,58.0,20.0,0.0,0.0,0.0,0.51,0.901,0.309,0.761,0.584,0.994,,,,,,,Pat Narduzzi,20.083333333333332,21.833333333333332,-1.75,12.0,8.0,5.0,0.625
2020,Pittsburgh,ACC,6.0,24.7,18.9,,,,6.0,5.0,11.0,5.0,5.0,6.054516495098734,653.05,192.65,44.0,19.0,2.0,0.0,0.10526315789473684,0.738,0.892,1.848,0.562,0.782,0.994,,,,,,,Pat Narduzzi,29.0,24.545454545454547,4.454545454545454,11.0,3.0,1.0,0.3333333333333333
2021,Pittsburgh,ACC,17.6,38.2,21.4,,,,11.0,3.0,14.0,8.0,1.0,10.579693605987266,668.67,210.45,26.0,24.0,3.0,0.0,0.125,0.854,0.942,0.833,0.814,0.935,0.998,4.0,6.0,-2.0,2.61,3.0,-0.3900000000000001,Pat Narduzzi,43.0,23.076923076923077,19.923076923076923,13.0,4.0,2.0,0.5
2022,Pittsburgh,ACC,8.6,32.8,24.7,0.5,,,9.0,4.0,13.0,5.0,3.0,9.349578529177967,654.56,153.09,76.0,11.0,1.0,0.0,0.09090909090909091,0.288,0.104,0.546,0.328,0.387,0.041,7.0,17.0,-10.0,5.5600000000000005,12.62,-7.059999999999999,Pat Narduzzi,30.833333333333332,23.416666666666668,7.416666666666667,12.0,4.0,2.0,0.5
2023,Pittsburgh,ACC,-7.3,19.3,26.0,-0.6,,,3.0,9.0,12.0,2.0,6.0,4.3186934917016195,700.42,196.32,51.0,19.0,1.0,0.0,0.05263157894736842,0.319,0.244,0.209,0.409,0.292,0.048,7.0,13.0,-6.0,6.07,8.309999999999999,-2.2399999999999984,Pat Narduzzi,20.166666666666668,27.333333333333332,-7.166666666666667,12.0,2.0,0.0,0.0
2024,Pittsburgh,ACC,4.9,29.3,26.3,1.8,,,7.0,6.0,13.0,3.0,5.0,6.521596776808393,713.74,204.1,41.0,23.0,1.0,0.0,0.043478260869565216,0.561,0.456,1.321,0.554,0.418,0.17,14.0,22.0,-8.0,11.649999999999999,13.19,-1.540000000000001,Pat Narduzzi,31.833333333333332,26.75,5.083333333333333,12.0,5.0,3.0,0.6
2025,Pittsburgh,ACC,8.4,31.6,23.5,0.4,,,8.0,5.0,13.0,6.0,2.0,8.184614904224873,681.21,199.28,51.0,25.0,1.0,0.0,0.04,0.592,0.727,0.535,0.565,0.674,0.629,15.0,26.0,-11.0,11.999999999999998,19.33,-7.33,Pat Narduzzi,35.083333333333336,24.916666666666668,10.166666666666666,12.0,3.0,1.0,0.3333333333333333
2026,Pittsburgh,ACC,6.2,30.0,23.9,0.1,,,0.0,0.0,0.0,0.0,0.0,0.0,675.02,214.09,44.0,21.0,6.0,0.0,0.2857142857142857,0.397,0.586,0.672,0.24,0.505,0.684,16.0,21.0,-5.0,12.669999999999998,16.04,-3.370000000000001,Pat Narduzzi,,,,,,,
2004,Purdue,Big Ten,18.3,38.0,21.3,,,,7.0,5.0,12.0,4.0,5.0,,,202.84,17.0,7.0,0.0,0.0,0.0,,,,,,,,,,,,,Joe Tiller,32.54545454545455,16.272727272727273,16.272727272727273,11.0,6.0,2.0,0.3333333333333333
2005,Purdue,Big Ten,11.8,37.1,25.3,,0.85,5.9,5.0,6.0,11.0,4.0,5.0,,,188.81,27.0,6.0,2.0,0.0,0.3333333333333333,,,,,,,,,,,,,Joe Tiller,30.0,28.09090909090909,1.9090909090909092,11.0,4.0,2.0,0.5
2006,Purdue,Big Ten,4.4,33.2,28.2,-0.6,0.906,7.4,8.0,6.0,14.0,5.0,3.0,,,151.9,53.0,11.0,1.0,0.0,0.09090909090909091,,,,,,,,,,,,,Joe Tiller,27.46153846153846,26.923076923076923,0.5384615384615384,13.0,4.0,3.0,0.75
2007,Purdue,Big Ten,12.4,33.2,22.2,1.4,0.902,8.6,8.0,5.0,13.0,3.0,5.0,,,151.99,61.0,12.0,0.0,0.0,0.0,,,,,,,,,,,,,Joe Tiller,32.916666666666664,24.75,8.166666666666666,12.0,2.0,0.0,0.0
2008,Purdue,Big Ten,2.4,24.6,20.6,-1.6,0.88,4.2,4.0,8.0,12.0,2.0,7.0,,,171.26,48.0,20.0,1.0,0.0,0.05,,,,,,,,,,,,,Joe Tiller,24.666666666666668,25.083333333333332,-0.4166666666666667,12.0,4.0,2.0,0.5
2009,Purdue,Big Ten,5.1,29.3,23.8,-0.4,0.881,6.4,5.0,7.0,12.0,4.0,5.0,,,160.65,71.0,16.0,0.0,0.0,0.0,,,,,,,,,,,,,Danny Hope,27.833333333333332,29.083333333333332,-1.25,12.0,6.0,1.0,0.16666666666666666
2010,Purdue,Big Ten,-6.5,18.8,26.3,0.9,0.86,3.5,4.0,8.0,12.0,2.0,6.0,4.057030815242364,,186.34,53.0,22.0,1.0,0.0,0.045454545454545456,,,,,,,,,,,,,Danny Hope,19.666666666666668,28.75,-9.083333333333334,12.0,3.0,1.0,0.3333333333333333
2011,Purdue,Big Ten,3.1,26.5,24.8,1.4,0.882,6.0,7.0,6.0,13.0,4.0,4.0,5.832015205393751,,129.88,75.0,9.0,0.0,0.0,0.0,,,,,,,,,,,,,Danny Hope,26.083333333333332,26.416666666666668,-0.3333333333333333,12.0,5.0,3.0,0.6
2012,Purdue,Big Ten,-1.0,27.6,27.0,-1.5,0.867,5.1,6.0,7.0,13.0,3.0,5.0,5.583819969403645,,188.27,49.0,21.0,2.0,0.0,0.09523809523809523,,,,,,,,,,,,,Patrick Higgins,29.916666666666668,29.0,0.9166666666666666,12.0,4.0,2.0,0.5
2013,Purdue,Big Ten,-15.7,19.2,33.4,-1.5,0.855,0.9,1.0,11.0,12.0,0.0,8.0,3.4685387687785125,,162.05,61.0,18.0,1.0,0.0,0.05555555555555555,,,,,,,,,,,,,Darrell Hazell,14.916666666666666,38.0,-23.083333333333332,12.0,3.0,1.0,0.3333333333333333
2014,Purdue,Big Ten,-6.2,22.7,30.2,1.4,0.888,2.9,3.0,9.0,12.0,1.0,7.0,2.6394709595025865,,156.02,70.0,13.0,0.0,0.0,0.0,0.862,0.813,1.115,0.893,0.748,0.64,,,,,,,Darrell Hazell,23.833333333333332,31.666666666666668,-7.833333333333333,12.0,2.0,0.0,0.0
2015,Purdue,Big Ten,-7.4,26.6,33.5,-0.5,0.885,2.5,2.0,10.0,12.0,1.0,7.0,1.8064566846671986,534.26,162.85,67.0,14.0,0.0,0.0,0.0,0.543,0.605,0.375,0.608,0.449,0.618,,,,,,,Darrell Hazell,25.083333333333332,36.5,-11.416666666666666,12.0,3.0,0.0,0.0
2016,Purdue,Big Ten,-11.0,25.1,35.6,-0.5,0.9,3.3,3.0,9.0,12.0,1.0,8.0,1.8501367877445047,512.72,145.09,80.0,20.0,0.0,0.0,0.0,0.69,0.368,0.854,0.728,0.711,0.588,,,,,,,Darrell Hazell,24.583333333333332,38.25,-13.666666666666666,12.0,2.0,1.0,0.5
2017,Purdue,Big Ten,5.8,28.6,22.1,-0.7,0.846,8.0,7.0,6.0,13.0,4.0,5.0,7.370634175405191,502.71,158.89,72.0,25.0,0.0,0.0,0.0,0.565,0.689,1.306,0.44,0.779,0.983,,,,,,,Jeff Brohm,24.166666666666668,19.333333333333332,4.833333333333333,12.0,4.0,1.0,0.25
2018,Purdue,Big Ten,6.5,37.2,30.8,0.0,0.867,7.5,6.0,7.0,13.0,5.0,4.0,6.797832505069978,520.48,188.31,52.0,26.0,1.0,0.0,0.038461538461538464,0.768,1.0,1.066,0.609,0.902,1.0,,,,,,,Jeff Brohm,31.916666666666668,27.25,4.666666666666667,12.0,6.0,2.0,0.3333333333333333
2019,Purdue,Big Ten,-0.7,30.8,31.0,-0.4,,,4.0,8.0,12.0,3.0,6.0,4.389655332438903,607.4,224.72,25.0,29.0,5.0,0.0,0.1724137931034483,0.414,0.05,0.201,0.668,0.258,0.091,,,,,,,Jeff Brohm,25.833333333333332,30.583333333333332,-4.75,12.0,6.0,2.0,0.3333333333333333
2020,Purdue,Big Ten,5.9,32.6,26.8,,,,2.0,4.0,6.0,2.0,4.0,1.1531561139416118,644.03,208.38,33.0,20.0,5.0,0.0,0.25,0.819,1.0,1.0,0.724,0.933,1.0,,,,,,,Jeff Brohm,27.166666666666668,29.833333333333332,-2.6666666666666665,6.0,5.0,2.0,0.4
2021,Purdue,Big Ten,10.3,32.6,21.1,,,,9.0,4.0,13.0,6.0,3.0,6.202526337406926,644.23,159.72,72.0,16.0,1.0,0.0,0.0625,0.904,1.0,0.068,0.87,0.895,1.0,8.0,8.0,0.0,4.42,5.2299999999999995,-0.8099999999999996,Jeff Brohm,27.5,20.5,7.0,12.0,3.0,2.0,0.6666666666666666
2022,Purdue,Big Ten,7.7,31.6,22.4,-1.5,,,8.0,6.0,14.0,6.0,4.0,6.460504799625862,646.08,206.4,38.0,22.0,4.0,0.0,0.18181818181818182,0.601,0.834,0.497,0.424,0.603,0.758,10.0,16.0,-6.0,7.47,11.909999999999998,-4.439999999999999,Brian Brohm,28.076923076923077,24.615384615384617,3.4615384615384617,13.0,6.0,4.0,0.6666666666666666
2023,Purdue,Big Ten,-7.3,21.8,27.1,-2.0,,,4.0,8.0,12.0,3.0,6.0,5.206786173050185,671.1,179.36,68.0,18.0,0.0,0.0,0.0,0.344,0.03,1.0,0.441,0.363,0.003,15.0,26.0,-11.0,12.629999999999997,17.199999999999996,-4.5699999999999985,Ryan Walters,23.916666666666668,30.416666666666668,-6.5,12.0,4.0,2.0,0.5
2024,Purdue,Big Ten,-16.2,19.2,33.6,-1.8,,,1.0,11.0,12.0,0.0,9.0,2.1867086428319564,738.93,217.71,29.0,25.0,5.0,0.0,0.2,0.497,0.909,0.569,0.33,0.688,0.998,18.0,28.0,-10.0,14.749999999999996,20.429999999999993,-5.679999999999996,Ryan Walters,15.75,39.916666666666664,-24.166666666666668,12.0,3.0,0.0,0.0
2025,Purdue,Big Ten,-6.1,21.9,29.9,1.8,,,2.0,10.0,12.0,0.0,9.0,3.56669588573277,687.74,147.08,99.0,17.0,1.0,0.0,0.058823529411764705,0.199,0.133,0.496,0.168,0.367,0.248,51.0,56.0,-5.0,41.84000000000002,43.38000000000001,-1.539999999999992,Barry Odom,18.75,31.833333333333332,-13.083333333333334,12.0,3.0,0.0,0.0
2026,Purdue,Big Ten,-2.2,24.2,27.0,0.6,,,0.0,0.0,0.0,0.0,0.0,0.0,698.33,203.29,55.0,21.0,0.0,0.0,0.0,0.475,0.97,0.606,0.216,0.49,0.837,29.0,24.0,5.0,24.02,15.599999999999994,8.420000000000005,Barry Odom,,,,,,,
2004,Rice,American Athletic,-13.0,30.7,40.2,,,,3.0,8.0,11.0,2.0,6.0,,,69.01,110.0,11.0,0.0,0.0,0.0,,,,,,,,,,,,,Ken Hatfield,24.727272727272727,34.27272727272727,-9.545454545454545,11.0,4.0,1.0,0.25
2005,Rice,American Athletic,-21.6,20.0,41.7,,0.917,1.4,1.0,10.0,11.0,1.0,7.0,,,81.71,94.0,17.0,0.0,0.0,0.0,,,,,,,,,,,,,Ken Hatfield,21.90909090909091,40.63636363636363,-18.727272727272727,11.0,2.0,0.0,0.0
2006,Rice,American Athletic,-10.5,25.1,34.4,-1.3,0.927,4.9,7.0,6.0,13.0,6.0,2.0,,,89.39,96.0,16.0,0.0,0.0,0.0,,,,,,,,,,,,,Todd Graham,27.75,32.583333333333336,-4.833333333333333,12.0,6.0,5.0,0.8333333333333334
2007,Rice,American Athletic,-14.4,28.3,41.4,-1.4,0.921,4.0,3.0,9.0,12.0,3.0,5.0,,,109.97,89.0,20.0,0.0,0.0,0.0,,,,,,,,,,,,,David Bailiff,31.416666666666668,42.916666666666664,-11.5,12.0,5.0,2.0,0.4
2008,Rice,American Athletic,4.8,40.5,35.1,-0.6,0.94,8.4,10.0,3.0,13.0,7.0,1.0,,,113.79,92.0,18.0,0.0,0.0,0.0,,,,,,,,,,,,,David Bailiff,41.583333333333336,34.916666666666664,6.666666666666667,12.0,4.0,4.0,1.0
2009,Rice,American Athletic,-26.0,15.0,39.2,-1.9,0.928,1.0,2.0,10.0,12.0,2.0,6.0,,,133.54,83.0,23.0,0.0,0.0,0.0,,,,,,,,,,,,,David Bailiff,18.25,43.083333333333336,-24.833333333333332,12.0,2.0,1.0,0.5
2010,Rice,American Athletic,-16.6,23.6,40.6,0.4,0.956,2.5,4.0,8.0,12.0,3.0,5.0,4.099623071541288,,144.16,92.0,16.0,0.0,0.0,0.0,,,,,,,,,,,,,David Bailiff,28.666666666666668,38.5,-9.833333333333334,12.0,4.0,3.0,0.75
2011,Rice,American Athletic,-12.0,19.6,33.7,2.1,0.921,3.5,4.0,8.0,12.0,3.0,5.0,4.919837272667398,,67.71,97.0,17.0,0.0,0.0,0.0,,,,,,,,,,,,,David Bailiff,23.333333333333332,33.333333333333336,-10.0,12.0,4.0,2.0,0.5
2012,Rice,American Athletic,-7.6,25.6,34.0,0.8,0.971,5.4,7.0,6.0,13.0,4.0,4.0,5.689749177174721,,123.63,85.0,23.0,0.0,0.0,0.0,,,,,,,,,,,,,David Bailiff,31.75,31.333333333333332,0.4166666666666667,12.0,5.0,2.0,0.4
2013,Rice,American Athletic,-1.5,24.0,26.1,0.7,0.957,8.3,10.0,4.0,14.0,8.0,1.0,7.4034733478763775,,123.22,91.0,16.0,0.0,0.0,0.0,,,,,,,,,,,,,David Bailiff,31.384615384615383,22.923076923076923,8.461538461538462,13.0,6.0,5.0,0.8333333333333334
2014,Rice,American Athletic,-3.1,27.9,29.8,-1.2,0.942,7.7,8.0,5.0,13.0,5.0,3.0,8.043658602689316,,117.7,91.0,17.0,0.0,0.0,0.0,0.432,-0.118,0.215,0.669,0.253,0.051,,,,,,,David Bailiff,28.666666666666668,30.333333333333332,-1.6666666666666667,12.0,1.0,0.0,0.0
2015,Rice,American Athletic,-14.6,24.0,37.9,-0.7,0.939,5.0,5.0,7.0,12.0,3.0,5.0,5.13662057295087,399.58,120.11,101.0,18.0,0.0,0.0,0.0,0.731,0.963,1.015,0.526,0.899,0.995,,,,,,,David Bailiff,26.083333333333332,35.833333333333336,-9.75,12.0,3.0,2.0,0.6666666666666666
2016,Rice,American Athletic,-16.5,22.8,38.6,-0.7,0.937,3.8,3.0,9.0,12.0,2.0,6.0,3.603682301321214,394.83,93.86,129.0,18.0,0.0,0.0,0.0,0.45,-0.015,0.512,0.69,0.545,0.138,,,,,,,David Bailiff,25.25,37.333333333333336,-12.083333333333334,12.0,3.0,1.0,0.3333333333333333
2017,Rice,American Athletic,-23.6,19.2,40.9,-1.9,0.951,2.3,1.0,11.0,12.0,1.0,7.0,1.528708309338256,345.79,101.12,122.0,17.0,0.0,0.0,0.0,0.377,0.212,0.475,0.371,0.313,0.164,,,,,,,David Bailiff,16.25,35.75,-19.5,12.0,2.0,0.0,0.0
2018,Rice,American Athletic,-26.4,15.0,42.5,1.1,0.948,1.5,2.0,11.0,13.0,1.0,7.0,1.439155077706398,375.12,120.42,112.0,22.0,0.0,0.0,0.0,0.601,0.723,0.57,0.639,0.695,0.67,,,,,,,Mike Bloomgren,18.923076923076923,36.0,-17.076923076923077,13.0,1.0,1.0,1.0
2019,Rice,American Athletic,-18.0,15.1,33.2,0.1,,,3.0,9.0,12.0,3.0,5.0,4.049358679528221,397.04,132.03,111.0,28.0,0.0,0.0,0.0,0.448,0.217,-25.2,0.452,0.391,0.342,,,,,,,Mike Bloomgren,17.916666666666668,25.916666666666668,-8.0,12.0,5.0,2.0,0.4
2020,Rice,American Athletic,-9.2,17.3,26.5,,,,2.0,3.0,5.0,2.0,3.0,2.576817295731538,358.95,147.7,93.0,17.0,0.0,0.0,0.0,0.751,0.229,-1.098,0.996,0.529,0.507,,,,,,,Mike Bloomgren,23.4,18.8,4.6,5.0,2.0,0.0,0.0
2021,Rice,American Athletic,-22.9,18.2,38.3,,,,4.0,8.0,12.0,3.0,5.0,4.944527937351586,419.65,141.39,93.0,19.0,0.0,0.0,0.0,0.342,0.124,0.819,0.553,0.706,0.345,3.0,5.0,-2.0,1.4,2.02,-0.6200000000000001,Mike Bloomgren,21.5,36.166666666666664,-14.666666666666666,12.0,5.0,3.0,0.6
2022,Rice,American Athletic,-15.2,23.1,36.9,-1.4,,,5.0,8.0,13.0,3.0,5.0,5.1501491988443755,441.93,102.87,119.0,12.0,0.0,0.0,0.0,0.355,0.117,0.686,0.334,0.389,0.364,7.0,15.0,-8.0,4.5200000000000005,8.72,-4.2,Mike Bloomgren,25.333333333333332,33.833333333333336,-8.5,12.0,6.0,3.0,0.5
2023,Rice,American Athletic,-10.2,26.0,34.4,-1.8,,,6.0,7.0,13.0,4.0,4.0,5.333376090068548,466.78,159.14,86.0,21.0,0.0,0.0,0.0,0.425,0.195,0.605,0.497,0.464,0.312,5.0,4.0,1.0,2.8000000000000003,2.49,0.31000000000000005,Mike Bloomgren,30.25,26.666666666666668,3.5833333333333335,12.0,6.0,3.0,0.5
2024,Rice,American Athletic,-11.4,20.5,30.4,-1.4,,,4.0,8.0,12.0,3.0,5.0,3.4177199987229425,538.4,121.73,122.0,13.0,0.0,0.0,0.0,0.47,0.075,0.919,0.6,0.512,0.352,10.0,3.0,7.0,7.85,2.57,5.279999999999999,Pete Alamar,22.166666666666668,25.416666666666668,-3.25,12.0,5.0,2.0,0.4
2025,Rice,American Athletic,-14.8,17.7,33.9,1.3,,,5.0,8.0,13.0,2.0,6.0,5.102714262902737,530.06,146.64,100.0,22.0,0.0,0.0,0.0,0.107,-0.067,0.23,0.137,0.146,0.088,11.0,21.0,-10.0,7.15,15.22,-8.07,Scott Abell,19.833333333333332,32.25,-12.416666666666666,12.0,4.0,3.0,0.75
2026,Rice,American Athletic,-15.3,16.7,32.5,0.5,,,0.0,0.0,0.0,0.0,0.0,0.0,589.89,176.01,104.0,23.0,0.0,0.0,0.0,0.394,-3.17,0.773,0.539,0.318,0.149,20.0,22.0,-2.0,14.589999999999998,14.079999999999997,0.5100000000000016,Scott Abell,,,,,,,
2004,Rutgers,Big Ten,-6.7,30.9,36.3,,,,4.0,7.0,11.0,1.0,5.0,,,138.98,49.0,14.0,1.0,0.0,0.07142857142857142,,,,,,,,,,,,,Greg Schiano,24.454545454545453,31.181818181818183,-6.7272727272727275,11.0,4.0,2.0,0.5
2005,Rutgers,Big Ten,4.0,29.5,25.5,,0.933,8.4,7.0,5.0,12.0,4.0,3.0,,,125.44,59.0,15.0,0.0,0.0,0.0,,,,,,,,,,,,,Greg Schiano,27.636363636363637,23.818181818181817,3.8181818181818183,11.0,2.0,1.0,0.5
2006,Rutgers,Big Ten,14.8,27.9,14.1,1.1,0.874,9.3,11.0,2.0,13.0,5.0,2.0,,,170.43,38.0,19.0,2.0,0.0,0.10526315789473684,,,,,,,,,,,,,Greg Schiano,29.166666666666668,14.666666666666666,14.5,12.0,4.0,3.0,0.75
2007,Rutgers,Big Ten,14.3,37.0,22.2,-0.6,0.893,8.4,8.0,5.0,13.0,3.0,4.0,,,199.38,31.0,11.0,2.0,0.0,0.18181818181818182,,,,,,,,,,,,,Greg Schiano,31.166666666666668,21.833333333333332,9.333333333333334,12.0,4.0,2.0,0.5
2008,Rutgers,Big Ten,2.4,28.8,25.2,-1.1,0.963,8.0,8.0,5.0,13.0,5.0,2.0,,,182.51,44.0,14.0,1.0,0.0,0.07142857142857142,,,,,,,,,,,,,Greg Schiano,29.0,18.5,10.5,12.0,4.0,1.0,0.25
2009,Rutgers,Big Ten,3.1,22.1,19.0,0.1,0.927,8.3,9.0,4.0,13.0,3.0,4.0,,,214.01,29.0,15.0,3.0,0.0,0.2,,,,,,,,,,,,,Greg Schiano,27.5,17.416666666666668,10.083333333333334,12.0,3.0,1.0,0.3333333333333333
2010,Rutgers,Big Ten,-11.7,17.0,27.7,-1.1,0.924,4.5,4.0,8.0,12.0,1.0,6.0,5.410895295076177,,186.09,54.0,20.0,2.0,0.0,0.1,,,,,,,,,,,,,Greg Schiano,20.833333333333332,26.5,-5.666666666666667,12.0,7.0,3.0,0.42857142857142855
2011,Rutgers,Big Ten,0.8,20.5,19.3,-0.4,0.93,6.4,9.0,4.0,13.0,4.0,3.0,7.588707068862206,,205.88,29.0,15.0,4.0,1.0,0.26666666666666666,,,,,,,,,,,,,Greg Schiano,26.333333333333332,18.75,7.583333333333333,12.0,5.0,3.0,0.6
2012,Rutgers,Big Ten,0.0,19.9,18.0,-1.8,0.938,7.9,9.0,4.0,13.0,5.0,2.0,6.730486439110866,,226.24,23.0,18.0,6.0,1.0,0.3333333333333333,,,,,,,,,,,,,Kyle Flood,22.416666666666668,14.25,8.166666666666666,12.0,2.0,1.0,0.5
2013,Rutgers,Big Ten,-8.1,24.0,31.6,-0.5,0.93,6.0,6.0,7.0,13.0,3.0,5.0,5.7159831922424535,,180.79,48.0,16.0,1.0,0.0,0.0625,,,,,,,,,,,,,Kyle Flood,27.416666666666668,29.833333333333332,-2.4166666666666665,12.0,4.0,3.0,0.75
2014,Rutgers,Big Ten,-1.5,32.0,33.1,-0.4,0.868,6.3,8.0,5.0,13.0,3.0,5.0,5.896649492410889,,174.14,56.0,15.0,0.0,0.0,0.0,0.566,0.524,0.992,0.622,0.792,0.7,,,,,,,Kyle Flood,25.583333333333332,30.916666666666668,-5.333333333333333,12.0,5.0,4.0,0.8
2015,Rutgers,Big Ten,-10.1,29.3,37.1,-2.3,0.852,3.8,4.0,8.0,12.0,1.0,7.0,4.06921495296654,602.35,172.19,56.0,15.0,1.0,0.0,0.06666666666666667,0.456,-0.097,0.637,0.73,0.609,0.078,,,,,,,Kyle Flood,27.083333333333332,34.916666666666664,-7.833333333333333,12.0,4.0,1.0,0.25
2016,Rutgers,Big Ten,-14.9,17.3,29.9,-2.2,0.829,2.1,2.0,10.0,12.0,0.0,9.0,3.2922674252470587,585.47,163.8,64.0,23.0,1.0,0.0,0.043478260869565216,0.722,0.815,0.765,0.661,0.828,0.986,,,,,,,Chris Ash,15.666666666666666,37.5,-21.833333333333332,12.0,3.0,0.0,0.0
2017,Rutgers,Big Ten,-5.5,23.3,29.0,0.2,0.818,3.9,4.0,8.0,12.0,3.0,6.0,3.105434927242066,574.78,189.01,42.0,30.0,3.0,0.0,0.1,0.537,1.108,1.886,0.443,0.532,0.537,,,,,,,Chris Ash,18.0,28.333333333333332,-10.333333333333334,12.0,3.0,2.0,0.6666666666666666
2018,Rutgers,Big Ten,-12.3,15.0,28.5,1.2,0.869,1.8,1.0,11.0,12.0,0.0,9.0,1.2426786120558513,555.24,184.28,56.0,31.0,0.0,0.0,0.0,0.476,-0.365,1.066,0.473,0.412,0.542,,,,,,,Chris Ash,13.5,31.416666666666668,-17.916666666666668,12.0,3.0,0.0,0.0
2019,Rutgers,Big Ten,-14.6,17.4,31.8,-0.3,,,2.0,10.0,12.0,0.0,9.0,1.6697215090281083,587.28,174.33,64.0,19.0,0.0,0.0,0.0,0.1,0.792,0.07,0.556,0.732,0.783,,,,,,,Chris Ash,13.25,36.666666666666664,-23.416666666666668,12.0,0.0,0.0,
2020,Rutgers,Big Ten,-10.5,20.8,31.5,,,,3.0,6.0,9.0,3.0,6.0,2.0348533477392103,588.56,170.14,64.0,23.0,0.0,0.0,0.0,0.878,1.0,1.341,0.81,0.931,1.0,,,,,,,Greg Schiano,26.666666666666668,32.111111111111114,-5.444444444444445,9.0,5.0,2.0,0.4
2021,Rutgers,Big Ten,-3.0,20.8,23.7,,,,5.0,8.0,13.0,2.0,7.0,4.1295957193227775,573.14,191.67,41.0,22.0,3.0,0.0,0.13636363636363635,0.933,0.604,1.595,0.943,0.848,0.752,7.0,17.0,-10.0,4.47,10.399999999999997,-5.929999999999997,Greg Schiano,20.5,24.583333333333332,-4.083333333333333,12.0,2.0,1.0,0.5
2022,Rutgers,Big Ten,-9.1,16.4,25.2,-0.3,,,4.0,8.0,12.0,1.0,8.0,4.850608864250418,631.47,210.07,33.0,27.0,5.0,0.0,0.18518518518518517,0.646,0.936,0.806,0.519,0.709,0.933,7.0,21.0,-14.0,6.090000000000001,14.28,-8.189999999999998,Greg Schiano,17.416666666666668,29.25,-11.833333333333334,12.0,5.0,3.0,0.6
2023,Rutgers,Big Ten,3.5,21.0,18.7,1.2,,,7.0,6.0,13.0,3.0,6.0,6.343079326395482,636.35,190.36,57.0,21.0,0.0,0.0,0.0,0.439,0.765,0.5,0.359,0.765,0.853,7.0,12.0,-5.0,5.88,7.109999999999999,-1.2299999999999995,Greg Schiano,22.583333333333332,21.0,1.5833333333333333,12.0,1.0,1.0,1.0
2024,Rutgers,Big Ten,6.4,28.5,22.8,0.7,,,7.0,6.0,13.0,4.0,5.0,6.757048603830634,663.55,211.78,36.0,25.0,4.0,0.0,0.16,0.433,0.084,0.535,0.503,0.421,0.01,6.0,15.0,-9.0,4.680000000000001,7.87,-3.1899999999999995,Greg Schiano,27.916666666666668,23.833333333333332,4.083333333333333,12.0,6.0,3.0,0.5
2025,Rutgers,Big Ten,1.0,31.6,30.7,0.2,,,5.0,7.0,12.0,2.0,7.0,5.43767598643899,689.22,218.6,33.0,30.0,4.0,0.0,0.13333333333333333,0.672,1.0,0.528,0.585,0.663,1.0,19.0,23.0,-4.0,15.409999999999998,16.5,-1.0900000000000016,Greg Schiano,28.666666666666668,31.833333333333332,-3.1666666666666665,12.0,4.0,2.0,0.5
2026,Rutgers,Big Ten,2.7,30.8,28.2,0.1,,,0.0,0.0,0.0,0.0,0.0,0.0,709.04,220.7,36.0,26.0,6.0,0.0,0.23076923076923078,0.444,0.099,0.926,0.545,0.407,0.031,15.0,15.0,0.0,11.91,12.39,-0.4800000000000004,Greg Schiano,,,,,,,
2004,SMU,ACC,-16.2,27.5,40.3,,,,3.0,8.0,11.0,3.0,5.0,,,98.61,72.0,13.0,0.0,0.0,0.0,,,,,,,,,,,,,Phil Bennett,18.363636363636363,38.18181818181818,-19.818181818181817,11.0,1.0,1.0,1.0
2005,SMU,ACC,-13.0,16.0,29.0,,0.96,3.5,5.0,6.0,11.0,4.0,4.0,,,122.19,63.0,18.0,0.0,0.0,0.0,,,,,,,,,,,,,Phil Bennett,20.818181818181817,25.454545454545453,-4.636363636363637,11.0,6.0,2.0,0.3333333333333333
2006,SMU,ACC,-7.7,20.9,30.3,1.7,0.953,5.7,6.0,6.0,12.0,4.0,4.0,,,64.64,105.0,15.0,0.0,0.0,0.0,,,,,,,,,,,,,Phil Bennett,27.083333333333332,24.5,2.5833333333333335,12.0,3.0,1.0,0.3333333333333333
2007,SMU,ACC,-13.4,28.9,43.2,0.9,0.944,4.5,1.0,11.0,12.0,0.0,8.0,,,117.93,85.0,20.0,0.0,0.0,0.0,,,,,,,,,,,,,Phil Bennett,28.333333333333332,39.75,-11.416666666666666,12.0,5.0,0.0,0.0
2008,SMU,ACC,-18.5,23.0,42.1,0.6,0.941,3.2,1.0,11.0,12.0,0.0,8.0,,,123.62,85.0,26.0,0.0,0.0,0.0,,,,,,,,,,,,,June Jones,21.333333333333332,38.166666666666664,-16.833333333333332,12.0,4.0,0.0,0.0
2009,SMU,ACC,-6.1,26.0,32.6,0.4,0.946,7.8,8.0,5.0,13.0,6.0,2.0,,,159.25,73.0,22.0,0.0,0.0,0.0,,,,,,,,,,,,,June Jones,27.916666666666668,29.083333333333332,-1.1666666666666667,12.0,8.0,5.0,0.625
2010,SMU,ACC,-3.2,29.9,30.6,-2.5,0.942,8.9,7.0,7.0,14.0,6.0,3.0,7.859314868215639,,177.12,66.0,20.0,0.0,0.0,0.0,,,,,,,,,,,,,June Jones,26.615384615384617,26.384615384615383,0.23076923076923078,13.0,3.0,2.0,0.6666666666666666
2011,SMU,ACC,0.3,28.6,26.3,-2.0,0.915,8.1,8.0,5.0,13.0,5.0,3.0,6.0922494274694365,,144.59,67.0,23.0,1.0,0.0,0.043478260869565216,,,,,,,,,,,,,June Jones,25.666666666666668,24.5,1.1666666666666667,12.0,3.0,2.0,0.6666666666666666
2012,SMU,ACC,-7.6,20.8,27.1,-1.3,0.917,7.6,7.0,6.0,13.0,5.0,3.0,6.250021630595118,,149.82,70.0,21.0,0.0,0.0,0.0,,,,,,,,,,,,,June Jones,29.5,27.0,2.5,12.0,1.0,0.0,0.0
2013,SMU,ACC,-15.2,21.8,36.2,-0.8,0.928,4.2,5.0,7.0,12.0,4.0,4.0,6.1955232839288055,,148.4,72.0,21.0,0.0,0.0,0.0,,,,,,,,,,,,,June Jones,26.75,33.333333333333336,-6.583333333333333,12.0,5.0,2.0,0.4
2014,SMU,ACC,-21.2,16.6,34.9,-2.9,0.879,1.5,1.0,11.0,12.0,1.0,7.0,1.220742817528368,,128.23,80.0,20.0,0.0,0.0,0.0,0.241,0.145,-0.607,0.35,0.37,0.166,,,,,,,June Jones,11.083333333333334,41.333333333333336,-30.25,12.0,2.0,1.0,0.5
2015,SMU,ACC,-17.5,27.3,42.3,-2.6,0.896,2.8,2.0,10.0,12.0,1.0,7.0,2.4261265676604262,446.83,142.99,81.0,19.0,0.0,0.0,0.0,0.884,0.581,1.327,0.606,0.753,0.798,,,,,,,Chad Morris,27.75,45.666666666666664,-17.916666666666668,12.0,1.0,0.0,0.0
2016,SMU,ACC,-10.8,24.3,32.6,-2.5,0.91,4.7,5.0,7.0,12.0,3.0,5.0,5.774553254743869,474.03,152.27,75.0,25.0,0.0,0.0,0.0,0.901,1.071,0.931,0.824,0.89,0.995,,,,,,,Chad Morris,27.666666666666668,36.25,-8.583333333333334,12.0,2.0,1.0,0.5
2017,SMU,ACC,-2.9,35.4,37.4,-0.9,0.926,6.6,7.0,6.0,13.0,4.0,4.0,6.69795230851706,492.63,140.4,80.0,20.0,0.0,0.0,0.0,0.849,0.925,0.926,0.801,0.891,0.934,,,,,,,Chad Morris,40.166666666666664,35.5,4.666666666666667,12.0,5.0,3.0,0.6
2018,SMU,ACC,-5.4,24.0,29.7,0.3,0.916,4.9,5.0,7.0,12.0,4.0,4.0,3.662326450860307,485.46,151.67,87.0,15.0,0.0,0.0,0.0,0.636,0.892,0.904,0.383,0.754,0.972,,,,,,,Sonny Dykes,30.416666666666668,35.25,-4.833333333333333,12.0,4.0,2.0,0.5
2019,SMU,ACC,4.4,34.6,28.3,-1.9,,,10.0,3.0,13.0,6.0,2.0,8.700012169360418,565.15,167.28,68.0,20.0,0.0,0.0,0.0,0.755,0.487,0.769,0.871,0.503,0.198,,,,,,,Sonny Dykes,43.0,31.833333333333332,11.166666666666666,12.0,6.0,4.0,0.6666666666666666
2020,SMU,ACC,9.2,36.4,27.3,,,,7.0,3.0,10.0,4.0,3.0,6.220334849840474,604.59,156.95,81.0,16.0,0.0,0.0,0.0,0.674,0.947,0.168,0.581,0.571,0.984,,,,,,,Sonny Dykes,38.6,30.9,7.7,10.0,4.0,3.0,0.75
2021,SMU,ACC,8.9,36.7,27.1,,,,8.0,4.0,12.0,4.0,4.0,6.8570410337755865,576.03,181.61,53.0,17.0,1.0,0.0,0.058823529411764705,0.457,-0.009,0.691,0.673,0.468,0.003,14.0,9.0,5.0,9.09,4.6,4.49,Sonny Dykes,38.416666666666664,28.416666666666668,10.0,12.0,5.0,2.0,0.4
2022,SMU,ACC,4.7,42.0,38.1,0.9,,,7.0,6.0,13.0,5.0,3.0,6.546627599579314,598.49,146.38,82.0,13.0,1.0,0.0,0.07692307692307693,0.69,0.984,0.753,0.447,0.743,0.985,16.0,15.0,1.0,13.6,9.149999999999999,4.450000000000001,Rhett Lashlee,38.416666666666664,34.666666666666664,3.75,12.0,4.0,2.0,0.5
2023,SMU,ACC,10.1,34.1,23.0,-1.1,,,11.0,3.0,14.0,9.0,0.0,10.727556978662738,714.21,171.15,72.0,17.0,0.0,0.0,0.0,0.417,0.253,0.806,0.431,0.413,0.148,26.0,23.0,3.0,22.680000000000003,13.789999999999997,8.890000000000006,Rhett Lashlee,40.61538461538461,17.384615384615383,23.23076923076923,13.0,2.0,2.0,1.0
2024,SMU,ACC,17.5,38.2,21.1,0.4,,,11.0,3.0,14.0,8.0,1.0,11.006808782396062,788.22,142.05,107.0,13.0,1.0,0.0,0.07692307692307693,0.924,0.989,0.825,0.908,0.915,0.982,20.0,16.0,4.0,16.539999999999996,10.52,6.019999999999996,Rhett Lashlee,38.53846153846154,20.846153846153847,17.692307692307693,13.0,5.0,3.0,0.6
2025,SMU,ACC,13.4,34.2,19.5,-1.2,,,9.0,4.0,13.0,6.0,2.0,8.990735094062984,766.67,220.85,31.0,20.0,5.0,0.0,0.25,0.501,0.914,0.244,0.318,0.498,0.866,20.0,17.0,3.0,17.040000000000003,13.52,3.520000000000003,Rhett Lashlee,32.916666666666664,20.666666666666668,12.25,12.0,4.0,1.0,0.25
2026,SMU,ACC,12.1,32.5,20.1,-0.4,,,0.0,0.0,0.0,0.0,0.0,0.0,764.5,225.82,32.0,21.0,6.0,0.0,0.2857142857142857,0.569,0.966,0.009,0.372,0.578,0.993,15.0,26.0,-11.0,12.79,15.319999999999997,-2.5299999999999976,Rhett Lashlee,,,,,,,
2026,Sacramento State,Mid-American,-23.4,14.7,38.2,0.0,,,0.0,0.0,0.0,0.0,0.0,0.0,561.42,161.23,125.0,20.0,0.0,0.0,0.0,,,,,,,26.0,22.0,4.0,21.240000000000006,15.85,5.390000000000006,Alonzo Carter,,,,,,,
2023,Sam Houston,Conference USA,-13.8,16.0,28.8,-1.1,,,3.0,9.0,12.0,2.0,6.0,3.5327273047150602,240.42,141.34,96.0,16.0,0.0,0.0,0.0,,,,,,,5.0,1.0,4.0,3.0,0.4,2.6,K.C. Keeler,20.0,26.166666666666668,-6.166666666666667,12.0,7.0,2.0,0.2857142857142857
2024,Sam Houston,Conference USA,-6.9,19.0,23.8,-2.1,,,10.0,3.0,13.0,6.0,2.0,7.057325119162935,488.03,121.16,124.0,11.0,0.0,0.0,0.0,0.425,-0.004,3.69,0.742,0.48,0.065,12.0,5.0,7.0,7.7700000000000005,2.88,4.890000000000001,Brad Cornelsen,23.166666666666668,20.0,3.1666666666666665,12.0,5.0,5.0,1.0
2025,Sam Houston,Conference USA,-27.8,15.3,41.8,-1.3,,,2.0,10.0,12.0,1.0,7.0,1.5967655126005411,477.35,108.47,122.0,12.0,0.0,0.0,0.0,0.519,0.776,0.679,0.384,0.439,0.802,26.0,33.0,-7.0,17.570000000000004,18.430000000000003,-0.8599999999999994,Phil Longo,17.75,37.833333333333336,-20.083333333333332,12.0,3.0,2.0,0.6666666666666666
2026,Sam Houston,Conference USA,-26.0,14.2,39.8,-0.4,,,0.0,0.0,0.0,0.0,0.0,0.0,554.47,161.18,126.0,16.0,0.0,0.0,0.0,0.577,-0.311,-0.032,0.568,0.521,0.375,20.0,15.0,5.0,14.649999999999999,8.389999999999999,6.26,Phil Longo,,,,,,,
2004,San Diego State,Pac-12,-4.0,25.9,30.0,,,,4.0,7.0,11.0,2.0,7.0,,,145.04,45.0,13.0,0.0,0.0,0.0,,,,,,,,,,,,,Tom Craft,21.272727272727273,25.636363636363637,-4.363636363636363,11.0,3.0,1.0,0.3333333333333333
2005,San Diego State,Pac-12,-2.4,26.7,29.1,,0.919,5.4,5.0,7.0,12.0,4.0,6.0,,,160.86,44.0,13.0,0.0,0.0,0.0,,,,,,,,,,,,,Tom Craft,26.916666666666668,27.083333333333332,-0.16666666666666666,12.0,2.0,0.0,0.0
2006,San Diego State,Pac-12,-13.2,14.1,25.6,-1.7,0.894,4.1,3.0,9.0,12.0,3.0,6.0,,,119.38,70.0,13.0,0.0,0.0,0.0,,,,,,,,,,,,,Chuck Long,14.166666666666666,27.083333333333332,-12.916666666666666,12.0,4.0,1.0,0.25
2007,San Diego State,Pac-12,-12.6,24.4,39.2,2.2,0.91,3.5,4.0,8.0,12.0,3.0,7.0,,,135.97,68.0,17.0,0.0,0.0,0.0,,,,,,,,,,,,,Chuck Long,25.083333333333332,34.416666666666664,-9.333333333333334,12.0,3.0,2.0,0.6666666666666666
2008,San Diego State,Pac-12,-17.9,19.3,36.7,-0.5,0.949,2.6,2.0,10.0,12.0,1.0,7.0,,,123.85,83.0,15.0,0.0,0.0,0.0,,,,,,,,,,,,,Chuck Long,19.25,37.166666666666664,-17.916666666666668,12.0,2.0,0.0,0.0
2009,San Diego State,Pac-12,-11.0,19.5,28.7,-1.8,0.917,5.4,4.0,8.0,12.0,2.0,7.0,,,131.67,85.0,18.0,0.0,0.0,0.0,,,,,,,,,,,,,Brady Hoke,23.333333333333332,30.5,-7.166666666666667,12.0,3.0,1.0,0.3333333333333333
2010,San Diego State,Pac-12,8.9,34.3,25.5,0.0,0.917,9.9,9.0,4.0,13.0,5.0,3.0,8.041080829095618,,165.98,75.0,20.0,0.0,0.0,0.0,,,,,,,,,,,,,Brady Hoke,35.0,22.75,12.25,12.0,6.0,2.0,0.3333333333333333
2011,San Diego State,Pac-12,-1.5,29.9,30.2,-1.3,0.928,8.0,8.0,5.0,13.0,4.0,3.0,6.725950483279792,,118.44,78.0,21.0,0.0,0.0,0.0,,,,,,,,,,,,,Rocky Long,29.75,24.416666666666668,5.333333333333333,12.0,4.0,3.0,0.75
2012,San Diego State,Pac-12,2.4,29.3,26.1,-0.8,0.947,8.1,9.0,4.0,13.0,7.0,1.0,8.310183801804625,,139.37,75.0,19.0,0.0,0.0,0.0,,,,,,,,,,,,,Rocky Long,35.083333333333336,24.5,10.583333333333334,12.0,3.0,2.0,0.6666666666666666
2013,San Diego State,Pac-12,-4.8,26.9,29.9,-1.8,0.937,7.9,8.0,5.0,13.0,6.0,2.0,7.324799338507623,,151.17,69.0,16.0,0.0,0.0,0.0,,,,,,,,,,,,,Rocky Long,28.166666666666668,32.333333333333336,-4.166666666666667,12.0,8.0,6.0,0.75
2014,San Diego State,Pac-12,1.0,25.1,24.6,0.5,0.97,9.1,7.0,6.0,13.0,5.0,3.0,7.308109430158133,,147.92,73.0,15.0,0.0,0.0,0.0,0.657,1.098,1.646,0.554,0.575,0.841,,,,,,,Rocky Long,25.75,20.083333333333332,5.666666666666667,12.0,1.0,0.0,0.0
2015,San Diego State,Pac-12,8.0,28.6,22.6,2.0,0.951,10.5,11.0,3.0,14.0,9.0,0.0,11.797593851485885,494.77,161.96,70.0,17.0,2.0,0.0,0.11764705882352941,0.665,-0.503,0.988,0.592,0.62,0.121,,,,,,,Rocky Long,31.384615384615383,17.153846153846153,14.23076923076923,13.0,2.0,1.0,0.5
2016,San Diego State,Pac-12,11.4,32.0,22.5,1.9,0.97,10.3,11.0,3.0,14.0,7.0,2.0,10.814104184060378,482.31,141.93,82.0,21.0,0.0,0.0,0.0,0.567,0.335,0.621,0.658,0.538,0.198,,,,,,,Rocky Long,35.30769230769231,21.0,14.307692307692308,13.0,3.0,2.0,0.6666666666666666
2017,San Diego State,Pac-12,4.5,28.5,24.8,0.9,0.957,8.4,10.0,3.0,13.0,6.0,2.0,9.055289901406814,419.43,149.69,77.0,26.0,0.0,0.0,0.0,0.717,0.968,0.449,0.873,0.609,0.992,,,,,,,Rocky Long,30.416666666666668,18.416666666666668,12.0,12.0,3.0,3.0,1.0
2018,San Diego State,Pac-12,6.0,25.6,21.0,1.4,0.934,7.6,7.0,6.0,13.0,4.0,4.0,7.121927368821152,472.6,159.56,79.0,24.0,0.0,0.0,0.0,0.462,1.0,0.254,0.394,0.564,1.0,,,,,,,Rocky Long,22.333333333333332,21.75,0.5833333333333334,12.0,8.0,5.0,0.625
2019,San Diego State,Pac-12,2.0,16.6,16.6,2.0,,,10.0,3.0,13.0,5.0,3.0,8.57000635397572,504.19,149.19,91.0,19.0,0.0,0.0,0.0,0.588,0.681,1.262,0.448,0.788,0.711,,,,,,,Rocky Long,19.0,12.833333333333334,6.166666666666667,12.0,6.0,3.0,0.5
2020,San Diego State,Pac-12,5.3,20.2,15.0,,,,4.0,4.0,8.0,4.0,2.0,5.463089073117296,454.6,142.57,104.0,19.0,0.0,0.0,0.0,0.629,0.183,0.4,0.864,0.492,0.07,,,,,,,Brady Hoke,24.625,17.75,6.875,8.0,1.0,0.0,0.0
2021,San Diego State,Pac-12,8.3,23.7,17.1,,,,12.0,2.0,14.0,7.0,2.0,10.38844546930358,441.63,169.98,62.0,26.0,1.0,0.0,0.038461538461538464,0.858,0.604,1.1,0.871,0.798,0.484,2.0,9.0,-7.0,1.61,5.0,-3.3899999999999997,Brady Hoke,26.53846153846154,19.46153846153846,7.076923076923077,13.0,5.0,5.0,1.0
2022,San Diego State,Pac-12,-4.4,15.1,21.1,1.5,,,7.0,6.0,13.0,5.0,3.0,7.5563502323064515,372.29,168.39,65.0,18.0,0.0,0.0,0.0,0.335,0.03,0.21,0.52,0.242,0.04,6.0,9.0,-3.0,4.109999999999999,6.069999999999999,-1.96,Brady Hoke,21.333333333333332,20.166666666666668,1.1666666666666667,12.0,4.0,3.0,0.75
2023,San Diego State,Pac-12,-10.3,19.4,30.2,0.5,,,4.0,8.0,12.0,2.0,6.0,5.639138927369647,440.15,163.05,78.0,14.0,0.0,0.0,0.0,0.78,1.07,1.865,0.509,0.611,0.755,5.0,13.0,-8.0,4.04,8.499999999999998,-4.459999999999998,Brady Hoke,20.5,26.75,-6.25,12.0,5.0,2.0,0.4
2024,San Diego State,Pac-12,-15.4,17.7,32.1,-0.9,,,3.0,9.0,12.0,2.0,5.0,3.5039869240676653,608.95,171.46,72.0,17.0,0.0,0.0,0.0,0.382,0.0,0.523,0.511,0.408,0.0,24.0,36.0,-12.0,19.289999999999996,23.619999999999994,-4.329999999999998,Sean Lewis,21.333333333333332,29.583333333333332,-8.25,12.0,5.0,2.0,0.4
2025,San Diego State,Pac-12,6.7,24.4,19.6,1.8,,,9.0,4.0,13.0,6.0,2.0,9.465852856636047,594.27,171.52,78.0,18.0,0.0,0.0,0.0,0.109,0.13,-0.007,0.129,0.065,0.01,19.0,25.0,-6.0,14.419999999999998,14.16,0.259999999999998,Sean Lewis,24.666666666666668,12.583333333333334,12.083333333333334,12.0,2.0,1.0,0.5
2026,San Diego State,Pac-12,0.7,24.1,24.0,0.6,,,0.0,0.0,0.0,0.0,0.0,0.0,609.22,184.15,83.0,21.0,0.0,0.0,0.0,0.987,1.0,1.0,0.973,0.998,1.0,26.0,26.0,0.0,17.459999999999997,16.399999999999995,1.0600000000000023,Sean Lewis,,,,,,,
2004,San José State,Mountain West,-22.8,33.3,,,,,2.0,9.0,11.0,1.0,7.0,,,79.57,94.0,19.0,0.0,0.0,0.0,,,,,,,,,,,,,Fitz Hill,28.363636363636363,42.63636363636363,-14.272727272727273,11.0,2.0,1.0,0.5
2005,San José State,Mountain West,-14.7,18.6,33.3,,0.976,4.2,3.0,8.0,11.0,2.0,6.0,,,44.52,110.0,1.0,0.0,0.0,0.0,,,,,,,,,,,,,Dick Tomey,22.545454545454547,32.45454545454545,-9.909090909090908,11.0,3.0,0.0,0.0
2006,San José State,Mountain West,-1.8,24.0,26.1,0.3,0.948,8.1,9.0,4.0,13.0,5.0,3.0,,,93.62,88.0,17.0,0.0,0.0,0.0,,,,,,,,,,,,,Dick Tomey,25.333333333333332,21.5,3.8333333333333335,12.0,4.0,2.0,0.5
2007,San José State,Mountain West,-16.0,20.3,34.7,-1.6,0.932,4.6,5.0,7.0,12.0,4.0,4.0,,,104.09,94.0,11.0,0.0,0.0,0.0,,,,,,,,,,,,,Dick Tomey,20.416666666666668,29.333333333333332,-8.916666666666666,12.0,4.0,2.0,0.5
2008,San José State,Mountain West,-13.2,12.9,25.4,-0.7,0.959,4.2,6.0,6.0,12.0,4.0,4.0,,,77.78,109.0,10.0,0.0,0.0,0.0,,,,,,,,,,,,,Dick Tomey,18.666666666666668,21.583333333333332,-2.9166666666666665,12.0,3.0,3.0,1.0
2009,San José State,Mountain West,-25.2,13.5,37.7,-1.1,0.912,1.5,2.0,10.0,12.0,1.0,7.0,,,0.0,118.0,1.0,0.0,0.0,0.0,,,,,,,,,,,,,Dick Tomey,13.75,34.5,-20.75,12.0,3.0,1.0,0.3333333333333333
2010,San José State,Mountain West,-17.1,21.3,37.0,-1.4,0.849,4.4,1.0,12.0,13.0,0.0,8.0,4.5011761415297356,,140.49,96.0,18.0,0.0,0.0,0.0,,,,,,,,,,,,,Mike MacIntyre,16.076923076923077,34.69230769230769,-18.615384615384617,13.0,6.0,1.0,0.16666666666666666
2011,San José State,Mountain West,-11.9,23.5,35.2,-0.2,0.948,3.4,5.0,7.0,12.0,3.0,4.0,4.444998276346442,,48.83,116.0,17.0,0.0,0.0,0.0,,,,,,,,,,,,,Mike MacIntyre,24.5,30.333333333333332,-5.833333333333333,12.0,7.0,4.0,0.5714285714285714
2012,San José State,Mountain West,9.7,35.2,27.3,1.8,0.954,10.1,11.0,2.0,13.0,5.0,1.0,9.514686475046359,,103.14,104.0,18.0,0.0,0.0,0.0,,,,,,,,,,,,,Mike MacIntyre,35.25,21.416666666666668,13.833333333333334,12.0,3.0,2.0,0.6666666666666666
2013,San José State,Mountain West,-5.1,33.0,38.6,0.5,0.951,5.5,6.0,6.0,12.0,5.0,3.0,6.273232429528437,,83.62,123.0,14.0,0.0,0.0,0.0,,,,,,,,,,,,,Ron Caragher,32.416666666666664,35.083333333333336,-2.6666666666666665,12.0,4.0,2.0,0.5
2014,San José State,Mountain West,-11.5,22.1,30.5,-3.1,0.937,5.1,3.0,9.0,12.0,2.0,6.0,4.108812788295401,,124.98,83.0,13.0,0.0,0.0,0.0,0.359,-0.005,0.614,0.55,0.424,0.017,,,,,,,Ron Caragher,19.333333333333332,29.416666666666668,-10.083333333333334,12.0,2.0,1.0,0.5
2015,San José State,Mountain West,-4.5,26.8,32.0,0.8,0.938,5.9,6.0,7.0,13.0,4.0,4.0,6.7531740791167145,379.6,167.14,62.0,29.0,2.0,0.0,0.06896551724137931,0.804,0.844,1.191,0.756,0.806,0.764,,,,,,,Ron Caragher,28.0,28.166666666666668,-0.16666666666666666,12.0,3.0,1.0,0.3333333333333333
2016,San José State,Mountain West,-13.6,22.4,36.7,0.7,0.938,3.2,4.0,8.0,12.0,3.0,5.0,3.682770864384072,437.36,137.84,84.0,19.0,0.0,0.0,0.0,0.607,0.71,0.506,0.584,0.5,0.7,,,,,,,Ron Caragher,24.416666666666668,34.666666666666664,-10.25,12.0,5.0,3.0,0.6
2017,San José State,Mountain West,-20.0,15.2,37.5,2.3,0.943,2.3,2.0,11.0,13.0,1.0,7.0,2.0468441586370254,378.56,122.11,98.0,19.0,0.0,0.0,0.0,0.45,0.205,0.465,0.517,0.325,0.175,,,,,,,Brent Brennan,15.846153846153847,41.69230769230769,-25.846153846153847,13.0,1.0,1.0,1.0
2018,San José State,Mountain West,-17.1,17.3,34.7,0.2,0.923,2.0,1.0,11.0,12.0,1.0,7.0,1.6994953202925815,430.62,140.86,94.0,23.0,0.0,0.0,0.0,0.986,1.309,0.977,0.937,0.97,0.964,,,,,,,Brent Brennan,21.25,36.583333333333336,-15.333333333333334,12.0,3.0,0.0,0.0
2019,San José State,Mountain West,-7.2,29.6,36.7,-0.1,,,5.0,7.0,12.0,2.0,6.0,5.261899531917064,433.33,127.53,118.0,16.0,0.0,0.0,0.0,0.545,0.624,0.453,0.5,0.564,0.638,,,,,,,Brent Brennan,30.083333333333332,31.916666666666668,-1.8333333333333333,12.0,6.0,3.0,0.5
2020,San José State,Mountain West,0.1,30.4,30.4,,,,7.0,1.0,8.0,7.0,0.0,5.380511066522296,397.99,137.42,114.0,16.0,0.0,0.0,0.0,0.542,0.055,0.383,0.902,0.422,0.033,,,,,,,Brent Brennan,30.857142857142858,17.857142857142858,13.0,7.0,0.0,0.0,
2021,San José State,Mountain West,-1.9,22.6,25.2,,,,5.0,7.0,12.0,3.0,5.0,5.261880172800266,410.81,112.81,120.0,10.0,0.0,0.0,0.0,0.743,1.0,1.0,0.55,0.832,1.0,9.0,7.0,2.0,4.0,3.2,0.7999999999999998,Brent Brennan,20.0,26.5,-6.5,12.0,6.0,4.0,0.6666666666666666
2022,San José State,Mountain West,-4.3,19.1,21.6,-1.8,,,7.0,5.0,12.0,5.0,3.0,5.503003438066545,417.95,157.03,75.0,22.0,0.0,0.0,0.0,0.549,0.357,0.647,0.63,0.483,0.317,8.0,12.0,-4.0,5.18,5.8100000000000005,-0.6300000000000008,Brent Brennan,27.454545454545453,20.272727272727273,7.181818181818182,11.0,4.0,2.0,0.5
2023,San José State,Mountain West,-3.4,28.1,29.5,-2.0,,,7.0,6.0,13.0,6.0,2.0,7.054976053626107,513.83,118.01,112.0,14.0,0.0,0.0,0.0,0.685,1.001,1.183,0.484,0.841,0.993,7.0,9.0,-2.0,3.4,4.94,-1.5400000000000005,Brent Brennan,33.333333333333336,25.75,7.583333333333333,12.0,2.0,1.0,0.5
2024,San José State,Mountain West,-5.5,26.1,30.1,-1.5,,,7.0,6.0,13.0,3.0,4.0,6.2596128897058225,480.29,145.06,104.0,17.0,0.0,0.0,0.0,0.24,-0.006,-0.044,0.479,0.118,0.003,14.0,27.0,-13.0,8.59,19.469999999999995,-10.879999999999995,Ken Niumatalolo,27.5,26.416666666666668,1.0833333333333333,12.0,4.0,2.0,0.5
2025,San José State,Mountain West,-14.3,21.6,34.4,-1.5,,,3.0,9.0,12.0,2.0,6.0,4.715794093906879,522.91,123.98,117.0,12.0,0.0,0.0,0.0,0.33,0.504,1.767,0.187,0.591,0.601,13.0,16.0,-3.0,7.909999999999999,9.22,-1.3100000000000014,Ken Niumatalolo,21.416666666666668,32.5,-11.083333333333334,12.0,7.0,3.0,0.42857142857142855
2026,San José State,Mountain West,-15.7,18.3,33.5,-0.5,,,0.0,0.0,0.0,0.0,0.0,0.0,569.25,158.65,129.0,16.0,0.0,0.0,0.0,0.038,-0.076,0.355,0.027,0.137,0.133,17.0,16.0,1.0,12.419999999999998,12.449999999999998,-0.02999999999999936,Ken Niumatalolo,,,,,,,
2012,South Alabama,Sun Belt,-25.5,9.7,34.3,-0.9,0.976,2.2,2.0,11.0,13.0,1.0,7.0,4.858301883278986,,93.33,113.0,13.0,0.0,0.0,0.0,,,,,,,,,,,,,Joey Jones,18.46153846153846,29.46153846153846,-11.0,13.0,4.0,2.0,0.5
2013,South Alabama,Sun Belt,-10.2,25.2,34.3,-1.1,0.988,7.4,6.0,6.0,12.0,4.0,3.0,5.694545180136602,,123.16,92.0,15.0,0.0,0.0,0.0,,,,,,,,,,,,,Joey Jones,29.416666666666668,25.166666666666668,4.25,12.0,7.0,2.0,0.2857142857142857
2014,South Alabama,Sun Belt,-4.3,23.4,28.3,0.6,0.938,6.2,6.0,7.0,13.0,5.0,3.0,5.263731501105245,,96.08,115.0,15.0,0.0,0.0,0.0,0.565,0.153,0.335,0.85,0.489,0.166,,,,,,,Joey Jones,22.083333333333332,25.833333333333332,-3.75,12.0,3.0,2.0,0.6666666666666666
2015,South Alabama,Sun Belt,-10.4,24.3,33.4,-1.3,0.936,5.1,5.0,7.0,12.0,3.0,5.0,2.7348671745154265,367.16,132.17,88.0,14.0,0.0,0.0,0.0,0.322,-0.472,0.341,0.451,0.363,0.264,,,,,,,Joey Jones,25.0,37.25,-12.25,12.0,5.0,4.0,0.8
2016,South Alabama,Sun Belt,-9.4,25.2,33.3,-1.3,0.962,6.6,6.0,7.0,13.0,2.0,6.0,6.163673779505541,389.36,134.08,87.0,17.0,0.0,0.0,0.0,0.539,0.069,1.073,0.564,0.449,0.09,,,,,,,Joey Jones,25.75,25.5,0.25,12.0,8.0,4.0,0.5
2017,South Alabama,Sun Belt,-12.0,18.3,31.4,1.1,0.948,4.1,4.0,8.0,12.0,3.0,5.0,3.607014834233473,387.88,110.24,116.0,12.0,0.0,0.0,0.0,0.507,0.806,0.821,0.295,0.628,0.989,,,,,,,Joey Jones,19.833333333333332,26.5,-6.666666666666667,12.0,4.0,1.0,0.25
2018,South Alabama,Sun Belt,-17.7,24.5,42.0,-0.3,0.946,3.3,3.0,9.0,12.0,2.0,6.0,2.93924143641384,394.24,120.03,115.0,25.0,0.0,0.0,0.0,0.647,0.302,1.949,0.908,0.649,0.574,,,,,,,Steve Campbell,24.166666666666668,38.75,-14.583333333333334,12.0,2.0,1.0,0.5
2019,South Alabama,Sun Belt,-20.3,16.3,34.0,-2.6,,,2.0,10.0,12.0,1.0,7.0,2.9085487132985857,381.38,122.8,126.0,20.0,0.0,0.0,0.0,0.249,-0.034,0.143,0.381,0.386,0.066,,,,,,,Steve Campbell,18.416666666666668,30.666666666666668,-12.25,12.0,3.0,1.0,0.3333333333333333
2020,South Alabama,Sun Belt,-11.3,22.5,33.7,,,,4.0,7.0,11.0,3.0,5.0,3.8754488751241825,265.69,140.54,109.0,17.0,0.0,0.0,0.0,0.646,1.642,-0.203,0.755,0.536,0.438,,,,,,,Steve Campbell,19.90909090909091,27.272727272727273,-7.363636363636363,11.0,3.0,1.0,0.3333333333333333
2021,South Alabama,Sun Belt,-7.2,21.4,28.0,,,,5.0,7.0,12.0,2.0,6.0,6.731468775081086,415.07,107.68,122.0,8.0,0.0,0.0,0.0,0.776,0.859,-1.467,0.719,0.655,0.755,13.0,11.0,2.0,7.029999999999999,5.199999999999999,1.83,Steve Campbell,24.916666666666668,26.416666666666668,-1.5,12.0,6.0,2.0,0.3333333333333333
2022,South Alabama,Sun Belt,10.8,26.8,17.4,1.4,,,10.0,3.0,13.0,7.0,1.0,10.263201454416196,466.34,119.39,104.0,11.0,0.0,0.0,0.0,0.324,0.165,-0.073,0.474,0.503,0.286,15.0,10.0,5.0,12.360000000000001,5.140000000000001,7.220000000000001,Kane Wommack,31.916666666666668,19.416666666666668,12.5,12.0,7.0,5.0,0.7142857142857143
2023,South Alabama,Sun Belt,5.1,30.6,26.0,0.5,,,7.0,6.0,13.0,4.0,4.0,7.771549249783735,545.68,154.95,90.0,12.0,0.0,0.0,0.0,0.856,0.985,1.019,0.727,0.856,0.998,9.0,4.0,5.0,5.95,2.2,3.75,Kane Wommack,30.916666666666668,21.916666666666668,9.0,12.0,2.0,1.0,0.5
2024,South Alabama,Sun Belt,2.8,29.9,26.9,-0.2,,,7.0,6.0,13.0,5.0,3.0,7.9018824777448105,554.77,162.93,84.0,18.0,0.0,0.0,0.0,0.374,0.153,0.428,0.491,0.343,0.139,15.0,16.0,-1.0,10.01,9.29,0.7200000000000006,Major Applewhite,34.75,25.333333333333332,9.416666666666666,12.0,5.0,1.0,0.2
2025,South Alabama,Sun Belt,-12.7,25.4,36.0,-2.0,,,4.0,8.0,12.0,3.0,5.0,5.001608930528164,544.87,120.71,118.0,12.0,0.0,0.0,0.0,0.254,0.24,0.319,0.223,0.332,0.207,23.0,24.0,-1.0,18.48,16.609999999999996,1.8700000000000045,Major Applewhite,26.5,30.416666666666668,-3.9166666666666665,12.0,5.0,2.0,0.4
2026,South Alabama,Sun Belt,-14.6,22.0,35.9,-0.7,,,0.0,0.0,0.0,0.0,0.0,0.0,573.38,187.23,77.0,26.0,0.0,0.0,0.0,0.786,0.951,0.617,0.802,0.759,0.997,12.0,30.0,-18.0,7.8100000000000005,19.630000000000003,-11.820000000000002,Major Applewhite,,,,,,,
2004,South Carolina,SEC,6.4,28.7,23.4,,,,6.0,5.0,11.0,4.0,4.0,,,182.49,29.0,6.0,1.0,0.0,0.16666666666666666,,,,,,,,,,,,,Lou Holtz,22.09090909090909,20.818181818181817,1.2727272727272727,11.0,4.0,2.0,0.5
2005,South Carolina,SEC,6.3,26.3,20.0,,0.883,6.6,7.0,5.0,12.0,5.0,3.0,,,210.9,18.0,9.0,4.0,0.0,0.4444444444444444,,,,,,,,,,,,,Steve Spurrier,23.0,21.90909090909091,1.0909090909090908,11.0,5.0,3.0,0.6
2006,South Carolina,SEC,19.1,38.0,20.2,1.4,0.835,8.9,8.0,5.0,13.0,3.0,5.0,,,182.76,33.0,7.0,4.0,0.0,0.5714285714285714,,,,,,,,,,,,,Steve Spurrier,25.166666666666668,17.25,7.916666666666667,12.0,7.0,3.0,0.42857142857142855
2007,South Carolina,SEC,16.2,33.2,18.4,1.3,0.801,7.4,6.0,6.0,12.0,3.0,5.0,,,273.85,7.0,14.0,10.0,0.0,0.7142857142857143,,,,,,,,,,,,,Steve Spurrier,26.083333333333332,23.5,2.5833333333333335,12.0,4.0,2.0,0.5
2008,South Carolina,SEC,7.8,23.7,16.3,0.4,0.863,7.4,7.0,6.0,13.0,4.0,4.0,,,198.87,35.0,13.0,3.0,0.0,0.23076923076923078,,,,,,,,,,,,,Steve Spurrier,21.666666666666668,20.25,1.4166666666666667,12.0,5.0,2.0,0.4
2009,South Carolina,SEC,13.9,27.0,13.2,0.1,0.807,7.4,7.0,6.0,13.0,3.0,5.0,,,257.08,14.0,15.0,7.0,0.0,0.4666666666666667,,,,,,,,,,,,,Steve Spurrier,21.75,20.416666666666668,1.3333333333333333,12.0,5.0,4.0,0.8
2010,South Carolina,SEC,20.3,38.6,19.0,0.7,0.769,10.8,9.0,5.0,14.0,5.0,4.0,9.020141520709645,,210.39,34.0,19.0,4.0,1.0,0.21052631578947367,,,,,,,,,,,,,Steve Spurrier,32.0,22.923076923076923,9.076923076923077,13.0,1.0,0.0,0.0
2011,South Carolina,SEC,18.6,33.3,14.6,-0.2,0.879,10.2,11.0,2.0,13.0,6.0,2.0,9.480034893295011,,244.09,17.0,21.0,7.0,1.0,0.3333333333333333,,,,,,,,,,,,,Steve Spurrier,30.083333333333332,18.833333333333332,11.25,12.0,5.0,4.0,0.8
2012,South Carolina,SEC,16.1,33.2,15.5,-1.6,0.823,8.9,11.0,2.0,13.0,6.0,2.0,8.853750072581766,,248.77,15.0,24.0,9.0,0.0,0.375,,,,,,,,,,,,,Steve Spurrier,31.416666666666668,17.416666666666668,14.0,12.0,3.0,2.0,0.6666666666666666
2013,South Carolina,SEC,19.8,40.7,20.6,-0.3,0.852,9.4,11.0,2.0,13.0,6.0,2.0,8.744859845640631,,224.01,20.0,16.0,6.0,0.0,0.375,,,,,,,,,,,,,Steve Spurrier,34.083333333333336,20.0,14.083333333333334,12.0,5.0,4.0,0.8
2014,South Carolina,SEC,17.4,43.6,26.5,0.3,0.816,6.8,7.0,6.0,13.0,3.0,5.0,5.449351865953694,,239.33,19.0,15.0,9.0,0.0,0.6,0.533,0.257,0.403,0.719,0.57,0.249,,,,,,,Steve Spurrier,33.333333333333336,31.166666666666668,2.1666666666666665,12.0,6.0,2.0,0.3333333333333333
2015,South Carolina,SEC,3.4,31.3,28.6,0.8,0.82,4.1,3.0,9.0,12.0,1.0,7.0,3.8796248985138684,725.72,230.49,20.0,11.0,5.0,0.0,0.45454545454545453,0.349,0.121,0.528,0.427,0.284,0.043,,,,,,,Shawn Elliott,21.916666666666668,27.5,-5.583333333333333,12.0,6.0,1.0,0.16666666666666666
2016,South Carolina,SEC,-4.0,22.7,27.5,0.8,0.878,4.8,6.0,7.0,13.0,3.0,5.0,6.622746691974632,706.9,216.77,25.0,26.0,5.0,0.0,0.19230769230769232,0.581,0.876,0.737,0.408,0.564,0.893,,,,,,,Will Muschamp,19.25,24.833333333333332,-5.583333333333333,12.0,5.0,4.0,0.8
2017,South Carolina,SEC,7.8,28.4,19.7,-0.8,0.853,7.9,9.0,4.0,13.0,5.0,3.0,7.6969194769160625,702.52,227.58,21.0,22.0,5.0,0.0,0.22727272727272727,0.867,0.652,0.907,0.939,0.695,0.49,,,,,,,Will Muschamp,24.083333333333332,20.833333333333332,3.25,12.0,5.0,4.0,0.8
2018,South Carolina,SEC,14.9,36.4,23.6,2.0,0.788,5.8,7.0,6.0,13.0,4.0,4.0,5.56142205683047,749.98,242.04,18.0,21.0,8.0,0.0,0.38095238095238093,0.887,0.967,0.947,0.836,0.94,0.995,,,,,,,Will Muschamp,32.583333333333336,27.166666666666668,5.416666666666667,12.0,5.0,3.0,0.6
2019,South Carolina,SEC,4.8,23.4,20.8,2.2,,,4.0,8.0,12.0,3.0,5.0,4.278140552496336,762.68,247.26,17.0,22.0,6.0,1.0,0.2727272727272727,0.717,0.764,0.885,0.657,0.772,0.874,,,,,,,Will Muschamp,22.416666666666668,26.083333333333332,-3.6666666666666665,12.0,3.0,1.0,0.3333333333333333
2020,South Carolina,SEC,-2.4,27.5,29.7,,,,2.0,8.0,10.0,2.0,8.0,2.7119307350773716,771.64,250.12,18.0,26.0,10.0,1.0,0.38461538461538464,0.417,1.136,0.233,0.337,0.579,0.93,,,,,,,Mike Bobo,23.5,36.0,-12.5,10.0,2.0,0.0,0.0
2021,South Carolina,SEC,3.9,26.0,24.2,,,,7.0,6.0,13.0,3.0,5.0,6.855620793760253,747.88,157.05,76.0,10.0,0.0,0.0,0.0,0.66,0.268,0.887,0.634,0.518,0.239,8.0,12.0,-4.0,6.629999999999999,8.379999999999999,-1.75,Shane Beamer,21.333333333333332,24.25,-2.9166666666666665,12.0,5.0,3.0,0.6
2022,South Carolina,SEC,12.7,36.0,25.2,1.8,,,8.0,5.0,13.0,4.0,4.0,6.840453841147032,762.63,220.16,25.0,24.0,7.0,0.0,0.2916666666666667,0.652,0.438,0.078,0.843,0.548,0.438,10.0,21.0,-11.0,8.65,13.7,-5.049999999999999,Shane Beamer,31.666666666666668,27.5,4.166666666666667,12.0,2.0,2.0,1.0
2023,South Carolina,SEC,4.3,28.2,25.6,1.7,,,5.0,7.0,12.0,3.0,5.0,5.604162594441235,763.02,256.14,16.0,25.0,11.0,1.0,0.44,0.636,0.935,0.49,0.502,0.644,0.995,10.0,17.0,-7.0,8.56,12.309999999999999,-3.7499999999999982,Shane Beamer,26.0,26.333333333333332,-0.3333333333333333,12.0,3.0,2.0,0.6666666666666666
2024,South Carolina,SEC,16.9,32.1,16.0,0.8,,,9.0,4.0,13.0,5.0,3.0,10.006863300044262,798.18,239.75,22.0,17.0,10.0,2.0,0.5882352941176471,0.191,0.099,0.134,0.258,0.138,0.027,22.0,26.0,-4.0,18.790000000000003,18.529999999999998,0.2600000000000051,Shane Beamer,31.583333333333332,17.833333333333332,13.75,12.0,5.0,3.0,0.6
2025,South Carolina,SEC,5.9,24.6,20.2,1.5,,,4.0,8.0,12.0,1.0,7.0,4.077739275991917,833.26,244.27,18.0,25.0,12.0,0.0,0.48,0.625,0.837,0.534,0.552,0.634,0.879,18.0,24.0,-6.0,15.79,18.75,-2.960000000000001,Shane Beamer,22.666666666666668,22.083333333333332,0.5833333333333334,12.0,2.0,0.0,0.0
2026,South Carolina,SEC,12.6,30.2,18.1,0.5,,,0.0,0.0,0.0,0.0,0.0,0.0,862.87,256.43,14.0,18.0,10.0,0.0,0.5555555555555556,0.69,0.654,0.801,0.672,0.676,0.907,26.0,25.0,1.0,21.180000000000003,15.759999999999996,5.420000000000007,Shane Beamer,,,,,,,
2004,South Florida,American Athletic,-9.7,32.3,39.2,,,,4.0,7.0,11.0,3.0,5.0,,,154.25,43.0,12.0,0.0,0.0,0.0,,,,,,,,,,,,,Jim Leavitt,24.636363636363637,31.90909090909091,-7.2727272727272725,11.0,3.0,1.0,0.3333333333333333
2005,South Florida,American Athletic,2.3,22.4,20.1,,0.868,5.8,6.0,6.0,12.0,4.0,3.0,,,130.19,56.0,12.0,0.0,0.0,0.0,,,,,,,,,,,,,Jim Leavitt,25.09090909090909,18.363636363636363,6.7272727272727275,11.0,1.0,0.0,0.0
2006,South Florida,American Athletic,10.7,25.4,12.8,-1.9,0.87,9.0,9.0,4.0,13.0,4.0,3.0,,,152.47,52.0,20.0,1.0,0.0,0.05,,,,,,,,,,,,,Jim Leavitt,22.916666666666668,17.75,5.166666666666667,12.0,5.0,3.0,0.6
2007,South Florida,American Athletic,15.8,33.1,16.5,-0.8,0.845,9.3,9.0,4.0,13.0,4.0,3.0,,,154.98,56.0,19.0,0.0,0.0,0.0,,,,,,,,,,,,,Jim Leavitt,35.833333333333336,20.666666666666668,15.166666666666666,12.0,4.0,1.0,0.25
2008,South Florida,American Athletic,8.0,28.8,20.9,0.1,0.961,8.9,8.0,5.0,13.0,2.0,5.0,,,128.07,80.0,7.0,0.0,0.0,0.0,,,,,,,,,,,,,Jim Leavitt,26.5,20.5,6.0,12.0,6.0,3.0,0.5
2009,South Florida,American Athletic,2.8,26.9,22.5,-1.7,0.888,7.6,8.0,5.0,13.0,3.0,4.0,,,222.52,26.0,13.0,3.0,0.0,0.23076923076923078,,,,,,,,,,,,,Jim Leavitt,26.416666666666668,21.166666666666668,5.25,12.0,1.0,0.0,0.0
2010,South Florida,American Athletic,0.4,19.1,18.1,-0.5,0.891,6.1,8.0,5.0,13.0,3.0,4.0,6.302097029696298,,182.46,59.0,11.0,2.0,0.0,0.18181818181818182,,,,,,,,,,,,,Skip Holtz,23.5,19.5,4.0,12.0,6.0,3.0,0.5
2011,South Florida,American Athletic,9.7,29.8,19.8,-0.3,0.907,7.4,5.0,7.0,12.0,1.0,6.0,6.761536425229515,,143.19,70.0,19.0,0.0,0.0,0.0,,,,,,,,,,,,,Skip Holtz,29.25,22.666666666666668,6.583333333333333,12.0,6.0,1.0,0.16666666666666666
2012,South Florida,American Athletic,-3.2,25.5,29.8,1.1,0.904,4.2,3.0,9.0,12.0,1.0,6.0,4.42420918770229,,181.93,54.0,12.0,2.0,0.0,0.16666666666666666,,,,,,,,,,,,,Skip Holtz,20.583333333333332,27.416666666666668,-6.833333333333333,12.0,5.0,2.0,0.4
2013,South Florida,American Athletic,-15.5,10.8,27.2,0.9,0.908,1.8,2.0,10.0,12.0,2.0,6.0,4.67445979351462,,173.74,54.0,14.0,0.0,0.0,0.0,,,,,,,,,,,,,Willie Taggart,13.75,28.583333333333332,-14.833333333333334,12.0,3.0,2.0,0.6666666666666666
2014,South Florida,American Athletic,-11.8,19.0,32.3,1.5,0.923,3.2,4.0,8.0,12.0,3.0,5.0,2.20093261122414,,189.74,42.0,14.0,1.0,0.0,0.07142857142857142,0.916,1.216,0.283,0.736,0.486,0.672,,,,,,,Willie Taggart,17.166666666666668,27.0,-9.833333333333334,12.0,4.0,3.0,0.75
2015,South Florida,American Athletic,3.6,30.1,26.8,0.3,0.911,7.7,8.0,5.0,13.0,6.0,2.0,8.067292095134599,529.65,163.15,66.0,14.0,0.0,0.0,0.0,0.391,0.053,-0.917,0.497,0.584,0.333,,,,,,,Willie Taggart,33.5,21.083333333333332,12.416666666666666,12.0,2.0,1.0,0.5
2016,South Florida,American Athletic,9.8,44.4,34.9,0.3,0.927,9.2,11.0,2.0,13.0,7.0,1.0,9.680666858108236,563.99,161.21,66.0,14.0,1.0,0.0,0.07142857142857142,0.893,0.874,0.979,0.837,0.949,0.921,,,,,,,Willie Taggart,43.583333333333336,31.0,12.583333333333334,12.0,2.0,2.0,1.0
2017,South Florida,American Athletic,10.2,31.6,21.2,-0.2,0.958,9.8,10.0,2.0,12.0,6.0,2.0,10.131445605920678,554.17,150.65,76.0,24.0,0.0,0.0,0.0,0.816,0.883,0.715,0.915,0.731,0.991,,,,,,,Charlie Strong,38.27272727272727,22.545454545454547,15.727272727272727,11.0,4.0,2.0,0.5
2018,South Florida,American Athletic,-1.2,29.1,29.8,-0.5,0.955,6.7,7.0,6.0,13.0,3.0,5.0,5.30688441241281,548.62,176.25,65.0,28.0,0.0,0.0,0.0,0.28,0.17,0.025,0.492,0.161,0.044,,,,,,,Charlie Strong,29.166666666666668,31.5,-2.3333333333333335,12.0,3.0,3.0,1.0
2019,South Florida,American Athletic,-9.8,20.4,27.4,-2.7,,,4.0,8.0,12.0,2.0,6.0,5.1137875405533135,559.66,158.44,77.0,20.0,0.0,0.0,0.0,0.743,0.907,0.894,0.56,0.732,0.789,,,,,,,Charlie Strong,20.833333333333332,28.916666666666668,-8.083333333333334,12.0,3.0,1.0,0.3333333333333333
2020,South Florida,American Athletic,-11.4,18.2,29.5,,,,1.0,8.0,9.0,0.0,7.0,1.7956263907307035,538.18,142.97,101.0,15.0,0.0,0.0,0.0,0.615,0.325,0.542,0.709,0.618,0.695,,,,,,,Jeff Scott,23.11111111111111,39.888888888888886,-16.77777777777778,9.0,2.0,0.0,0.0
2021,South Florida,American Athletic,-12.1,23.5,36.2,,,,2.0,10.0,12.0,1.0,7.0,3.2845345855969112,540.51,167.63,63.0,21.0,0.0,0.0,0.0,0.924,0.714,1.06,0.935,0.941,0.994,10.0,17.0,-7.0,6.619999999999999,9.399999999999999,-2.7799999999999994,Jeff Scott,23.166666666666668,34.666666666666664,-11.5,12.0,2.0,0.0,0.0
2022,South Florida,American Athletic,-17.0,34.1,50.3,-0.8,,,1.0,11.0,12.0,0.0,8.0,3.3903067784797445,574.32,136.48,91.0,12.0,0.0,0.0,0.0,0.497,-0.127,0.512,0.703,0.38,0.098,16.0,22.0,-6.0,13.0,12.7,0.3000000000000007,Daniel Da Prato,28.0,41.166666666666664,-13.166666666666666,12.0,4.0,0.0,0.0
2023,South Florida,American Athletic,-6.6,28.4,34.5,-0.4,,,7.0,6.0,13.0,4.0,4.0,6.797797443628671,622.89,165.19,76.0,17.0,0.0,0.0,0.0,0.463,0.699,0.497,0.321,0.446,0.643,19.0,26.0,-7.0,10.86,17.569999999999997,-6.709999999999997,Alex Golesh,30.833333333333332,34.916666666666664,-4.083333333333333,12.0,2.0,2.0,1.0
2024,South Florida,American Athletic,-2.3,29.5,33.4,1.6,,,7.0,6.0,13.0,4.0,4.0,6.759114997222183,641.02,197.92,50.0,27.0,1.0,0.0,0.037037037037037035,0.859,1.0,0.886,0.784,0.905,1.0,14.0,21.0,-7.0,10.36,13.659999999999997,-3.299999999999997,Alex Golesh,31.416666666666668,29.0,2.4166666666666665,12.0,1.0,0.0,0.0
2025,South Florida,American Athletic,11.6,37.7,25.3,-0.8,,,9.0,4.0,13.0,6.0,2.0,9.073491495335475,666.89,188.76,65.0,26.0,0.0,0.0,0.0,0.296,0.189,0.291,0.33,0.231,0.309,23.0,25.0,-2.0,15.679999999999996,13.879999999999997,1.799999999999999,Alex Golesh,43.0,23.333333333333332,19.666666666666668,12.0,3.0,1.0,0.3333333333333333
2026,South Florida,American Athletic,-1.7,28.1,29.6,-0.3,,,0.0,0.0,0.0,0.0,0.0,0.0,703.81,180.12,90.0,17.0,0.0,0.0,0.0,0.126,0.058,-0.007,0.238,0.161,0.005,44.0,34.0,10.0,30.88000000000001,27.070000000000004,3.810000000000006,Brian Hartline,,,,,,,
2004,Southern Miss,Sun Belt,-0.7,30.4,31.8,,,,7.0,5.0,12.0,5.0,4.0,,,109.5,65.0,11.0,0.0,0.0,0.0,,,,,,,,,,,,,Jeff Bower,25.272727272727273,26.181818181818183,-0.9090909090909091,11.0,5.0,4.0,0.8
2005,Southern Miss,Sun Belt,1.1,27.9,26.8,,0.955,6.5,7.0,5.0,12.0,5.0,3.0,,,117.82,66.0,16.0,0.0,0.0,0.0,,,,,,,,,,,,,Jeff Bower,29.454545454545453,23.0,6.454545454545454,11.0,4.0,1.0,0.25
2006,Southern Miss,Sun Belt,-0.3,23.3,23.1,-0.5,0.912,7.3,9.0,5.0,14.0,6.0,3.0,,,136.68,64.0,18.0,0.0,0.0,0.0,,,,,,,,,,,,,Jeff Bower,25.23076923076923,19.46153846153846,5.769230769230769,13.0,4.0,3.0,0.75
2007,Southern Miss,Sun Belt,-0.5,26.9,28.1,0.8,0.935,7.1,7.0,6.0,13.0,5.0,3.0,,,153.94,58.0,23.0,1.0,0.0,0.043478260869565216,,,,,,,,,,,,,Jeff Bower,28.333333333333332,23.583333333333332,4.75,12.0,4.0,2.0,0.5
2008,Southern Miss,Sun Belt,3.1,31.0,27.0,-1.0,0.967,7.3,7.0,6.0,13.0,4.0,4.0,,,190.75,39.0,13.0,1.0,1.0,0.07692307692307693,,,,,,,,,,,,,Larry Fedora,30.666666666666668,23.833333333333332,6.833333333333333,12.0,5.0,1.0,0.2
2009,Southern Miss,Sun Belt,2.4,30.4,27.6,-0.4,0.967,8.2,7.0,6.0,13.0,5.0,3.0,,,183.5,52.0,13.0,0.0,0.0,0.0,,,,,,,,,,,,,Larry Fedora,33.0,24.5,8.5,12.0,7.0,3.0,0.42857142857142855
2010,Southern Miss,Sun Belt,5.6,30.2,26.5,1.8,0.946,8.6,8.0,5.0,13.0,5.0,3.0,7.679555762515348,,191.15,48.0,14.0,0.0,0.0,0.0,,,,,,,,,,,,,Larry Fedora,37.583333333333336,29.416666666666668,8.166666666666666,12.0,4.0,1.0,0.25
2011,Southern Miss,Sun Belt,12.2,30.8,19.7,1.1,0.962,11.0,12.0,2.0,14.0,7.0,2.0,9.439459570585102,,83.64,86.0,21.0,0.0,0.0,0.0,,,,,,,,,,,,,Larry Fedora,37.84615384615385,21.076923076923077,16.76923076923077,13.0,5.0,3.0,0.6
2012,Southern Miss,Sun Belt,-18.6,18.4,36.0,-1.0,0.936,2.3,0.0,12.0,12.0,0.0,8.0,4.007844862763842,,150.61,68.0,20.0,1.0,0.0,0.05,,,,,,,,,,,,,Ellis Johnson,19.666666666666668,37.833333333333336,-18.166666666666668,12.0,3.0,0.0,0.0
2013,Southern Miss,Sun Belt,-24.5,13.6,36.5,-1.7,0.957,2.5,1.0,11.0,12.0,1.0,7.0,3.0441929574709183,,136.46,82.0,21.0,0.0,0.0,0.0,,,,,,,,,,,,,Todd Monken,17.083333333333332,41.916666666666664,-24.833333333333332,12.0,2.0,0.0,0.0
2014,Southern Miss,Sun Belt,-15.9,19.0,34.8,-0.1,0.892,3.2,3.0,9.0,12.0,1.0,7.0,2.8419061376396266,,125.74,82.0,20.0,0.0,0.0,0.0,0.579,0.357,0.315,0.585,0.581,0.609,,,,,,,Todd Monken,19.0,35.416666666666664,-16.416666666666668,12.0,4.0,2.0,0.5
2015,Southern Miss,Sun Belt,1.4,31.3,31.1,1.2,0.936,9.3,9.0,5.0,14.0,7.0,2.0,9.197423339051856,470.84,133.4,87.0,14.0,0.0,0.0,0.0,0.686,0.84,1.057,0.626,0.816,0.786,,,,,,,Todd Monken,40.61538461538461,24.153846153846153,16.46153846153846,13.0,1.0,1.0,1.0
2016,Southern Miss,Sun Belt,0.7,29.1,29.6,1.2,0.949,7.3,7.0,6.0,13.0,4.0,4.0,7.9244139586487305,441.29,126.05,100.0,17.0,0.0,0.0,0.0,0.578,0.959,0.426,0.299,0.613,0.98,,,,,,,Jay Hopson,33.25,30.25,3.0,12.0,2.0,0.0,0.0
2017,Southern Miss,Sun Belt,-3.4,24.9,28.3,0.0,0.979,7.9,8.0,5.0,13.0,6.0,2.0,6.913450941894797,394.24,152.71,74.0,21.0,0.0,0.0,0.0,0.53,0.012,0.793,0.803,0.578,0.123,,,,,,,Jay Hopson,30.5,23.0,7.5,12.0,4.0,3.0,0.75
2018,Southern Miss,Sun Belt,-5.0,16.6,21.4,-0.3,0.951,6.2,6.0,5.0,11.0,5.0,3.0,5.557959820863921,387.32,157.89,80.0,17.0,0.0,0.0,0.0,0.436,0.712,0.389,0.276,0.406,0.615,,,,,,,Jay Hopson,26.181818181818183,19.818181818181817,6.363636363636363,11.0,5.0,2.0,0.4
2019,Southern Miss,Sun Belt,-4.8,23.6,27.7,-0.7,,,7.0,6.0,13.0,5.0,3.0,6.6814315213969175,456.29,156.39,82.0,20.0,0.0,0.0,0.0,1.042,1.028,-7.632,0.925,0.916,0.995,,,,,,,Jay Hopson,27.75,25.916666666666668,1.8333333333333333,12.0,1.0,1.0,1.0
2020,Southern Miss,Sun Belt,-7.9,24.2,32.1,,,,3.0,7.0,10.0,2.0,4.0,3.5346333205009963,401.05,161.52,76.0,13.0,0.0,0.0,0.0,0.575,0.914,-1.581,0.285,0.618,0.989,,,,,,,Tim Billings,25.3,32.3,-7.0,10.0,3.0,0.0,0.0
2021,Southern Miss,Sun Belt,-14.2,15.0,28.6,,,,3.0,9.0,12.0,2.0,6.0,4.280912548203486,465.94,104.36,124.0,11.0,0.0,0.0,0.0,0.483,0.006,0.409,0.712,0.469,0.004,8.0,15.0,-7.0,5.199999999999999,7.409999999999999,-2.21,Will Hall,17.666666666666668,27.916666666666668,-10.25,12.0,1.0,0.0,0.0
2022,Southern Miss,Sun Belt,-3.5,18.3,22.9,1.1,,,7.0,6.0,13.0,4.0,4.0,6.896306654106202,478.97,152.38,79.0,15.0,0.0,0.0,0.0,0.778,0.926,0.68,0.735,0.877,0.946,11.0,15.0,-4.0,9.01,7.929999999999999,1.080000000000001,Will Hall,24.25,23.5,0.75,12.0,6.0,3.0,0.5
2023,Southern Miss,Sun Belt,-14.4,23.5,36.4,-1.5,,,3.0,9.0,12.0,2.0,6.0,4.140541627917707,425.21,161.48,81.0,20.0,0.0,0.0,0.0,0.634,0.435,1.521,0.605,0.651,0.601,8.0,6.0,2.0,4.4,3.6,0.8000000000000003,Will Hall,23.166666666666668,35.75,-12.583333333333334,12.0,3.0,1.0,0.3333333333333333
2024,Southern Miss,Sun Belt,-25.6,14.4,39.4,-0.6,,,1.0,11.0,12.0,0.0,8.0,1.5151647558977213,565.51,167.67,77.0,15.0,0.0,0.0,0.0,0.223,0.161,0.24,0.235,0.283,0.123,17.0,7.0,10.0,14.39,3.3,11.09,Will Hall,15.25,37.75,-22.5,12.0,0.0,0.0,
2025,Southern Miss,Sun Belt,-7.1,27.0,32.8,-1.3,,,7.0,6.0,13.0,5.0,3.0,6.909944791346788,602.53,140.71,105.0,14.0,0.0,0.0,0.0,0.167,0.429,-0.013,0.239,0.085,0.104,52.0,42.0,10.0,38.91000000000001,27.510000000000005,11.400000000000006,Blake Anderson,29.833333333333332,27.416666666666668,2.4166666666666665,12.0,3.0,2.0,0.6666666666666666
2026,Southern Miss,Sun Belt,-20.7,17.8,38.0,-0.4,,,0.0,0.0,0.0,0.0,0.0,0.0,602.63,175.33,108.0,10.0,0.0,0.0,0.0,0.902,0.974,1.019,0.819,0.921,0.998,38.0,28.0,10.0,29.96,19.38,10.580000000000002,Blake Anderson,,,,,,,
2004,Stanford,ACC,8.2,29.6,22.7,,,,4.0,7.0,11.0,3.0,6.0,,,115.28,60.0,7.0,1.0,0.0,0.14285714285714285,,,,,,,,,,,,,Buddy Teevens,22.0,21.181818181818183,0.8181818181818182,11.0,5.0,1.0,0.2
2005,Stanford,ACC,0.6,26.4,25.7,,0.835,4.5,5.0,6.0,11.0,4.0,4.0,,,200.1,24.0,10.0,3.0,0.0,0.3,,,,,,,,,,,,,Walt Harris,24.454545454545453,30.636363636363637,-6.181818181818182,11.0,7.0,4.0,0.5714285714285714
2006,Stanford,ACC,-14.1,14.8,27.6,-1.3,0.843,1.6,1.0,11.0,12.0,1.0,8.0,,,137.17,63.0,11.0,0.0,0.0,0.0,,,,,,,,,,,,,Walt Harris,10.583333333333334,31.416666666666668,-20.833333333333332,12.0,1.0,0.0,0.0
2007,Stanford,ACC,-6.7,21.0,27.4,-0.3,0.843,2.3,4.0,8.0,12.0,3.0,7.0,,,163.29,51.0,12.0,0.0,0.0,0.0,,,,,,,,,,,,,Jim Harbaugh,19.583333333333332,28.25,-8.666666666666666,12.0,5.0,3.0,0.6
2008,Stanford,ACC,2.2,30.2,29.5,1.5,0.87,4.7,5.0,7.0,12.0,4.0,6.0,,,175.6,47.0,10.0,2.0,0.0,0.2,,,,,,,,,,,,,Jim Harbaugh,26.25,27.416666666666668,-1.1666666666666667,12.0,5.0,2.0,0.4
2009,Stanford,ACC,10.7,39.2,30.6,2.2,0.867,7.8,8.0,5.0,13.0,6.0,3.0,,,232.43,21.0,13.0,6.0,0.0,0.46153846153846156,,,,,,,,,,,,,Jim Harbaugh,36.166666666666664,26.166666666666668,10.0,12.0,4.0,1.0,0.25
2010,Stanford,ACC,28.1,44.4,17.3,1.0,0.839,11.4,12.0,1.0,13.0,8.0,1.0,10.069566324314012,,223.33,25.0,17.0,4.0,0.0,0.23529411764705882,,,,,,,,,,,,,Jim Harbaugh,40.333333333333336,17.833333333333332,22.5,12.0,2.0,2.0,1.0
2011,Stanford,ACC,20.0,44.6,24.5,-0.1,0.854,10.5,11.0,2.0,13.0,8.0,1.0,9.093703426839157,,221.85,22.0,11.0,6.0,0.0,0.5454545454545454,,,,,,,,,,,,,David Shaw,43.583333333333336,20.333333333333332,23.25,12.0,1.0,1.0,1.0
2012,Stanford,ACC,15.3,29.2,14.2,0.4,0.847,9.1,12.0,2.0,14.0,9.0,1.0,9.47249400690937,,275.98,7.0,22.0,11.0,2.0,0.5,,,,,,,,,,,,,David Shaw,28.46153846153846,17.46153846153846,11.0,13.0,9.0,7.0,0.7777777777777778
2013,Stanford,ACC,21.7,35.8,15.5,1.3,0.828,10.6,11.0,3.0,14.0,8.0,2.0,9.563214781263225,,175.38,52.0,9.0,4.0,0.0,0.4444444444444444,,,,,,,,,,,,,David Shaw,33.23076923076923,18.615384615384617,14.615384615384615,13.0,5.0,3.0,0.6
2014,Stanford,ACC,21.4,33.5,12.0,-0.1,0.88,9.8,8.0,5.0,13.0,5.0,4.0,8.100367989017672,,250.05,13.0,16.0,9.0,1.0,0.5625,0.889,1.0,0.6,0.928,0.568,1.0,,,,,,,David Shaw,25.666666666666668,16.0,9.666666666666666,12.0,4.0,1.0,0.25
2015,Stanford,ACC,22.8,44.5,24.5,2.8,0.851,11.0,12.0,2.0,14.0,9.0,1.0,10.526463947915536,765.98,220.65,24.0,12.0,6.0,0.0,0.5,0.84,0.946,1.049,0.717,0.774,0.94,,,,,,,David Shaw,37.23076923076923,23.076923076923077,14.153846153846153,13.0,3.0,2.0,0.6666666666666666
2016,Stanford,ACC,16.4,31.2,17.5,2.7,0.854,8.5,10.0,3.0,13.0,6.0,3.0,8.30927164204298,778.45,245.82,16.0,26.0,9.0,0.0,0.34615384615384615,0.395,0.112,0.427,0.586,0.478,0.048,,,,,,,David Shaw,26.416666666666668,20.166666666666668,6.25,12.0,2.0,1.0,0.5
2017,Stanford,ACC,15.8,37.7,24.5,2.6,0.856,7.7,9.0,5.0,14.0,7.0,3.0,7.931801649430526,810.31,246.79,14.0,14.0,10.0,3.0,0.7142857142857143,0.596,1.0,0.305,0.669,0.65,1.0,,,,,,,David Shaw,32.0,21.46153846153846,10.538461538461538,13.0,6.0,3.0,0.5
2018,Stanford,ACC,13.0,35.4,24.3,1.8,0.877,8.4,9.0,4.0,13.0,6.0,3.0,7.445562960031435,786.63,202.29,40.0,17.0,5.0,0.0,0.29411764705882354,0.871,0.688,0.977,0.944,0.809,0.579,,,,,,,David Shaw,29.583333333333332,23.75,5.833333333333333,12.0,5.0,3.0,0.6
2019,Stanford,ACC,-4.7,27.2,32.2,0.3,,,4.0,8.0,12.0,3.0,6.0,4.175044438318225,787.59,242.58,21.0,24.0,8.0,0.0,0.3333333333333333,0.597,1.0,1.49,0.255,0.643,1.0,,,,,,,David Shaw,21.666666666666668,29.833333333333332,-8.166666666666666,12.0,3.0,1.0,0.3333333333333333
2020,Stanford,ACC,1.6,30.0,28.4,,,,4.0,2.0,6.0,4.0,2.0,1.5854219129949747,801.6,238.62,21.0,26.0,9.0,0.0,0.34615384615384615,0.678,0.685,0.276,0.736,0.57,0.624,,,,,,,David Shaw,29.333333333333332,31.666666666666668,-2.3333333333333335,6.0,5.0,4.0,0.8
2021,Stanford,ACC,-10.2,22.2,33.6,,,,3.0,9.0,12.0,2.0,7.0,2.827062020906381,745.3,183.58,51.0,19.0,2.0,0.0,0.10526315789473684,0.403,0.133,0.827,0.47,0.489,0.116,1.0,3.0,-2.0,0.8,1.8,-1.0,David Shaw,20.416666666666668,32.416666666666664,-12.0,12.0,3.0,1.0,0.3333333333333333
2022,Stanford,ACC,-7.2,25.6,34.2,1.5,,,3.0,9.0,12.0,1.0,8.0,2.9377392466469097,757.81,229.74,19.0,25.0,7.0,0.0,0.28,0.851,0.98,0.349,0.863,0.678,0.883,1.0,9.0,-8.0,0.89,7.35,-6.46,David Shaw,21.333333333333332,32.166666666666664,-10.833333333333334,12.0,4.0,2.0,0.5
2023,Stanford,ACC,-11.9,21.4,34.5,1.1,,,3.0,9.0,12.0,2.0,7.0,2.647337089501702,710.28,200.94,46.0,23.0,1.0,0.0,0.043478260869565216,0.392,0.133,0.984,0.395,0.382,0.038,4.0,21.0,-17.0,3.1599999999999997,16.099999999999998,-12.939999999999998,Troy Taylor,20.583333333333332,37.666666666666664,-17.083333333333332,12.0,4.0,2.0,0.5
2024,Stanford,ACC,-8.2,24.4,34.1,1.5,,,3.0,9.0,12.0,2.0,6.0,3.810818710546931,719.43,217.17,30.0,28.0,3.0,0.0,0.10714285714285714,0.848,1.006,0.936,0.792,0.834,0.976,4.0,14.0,-10.0,2.98,9.819999999999999,-6.839999999999998,Troy Taylor,22.833333333333332,33.666666666666664,-10.833333333333334,12.0,6.0,2.0,0.3333333333333333
2025,Stanford,ACC,-11.8,18.4,28.6,-1.7,,,4.0,8.0,12.0,3.0,5.0,4.465144503861666,707.27,196.58,56.0,17.0,2.0,0.0,0.11764705882352941,0.189,1.236,-0.15,0.25,0.321,0.137,17.0,27.0,-10.0,14.489999999999997,19.790000000000003,-5.300000000000006,Frank Reich,18.833333333333332,29.166666666666668,-10.333333333333334,12.0,4.0,2.0,0.5
2026,Stanford,ACC,-2.3,22.5,24.2,-0.6,,,0.0,0.0,0.0,0.0,0.0,0.0,705.81,218.95,37.0,23.0,4.0,0.0,0.17391304347826086,0.213,-0.012,1.346,0.312,0.298,0.01,6.0,12.0,-6.0,5.11,8.919999999999998,-3.809999999999998,Tavita Pritchard,,,,,,,
2004,Syracuse,ACC,4.4,33.6,31.2,,,,6.0,6.0,12.0,4.0,2.0,,,118.35,59.0,19.0,0.0,0.0,0.0,,,,,,,,,,,,,Paul Pasqualoni,24.818181818181817,26.636363636363637,-1.8181818181818181,11.0,2.0,1.0,0.5
2005,Syracuse,ACC,-10.7,12.6,23.4,,0.899,1.5,1.0,10.0,11.0,0.0,7.0,,,122.04,64.0,4.0,0.0,0.0,0.0,,,,,,,,,,,,,Greg Robinson,13.818181818181818,26.818181818181817,-13.0,11.0,2.0,0.0,0.0
2006,Syracuse,ACC,-3.6,20.2,25.7,1.9,0.833,3.2,4.0,8.0,12.0,1.0,6.0,,,150.59,55.0,13.0,1.0,0.0,0.07692307692307693,,,,,,,,,,,,,Greg Robinson,17.416666666666668,24.583333333333332,-7.166666666666667,12.0,3.0,2.0,0.6666666666666666
2007,Syracuse,ACC,-11.7,22.0,33.6,-0.1,0.852,1.9,2.0,10.0,12.0,1.0,6.0,,,168.09,45.0,15.0,0.0,0.0,0.0,,,,,,,,,,,,,Greg Robinson,16.416666666666668,34.833333333333336,-18.416666666666668,12.0,3.0,1.0,0.3333333333333333
2008,Syracuse,ACC,-14.6,19.3,35.4,1.4,0.925,3.0,3.0,9.0,12.0,1.0,6.0,,,166.43,52.0,20.0,2.0,0.0,0.1,,,,,,,,,,,,,Greg Robinson,18.083333333333332,32.666666666666664,-14.583333333333334,12.0,2.0,2.0,1.0
2009,Syracuse,ACC,-2.8,23.3,26.4,0.4,0.888,5.2,4.0,8.0,12.0,1.0,6.0,,,128.0,92.0,12.0,0.0,0.0,0.0,,,,,,,,,,,,,Doug Marrone,21.166666666666668,27.916666666666668,-6.75,12.0,3.0,1.0,0.3333333333333333
2010,Syracuse,ACC,5.3,22.2,18.1,1.2,0.923,7.7,8.0,5.0,13.0,4.0,3.0,7.176710587290219,,180.14,60.0,27.0,1.0,0.0,0.037037037037037035,,,,,,,,,,,,,Doug Marrone,21.0,18.083333333333332,2.9166666666666665,12.0,3.0,3.0,1.0
2011,Syracuse,ACC,-2.9,25.2,26.9,-1.2,0.898,4.8,5.0,7.0,12.0,1.0,6.0,5.955225581347378,,155.37,58.0,21.0,0.0,0.0,0.0,,,,,,,,,,,,,Doug Marrone,24.166666666666668,28.5,-4.333333333333333,12.0,6.0,4.0,0.6666666666666666
2012,Syracuse,ACC,5.8,34.3,26.8,-1.7,0.921,8.8,8.0,5.0,13.0,5.0,2.0,8.346656164284159,,170.44,60.0,20.0,2.0,0.0,0.1,,,,,,,,,,,,,Doug Marrone,29.333333333333332,25.666666666666668,3.6666666666666665,12.0,5.0,3.0,0.6
2013,Syracuse,ACC,0.0,25.9,23.2,-2.7,0.872,6.6,7.0,6.0,13.0,4.0,4.0,6.344173129180325,,144.37,74.0,12.0,0.0,0.0,0.0,,,,,,,,,,,,,Scott Shafer,22.833333333333332,26.083333333333332,-3.25,12.0,3.0,1.0,0.3333333333333333
2014,Syracuse,ACC,-2.1,18.8,20.9,0.0,0.864,4.1,3.0,9.0,12.0,1.0,7.0,2.694956671224346,,176.87,52.0,14.0,1.0,0.0,0.07142857142857142,0.886,0.849,3.392,0.743,0.593,0.674,,,,,,,Scott Shafer,17.083333333333332,24.333333333333332,-7.25,12.0,2.0,1.0,0.5
2015,Syracuse,ACC,-3.9,30.0,33.2,-0.7,0.846,3.6,4.0,8.0,12.0,2.0,6.0,4.560749351301955,508.8,172.06,57.0,14.0,0.0,0.0,0.0,0.678,2.234,0.953,0.528,0.638,0.941,,,,,,,Scott Shafer,27.25,31.0,-3.75,12.0,4.0,2.0,0.5
2016,Syracuse,ACC,-2.7,29.2,31.2,-0.7,0.816,3.6,4.0,8.0,12.0,2.0,6.0,4.513547088203168,520.26,165.15,62.0,22.0,0.0,0.0,0.0,1.014,1.149,1.192,0.918,0.914,0.991,,,,,,,Dino Babers,25.666666666666668,38.583333333333336,-12.916666666666666,12.0,1.0,1.0,1.0
2017,Syracuse,ACC,4.0,29.3,27.3,2.0,0.816,3.4,4.0,8.0,12.0,2.0,6.0,5.0668130136088925,539.6,180.08,54.0,22.0,1.0,0.0,0.045454545454545456,0.596,0.986,1.093,0.408,0.805,0.949,,,,,,,Dino Babers,27.416666666666668,32.166666666666664,-4.75,12.0,4.0,2.0,0.5
2018,Syracuse,ACC,7.5,32.1,27.4,2.8,0.898,8.5,10.0,3.0,13.0,6.0,2.0,10.498341461487687,570.2,189.14,51.0,21.0,1.0,0.0,0.047619047619047616,0.557,0.833,0.844,0.336,0.723,0.838,,,,,,,Dino Babers,40.75,27.75,13.0,12.0,3.0,1.0,0.3333333333333333
2019,Syracuse,ACC,-3.0,24.5,29.6,2.1,,,5.0,7.0,12.0,2.0,6.0,4.365580956027171,574.82,182.67,55.0,19.0,0.0,0.0,0.0,0.377,-0.052,0.308,0.62,0.434,0.223,,,,,,,Dino Babers,28.25,30.666666666666668,-2.4166666666666665,12.0,2.0,0.0,0.0
2020,Syracuse,ACC,-9.8,20.2,30.3,,,,1.0,10.0,11.0,1.0,9.0,1.3649335105281966,578.28,175.88,59.0,24.0,0.0,0.0,0.0,0.551,1.082,0.414,0.442,0.639,0.84,,,,,,,Dino Babers,17.818181818181817,32.72727272727273,-14.909090909090908,11.0,2.0,0.0,0.0
2021,Syracuse,ACC,0.3,27.1,25.2,,,,5.0,7.0,12.0,2.0,6.0,6.613079143850612,567.19,176.5,57.0,20.0,0.0,0.0,0.0,0.852,-0.097,-0.041,0.747,0.644,0.468,3.0,16.0,-13.0,2.0,8.599999999999998,-6.599999999999998,Dino Babers,24.916666666666668,26.333333333333332,-1.4166666666666667,12.0,5.0,2.0,0.4
2022,Syracuse,ACC,2.5,27.4,24.7,-0.1,,,7.0,6.0,13.0,4.0,4.0,6.247216096987285,590.36,166.16,68.0,17.0,0.0,0.0,0.0,0.677,0.64,0.798,0.601,0.766,0.821,9.0,18.0,-9.0,6.559999999999999,13.530000000000001,-6.970000000000002,Dino Babers,28.333333333333332,22.666666666666668,5.666666666666667,12.0,3.0,2.0,0.6666666666666666
2023,Syracuse,ACC,-4.4,22.2,26.1,-0.5,,,6.0,7.0,13.0,2.0,6.0,6.109475485787092,610.75,156.73,88.0,14.0,0.0,0.0,0.0,0.767,0.938,0.649,0.747,0.706,0.995,9.0,15.0,-6.0,7.01,10.219999999999997,-3.2099999999999973,Dino Babers,25.5,23.75,1.75,12.0,2.0,1.0,0.5
2024,Syracuse,ACC,5.5,35.8,28.9,-1.3,,,10.0,3.0,13.0,5.0,3.0,6.149897698376089,698.59,210.55,38.0,25.0,4.0,0.0,0.16,0.315,0.163,0.146,0.435,0.48,0.292,19.0,29.0,-10.0,16.089999999999996,20.979999999999997,-4.890000000000001,Fran Brown,32.583333333333336,28.666666666666668,3.9166666666666665,12.0,8.0,6.0,0.75
2025,Syracuse,ACC,-13.1,18.8,33.0,1.1,,,3.0,9.0,12.0,1.0,7.0,2.773939495906234,727.83,206.41,42.0,35.0,1.0,0.0,0.02857142857142857,0.131,0.013,-0.298,0.237,0.124,0.002,16.0,26.0,-10.0,13.34,18.879999999999995,-5.539999999999996,Fran Brown,20.166666666666668,34.916666666666664,-14.75,12.0,1.0,1.0,1.0
2026,Syracuse,ACC,-1.9,23.3,25.6,0.4,,,0.0,0.0,0.0,0.0,0.0,0.0,745.61,224.78,35.0,26.0,4.0,0.0,0.15384615384615385,0.35,0.834,-0.186,0.2,0.29,0.526,19.0,29.0,-10.0,16.33,22.370000000000008,-6.04000000000001,Fran Brown,,,,,,,
2004,TCU,Big 12,-3.9,39.3,41.2,,,,5.0,6.0,11.0,4.0,5.0,,,131.89,50.0,4.0,0.0,0.0,0.0,,,,,,,,,,,,,Gary Patterson,32.90909090909091,33.90909090909091,-1.0,11.0,5.0,3.0,0.6
2005,TCU,Big 12,10.5,28.3,17.7,,0.945,8.7,11.0,1.0,12.0,8.0,0.0,,,152.76,50.0,13.0,0.0,0.0,0.0,,,,,,,,,,,,,Gary Patterson,33.72727272727273,18.09090909090909,15.636363636363637,11.0,4.0,4.0,1.0
2006,TCU,Big 12,17.3,29.2,12.7,0.8,0.922,10.0,11.0,2.0,13.0,6.0,2.0,,,143.23,58.0,8.0,0.0,0.0,0.0,,,,,,,,,,,,,Gary Patterson,28.583333333333332,12.75,15.833333333333334,12.0,1.0,1.0,1.0
2007,TCU,Big 12,6.4,24.4,19.0,1.0,0.923,8.5,8.0,5.0,13.0,5.0,4.0,,,155.69,55.0,18.0,0.0,0.0,0.0,,,,,,,,,,,,,Gary Patterson,26.583333333333332,19.166666666666668,7.416666666666667,12.0,5.0,1.0,0.2
2008,TCU,Big 12,19.2,30.5,11.8,0.5,0.919,11.5,11.0,2.0,13.0,8.0,1.0,,,133.71,74.0,15.0,0.0,0.0,0.0,,,,,,,,,,,,,Gary Patterson,35.0,10.916666666666666,24.083333333333332,12.0,2.0,1.0,0.5
2009,TCU,Big 12,25.6,36.0,11.4,1.0,0.916,12.4,12.0,1.0,13.0,8.0,0.0,,,196.02,44.0,11.0,3.0,0.0,0.2727272727272727,,,,,,,,,,,,,Gary Patterson,40.666666666666664,12.416666666666666,28.25,12.0,2.0,2.0,1.0
2010,TCU,Big 12,25.2,39.4,15.8,1.6,0.921,12.2,13.0,0.0,13.0,10.0,0.0,11.262421016214544,,192.08,47.0,13.0,3.0,0.0,0.23076923076923078,,,,,,,,,,,,,Gary Patterson,43.333333333333336,11.416666666666666,31.916666666666668,12.0,1.0,1.0,1.0
2011,TCU,Big 12,15.7,37.7,23.3,1.3,0.943,10.7,11.0,2.0,13.0,7.0,0.0,8.783245573195392,,207.48,28.0,13.0,3.0,0.0,0.23076923076923078,,,,,,,,,,,,,Gary Patterson,41.666666666666664,21.25,20.416666666666668,12.0,3.0,1.0,0.3333333333333333
2012,TCU,Big 12,12.9,28.6,17.7,2.0,0.839,7.2,7.0,6.0,13.0,4.0,5.0,7.866717370602409,,219.37,29.0,20.0,3.0,0.0,0.15,,,,,,,,,,,,,Gary Patterson,29.333333333333332,23.083333333333332,6.25,12.0,4.0,2.0,0.5
2013,TCU,Big 12,12.4,24.9,15.0,2.5,0.848,6.8,4.0,8.0,12.0,2.0,7.0,6.1502527287479385,,194.83,35.0,15.0,2.0,0.0,0.13333333333333333,,,,,,,,,,,,,Gary Patterson,25.083333333333332,25.25,-0.16666666666666666,12.0,5.0,1.0,0.2
2014,TCU,Big 12,23.3,39.3,17.5,1.5,0.873,11.2,12.0,1.0,13.0,8.0,1.0,10.675201049373445,,188.64,43.0,12.0,1.0,0.0,0.08333333333333333,0.565,0.773,0.959,0.576,0.592,0.424,,,,,,,Gary Patterson,46.833333333333336,20.333333333333332,26.5,12.0,4.0,3.0,0.75
2015,TCU,Big 12,19.0,40.8,21.7,-0.1,0.875,10.5,11.0,2.0,13.0,7.0,2.0,10.11630260006642,630.38,191.44,39.0,5.0,1.0,0.0,0.2,0.889,0.933,0.829,0.891,0.842,0.949,,,,,,,Gary Patterson,41.666666666666664,26.083333333333332,15.583333333333334,12.0,6.0,5.0,0.8333333333333334
2016,TCU,Big 12,11.0,34.5,23.4,-0.1,0.876,7.8,6.0,7.0,13.0,4.0,5.0,6.3947495088735495,665.53,235.79,21.0,17.0,7.0,0.0,0.4117647058823529,0.242,0.078,0.057,0.421,0.295,0.077,,,,,,,Gary Patterson,31.666666666666668,27.75,3.9166666666666665,12.0,4.0,1.0,0.25
2017,TCU,Big 12,18.9,35.7,18.7,1.9,0.858,10.3,11.0,3.0,14.0,7.0,3.0,10.564571866884913,672.81,210.03,28.0,19.0,4.0,0.0,0.21052631578947367,1.014,1.073,1.001,0.996,0.872,0.89,,,,,,,Gary Patterson,33.15384615384615,17.615384615384617,15.538461538461538,13.0,2.0,1.0,0.5
2018,TCU,Big 12,6.9,25.7,16.9,-1.8,0.865,7.1,7.0,6.0,13.0,4.0,5.0,5.569299599931519,671.88,224.13,25.0,22.0,4.0,0.0,0.18181818181818182,0.405,0.243,0.7,0.414,0.366,0.079,,,,,,,Gary Patterson,24.666666666666668,24.416666666666668,0.25,12.0,6.0,4.0,0.6666666666666666
2019,TCU,Big 12,6.7,28.8,22.9,0.8,,,5.0,7.0,12.0,3.0,6.0,6.5575523564787455,691.63,210.62,33.0,23.0,5.0,0.0,0.21739130434782608,0.693,0.799,0.635,0.66,0.595,0.338,,,,,,,Gary Patterson,30.333333333333332,26.416666666666668,3.9166666666666665,12.0,7.0,1.0,0.14285714285714285
2020,TCU,Big 12,1.6,24.3,22.8,,,,6.0,4.0,10.0,5.0,4.0,6.236423359500499,712.31,215.88,28.0,19.0,8.0,1.0,0.42105263157894735,0.726,1.978,0.54,0.772,0.568,0.871,,,,,,,Gary Patterson,30.8,24.2,6.6,10.0,4.0,2.0,0.5
2021,TCU,Big 12,-0.6,33.2,33.9,,,,5.0,7.0,12.0,3.0,6.0,5.834781025802941,698.52,171.83,61.0,16.0,3.0,0.0,0.1875,0.842,0.888,0.853,0.82,0.863,0.997,6.0,23.0,-17.0,4.84,13.15,-8.31,Jerry Kill,28.666666666666668,34.916666666666664,-6.25,12.0,4.0,3.0,0.75
2022,TCU,Big 12,24.3,43.3,20.2,1.2,,,13.0,2.0,15.0,9.0,1.0,10.324848578954755,712.05,194.07,45.0,13.0,4.0,0.0,0.3076923076923077,0.847,0.974,0.658,0.846,0.826,0.983,14.0,17.0,-3.0,12.149999999999999,13.389999999999999,-1.2400000000000002,Sonny Dykes,40.30769230769231,25.0,15.307692307692308,13.0,5.0,4.0,0.8
2023,TCU,Big 12,7.9,33.5,25.3,-0.3,,,5.0,7.0,12.0,3.0,6.0,6.209705223056343,768.25,235.07,21.0,21.0,7.0,0.0,0.3333333333333333,0.144,0.084,-0.015,0.259,0.125,0.061,13.0,17.0,-4.0,11.479999999999997,12.479999999999999,-1.0000000000000018,Sonny Dykes,31.333333333333332,27.833333333333332,3.5,12.0,4.0,0.0,0.0
2024,TCU,Big 12,10.8,34.6,22.8,-0.9,,,9.0,4.0,13.0,6.0,3.0,8.906212192410981,766.5,213.87,34.0,21.0,5.0,0.0,0.23809523809523808,0.544,0.585,0.06,0.612,0.522,0.594,23.0,20.0,3.0,19.179999999999996,15.67,3.5099999999999962,Sonny Dykes,33.416666666666664,26.416666666666668,7.0,12.0,6.0,4.0,0.6666666666666666
2025,TCU,Big 12,8.3,32.9,23.9,-0.7,,,9.0,4.0,13.0,5.0,4.0,8.130669541656971,745.01,229.8,24.0,27.0,6.0,0.0,0.2222222222222222,0.574,0.956,0.282,0.343,0.595,0.988,11.0,19.0,-8.0,9.509999999999998,15.01,-5.500000000000002,Sonny Dykes,30.75,25.166666666666668,5.583333333333333,12.0,5.0,3.0,0.6
2026,TCU,Big 12,9.4,31.4,21.8,-0.2,,,0.0,0.0,0.0,0.0,0.0,0.0,730.79,212.6,47.0,22.0,4.0,0.0,0.18181818181818182,0.224,0.11,0.313,0.291,0.251,0.008,12.0,14.0,-2.0,9.44,9.799999999999999,-0.35999999999999943,Sonny Dykes,,,,,,,
2004,Temple,American Athletic,-12.4,30.4,39.4,,,,2.0,9.0,11.0,1.0,5.0,,,90.32,80.0,15.0,0.0,0.0,0.0,,,,,,,,,,,,,Bobby Wallace,21.636363636363637,36.27272727272727,-14.636363636363637,11.0,1.0,0.0,0.0
2005,Temple,American Athletic,-29.1,12.1,41.2,,0.897,0.9,0.0,11.0,11.0,0.0,0.0,,,53.0,108.0,22.0,0.0,0.0,0.0,,,,,,,,,,,,,Bobby Wallace,9.727272727272727,45.18181818181818,-35.45454545454545,11.0,1.0,0.0,0.0
2006,Temple,American Athletic,-33.3,7.7,38.7,-2.3,0.901,0.7,1.0,11.0,12.0,0.0,0.0,,,77.53,102.0,16.0,0.0,0.0,0.0,,,,,,,,,,,,,Al Golden,10.916666666666666,41.333333333333336,-30.416666666666668,12.0,1.0,0.0,0.0
2007,Temple,American Athletic,-19.0,14.9,31.7,-2.2,0.961,4.4,4.0,8.0,12.0,4.0,4.0,,,131.64,70.0,19.0,0.0,0.0,0.0,,,,,,,,,,,,,Al Golden,16.416666666666668,26.25,-9.833333333333334,12.0,4.0,3.0,0.75
2008,Temple,American Athletic,-9.4,19.0,27.9,-0.5,0.957,5.5,5.0,7.0,12.0,4.0,4.0,,,128.86,78.0,23.0,0.0,0.0,0.0,,,,,,,,,,,,,Al Golden,23.416666666666668,23.083333333333332,0.3333333333333333,12.0,7.0,2.0,0.2857142857142857
2009,Temple,American Athletic,-4.9,21.8,26.2,-0.5,0.961,8.2,9.0,4.0,13.0,7.0,1.0,,,82.03,110.0,13.0,0.0,0.0,0.0,,,,,,,,,,,,,Al Golden,30.25,21.666666666666668,8.583333333333334,12.0,4.0,3.0,0.75
2010,Temple,American Athletic,-5.2,20.9,25.4,-0.6,0.969,6.7,8.0,4.0,12.0,5.0,3.0,6.231868897526473,,141.31,95.0,21.0,0.0,0.0,0.0,,,,,,,,,,,,,Al Golden,25.0,19.083333333333332,5.916666666666667,12.0,4.0,4.0,1.0
2011,Temple,American Athletic,4.6,26.4,22.5,0.7,0.972,8.7,9.0,4.0,13.0,5.0,3.0,8.054603713361848,,93.88,83.0,16.0,0.0,0.0,0.0,,,,,,,,,,,,,Steve Addazio,30.083333333333332,13.833333333333334,16.25,12.0,4.0,1.0,0.25
2012,Temple,American Athletic,-11.6,21.6,36.0,2.8,0.937,3.6,4.0,7.0,11.0,2.0,5.0,3.6347508675580578,,139.63,74.0,28.0,0.0,0.0,0.0,,,,,,,,,,,,,Steve Addazio,24.727272727272727,31.181818181818183,-6.454545454545454,11.0,1.0,1.0,1.0
2013,Temple,American Athletic,-10.7,27.6,37.0,-1.3,0.934,5.0,2.0,10.0,12.0,1.0,7.0,5.512075810032745,,140.29,77.0,18.0,0.0,0.0,0.0,,,,,,,,,,,,,Matt Rhule,24.916666666666668,29.833333333333332,-4.916666666666667,12.0,5.0,0.0,0.0
2014,Temple,American Athletic,-4.7,15.8,18.9,-1.6,0.946,6.2,6.0,6.0,12.0,4.0,4.0,5.533132672742125,,156.27,69.0,20.0,0.0,0.0,0.0,0.642,1.319,0.823,0.542,0.86,0.904,,,,,,,Matt Rhule,23.083333333333332,17.5,5.583333333333333,12.0,3.0,1.0,0.3333333333333333
2015,Temple,American Athletic,6.0,26.4,20.6,0.2,0.92,8.6,10.0,4.0,14.0,7.0,2.0,9.232447195100415,405.92,143.34,80.0,19.0,0.0,0.0,0.0,0.488,1.235,0.557,0.507,0.699,0.948,,,,,,,Matt Rhule,30.76923076923077,19.153846153846153,11.615384615384615,13.0,2.0,1.0,0.5
2016,Temple,American Athletic,11.9,31.5,19.8,0.2,0.944,10.5,10.0,4.0,14.0,8.0,1.0,11.296530388409671,492.72,167.55,59.0,26.0,1.0,0.0,0.038461538461538464,0.631,0.967,0.324,0.443,0.831,0.991,,,,,,,Matt Rhule,32.84615384615385,17.23076923076923,15.615384615384615,13.0,3.0,1.0,0.3333333333333333
2017,Temple,American Athletic,0.5,25.1,24.1,-0.5,0.925,7.4,7.0,6.0,13.0,4.0,4.0,7.135928829800401,468.29,108.13,119.0,19.0,0.0,0.0,0.0,0.598,0.029,0.804,0.796,0.429,0.025,,,,,,,Geoff Collins,24.833333333333332,27.666666666666668,-2.8333333333333335,12.0,4.0,1.0,0.25
2018,Temple,American Athletic,2.9,28.1,23.9,-1.3,0.951,8.5,8.0,5.0,13.0,7.0,1.0,7.186202653860234,478.3,155.39,83.0,29.0,0.0,0.0,0.0,0.523,0.641,-4.286,0.497,0.537,0.456,,,,,,,Geoff Collins,35.583333333333336,24.666666666666668,10.916666666666666,12.0,4.0,2.0,0.5
2019,Temple,American Athletic,3.2,24.6,20.8,-0.6,,,8.0,5.0,13.0,5.0,3.0,8.089276886003455,489.03,136.56,105.0,17.0,0.0,0.0,0.0,0.567,0.73,0.154,0.595,0.585,0.825,,,,,,,Rod Carey,27.416666666666668,23.5,3.9166666666666665,12.0,3.0,2.0,0.6666666666666666
2020,Temple,American Athletic,-10.0,23.3,33.0,,,,1.0,6.0,7.0,1.0,6.0,0.9711174651620968,482.14,145.3,97.0,20.0,0.0,0.0,0.0,0.777,0.824,0.809,0.751,0.736,0.895,,,,,,,Rod Carey,19.857142857142858,37.142857142857146,-17.285714285714285,7.0,2.0,1.0,0.5
2021,Temple,American Athletic,-19.1,17.5,34.1,,,,3.0,9.0,12.0,1.0,7.0,2.096913717200432,501.4,132.83,105.0,13.0,0.0,0.0,0.0,0.453,-0.016,1.0,0.768,0.499,0.218,11.0,18.0,-7.0,6.64,10.16,-3.5200000000000005,Rod Carey,16.333333333333332,37.5,-21.166666666666668,12.0,1.0,1.0,1.0
2022,Temple,American Athletic,-12.9,16.3,28.6,-0.5,,,3.0,9.0,12.0,1.0,7.0,4.443983901191349,505.48,129.57,95.0,12.0,0.0,0.0,0.0,0.71,1.416,0.289,0.693,0.543,0.586,12.0,18.0,-6.0,8.100000000000001,10.37,-2.269999999999998,Stan Drayton,21.916666666666668,29.25,-7.333333333333333,12.0,4.0,0.0,0.0
2023,Temple,American Athletic,-21.0,18.6,37.8,-1.9,,,3.0,9.0,12.0,1.0,7.0,2.847281087613609,554.47,160.16,85.0,27.0,0.0,0.0,0.0,0.756,1.0,0.831,0.599,0.819,1.0,11.0,28.0,-17.0,6.6899999999999995,16.349999999999998,-9.659999999999998,Stan Drayton,21.083333333333332,35.666666666666664,-14.583333333333334,12.0,2.0,1.0,0.5
2024,Temple,American Athletic,-20.3,17.3,37.8,0.3,,,3.0,9.0,12.0,2.0,6.0,2.501061874077142,532.46,138.09,115.0,16.0,0.0,0.0,0.0,0.236,-0.016,-0.162,0.385,0.175,0.036,15.0,31.0,-16.0,10.69,14.839999999999996,-4.149999999999997,Stan Drayton,19.583333333333332,35.416666666666664,-15.833333333333334,12.0,2.0,1.0,0.5
2025,Temple,American Athletic,-5.1,27.1,33.2,1.0,,,5.0,7.0,12.0,3.0,5.0,5.062912607565522,507.91,101.99,123.0,16.0,0.0,0.0,0.0,0.409,1.078,2.0,0.143,0.585,0.739,24.0,23.0,1.0,17.740000000000002,13.65,4.090000000000002,K.C. Keeler,27.833333333333332,29.666666666666668,-1.8333333333333333,12.0,4.0,2.0,0.5
2026,Temple,American Athletic,-9.1,25.0,34.4,0.3,,,0.0,0.0,0.0,0.0,0.0,0.0,631.07,192.17,68.0,29.0,0.0,0.0,0.0,0.37,0.0,0.229,0.691,0.292,0.0,23.0,26.0,-3.0,15.149999999999997,11.999999999999996,3.1500000000000004,K.C. Keeler,,,,,,,
2004,Tennessee,SEC,16.1,38.8,24.7,,,,10.0,3.0,13.0,7.0,2.0,,,235.04,11.0,6.0,3.0,1.0,0.5,,,,,,,,,,,,,Phillip Fulmer,28.333333333333332,24.0,4.333333333333333,12.0,7.0,6.0,0.8571428571428571
2005,Tennessee,SEC,12.3,23.7,11.4,,0.875,6.3,5.0,6.0,11.0,3.0,5.0,,,276.14,4.0,9.0,9.0,1.0,1.0,,,,,,,,,,,,,Phillip Fulmer,18.636363636363637,18.636363636363637,0.0,11.0,6.0,3.0,0.5
2006,Tennessee,SEC,18.9,35.9,18.3,1.3,0.794,7.7,9.0,4.0,13.0,5.0,3.0,,,191.71,29.0,12.0,2.0,0.0,0.16666666666666666,,,,,,,,,,,,,Phillip Fulmer,29.333333333333332,19.5,9.833333333333334,12.0,6.0,4.0,0.6666666666666666
2007,Tennessee,SEC,20.2,38.4,19.3,1.1,0.814,9.2,10.0,4.0,14.0,6.0,3.0,,,284.42,4.0,10.0,7.0,2.0,0.7,,,,,,,,,,,,,Phillip Fulmer,33.38461538461539,28.076923076923077,5.3076923076923075,13.0,4.0,3.0,0.75
2008,Tennessee,SEC,12.0,19.3,6.8,-0.5,0.9,7.3,5.0,7.0,12.0,3.0,5.0,,,203.39,33.0,10.0,3.0,0.0,0.3,,,,,,,,,,,,,Phillip Fulmer,17.333333333333332,16.75,0.5833333333333334,12.0,4.0,1.0,0.25
2009,Tennessee,SEC,16.2,32.9,15.5,-1.3,0.793,8.2,7.0,6.0,13.0,4.0,4.0,,,264.62,8.0,8.0,8.0,1.0,1.0,,,,,,,,,,,,,Lane Kiffin,30.583333333333332,21.0,9.583333333333334,12.0,4.0,1.0,0.25
2010,Tennessee,SEC,7.7,30.5,23.6,0.8,0.807,5.8,6.0,7.0,13.0,3.0,5.0,6.800498158637501,,271.56,7.0,20.0,11.0,2.0,0.55,,,,,,,,,,,,,Derek Dooley,27.0,24.666666666666668,2.3333333333333335,12.0,2.0,1.0,0.5
2011,Tennessee,SEC,6.9,27.0,18.8,-1.3,0.795,5.7,5.0,7.0,12.0,1.0,7.0,5.674243787531071,,253.78,14.0,11.0,7.0,0.0,0.6363636363636364,,,,,,,,,,,,,Derek Dooley,20.333333333333332,22.583333333333332,-2.25,12.0,2.0,1.0,0.5
2012,Tennessee,SEC,15.1,42.6,28.3,0.7,0.824,6.8,5.0,7.0,12.0,1.0,7.0,7.396225793729721,,242.81,19.0,18.0,7.0,0.0,0.3888888888888889,,,,,,,,,,,,,Jim Chaney,36.166666666666664,35.666666666666664,0.5,12.0,4.0,1.0,0.25
2013,Tennessee,SEC,5.1,29.2,26.1,1.9,0.8,4.5,5.0,7.0,12.0,2.0,6.0,5.050007176244168,,214.06,25.0,16.0,4.0,0.0,0.25,,,,,,,,,,,,,Butch Jones,23.833333333333332,29.0,-5.166666666666667,12.0,4.0,2.0,0.5
2014,Tennessee,SEC,12.2,31.0,19.9,1.1,0.796,6.6,7.0,6.0,13.0,3.0,5.0,7.803859547456226,,274.77,7.0,23.0,14.0,0.0,0.6086956521739131,0.799,1.168,1.183,0.702,0.649,0.994,,,,,,,Butch Jones,27.583333333333332,23.916666666666668,3.6666666666666665,12.0,4.0,2.0,0.5
2015,Tennessee,SEC,19.5,35.7,17.8,1.6,0.844,9.4,9.0,4.0,13.0,5.0,3.0,9.885372369736375,810.53,286.26,4.0,24.0,14.0,2.0,0.5833333333333334,0.91,0.899,1.082,0.864,0.602,0.393,,,,,,,Butch Jones,34.333333333333336,21.166666666666668,13.166666666666666,12.0,6.0,2.0,0.3333333333333333
2016,Tennessee,SEC,16.3,39.9,25.2,1.6,0.867,8.4,9.0,4.0,13.0,4.0,4.0,8.038813417859945,813.92,253.94,14.0,19.0,8.0,0.0,0.42105263157894735,0.879,1.018,1.018,0.723,0.909,0.997,,,,,,,Butch Jones,36.25,29.25,7.0,12.0,4.0,2.0,0.5
2017,Tennessee,SEC,1.2,25.8,25.7,1.1,0.827,3.6,4.0,8.0,12.0,0.0,8.0,3.3849163359388093,817.34,237.21,17.0,30.0,6.0,1.0,0.2,0.223,0.035,0.118,0.375,0.247,0.048,,,,,,,Brady Hoke,19.833333333333332,29.083333333333332,-9.25,12.0,5.0,2.0,0.4
2018,Tennessee,SEC,5.5,33.4,28.9,1.0,0.759,4.3,5.0,7.0,12.0,2.0,6.0,4.4037123430805,826.98,231.34,21.0,17.0,5.0,0.0,0.29411764705882354,0.66,0.351,1.0,0.649,0.537,0.602,,,,,,,Jeremy Pruitt,22.75,27.916666666666668,-5.166666666666667,12.0,2.0,1.0,0.5
2019,Tennessee,SEC,10.8,27.8,17.4,0.3,,,8.0,5.0,13.0,5.0,3.0,7.553255907101436,830.34,269.07,13.0,23.0,11.0,2.0,0.4782608695652174,0.865,0.78,0.885,0.923,0.871,0.837,,,,,,,Jeremy Pruitt,24.25,21.666666666666668,2.5833333333333335,12.0,3.0,2.0,0.6666666666666666
2020,Tennessee,SEC,0.9,24.3,23.6,,,,3.0,7.0,10.0,3.0,7.0,3.31637546249442,844.16,261.5,10.0,26.0,14.0,0.0,0.5384615384615384,0.543,0.944,1.326,0.266,0.709,0.992,,,,,,,Jeremy Pruitt,21.5,30.1,-8.6,10.0,1.0,1.0,1.0
2021,Tennessee,SEC,17.5,39.4,23.8,,,,7.0,6.0,13.0,4.0,4.0,8.05785308763853,780.83,240.4,16.0,14.0,5.0,0.0,0.35714285714285715,0.31,0.305,0.036,0.419,0.273,0.283,10.0,37.0,-27.0,7.359999999999999,23.889999999999993,-16.529999999999994,Josh Heupel,38.833333333333336,27.5,11.333333333333334,12.0,3.0,1.0,0.3333333333333333
2022,Tennessee,SEC,25.2,47.3,22.6,0.4,,,11.0,2.0,13.0,6.0,2.0,9.749081155455064,764.8,232.77,18.0,23.0,7.0,0.0,0.30434782608695654,0.763,1.018,0.757,0.605,0.806,0.981,8.0,22.0,-14.0,6.1499999999999995,13.97,-7.820000000000001,Josh Heupel,47.333333333333336,23.5,23.833333333333332,12.0,3.0,3.0,1.0
2023,Tennessee,SEC,16.2,34.9,19.2,0.6,,,9.0,4.0,13.0,4.0,4.0,8.817403246997422,821.07,277.0,10.0,26.0,14.0,1.0,0.5384615384615384,0.422,0.271,0.578,0.456,0.508,0.203,8.0,22.0,-14.0,7.050000000000001,14.78,-7.729999999999999,Josh Heupel,31.5,22.0,9.5,12.0,2.0,2.0,1.0
2024,Tennessee,SEC,22.0,33.7,13.5,1.7,,,10.0,3.0,13.0,6.0,2.0,9.764479085666787,858.67,267.26,14.0,23.0,13.0,2.0,0.5652173913043478,0.331,0.071,0.336,0.516,0.357,0.153,9.0,16.0,-7.0,7.77,11.37,-3.5999999999999996,Josh Heupel,37.25,13.916666666666666,23.333333333333332,12.0,3.0,2.0,0.6666666666666666
2025,Tennessee,SEC,15.0,39.3,25.4,1.1,,,8.0,5.0,13.0,4.0,4.0,9.208808988332748,866.57,277.93,11.0,25.0,17.0,1.0,0.68,0.221,0.025,0.237,0.312,0.225,0.028,7.0,24.0,-17.0,6.0600000000000005,19.34,-13.28,Josh Heupel,40.75,28.75,12.0,12.0,4.0,2.0,0.5
2026,Tennessee,SEC,17.3,39.3,22.4,0.4,,,0.0,0.0,0.0,0.0,0.0,0.0,885.9,290.71,8.0,32.0,16.0,2.0,0.5,0.353,0.066,0.48,0.515,0.367,0.022,21.0,29.0,-8.0,16.519999999999996,21.269999999999996,-4.75,Josh Heupel,,,,,,,
2004,Texas,SEC,24.7,43.1,20.3,,,,11.0,1.0,12.0,7.0,1.0,,,256.03,9.0,8.0,7.0,2.0,0.875,,,,,,,,,,,,,Mack Brown,35.0,16.181818181818183,18.818181818181817,11.0,2.0,2.0,1.0
2005,Texas,SEC,35.3,47.6,12.2,,0.825,11.9,13.0,0.0,13.0,9.0,0.0,,,218.62,13.0,6.0,5.0,1.0,0.8333333333333334,,,,,,,,,,,,,Mack Brown,50.916666666666664,14.583333333333334,36.333333333333336,12.0,1.0,1.0,1.0
2006,Texas,SEC,21.9,37.4,16.4,1.0,0.845,8.2,10.0,3.0,13.0,6.0,2.0,,,281.78,6.0,19.0,15.0,2.0,0.7894736842105263,,,,,,,,,,,,,Mack Brown,36.75,17.833333333333332,18.916666666666668,12.0,4.0,2.0,0.5
2007,Texas,SEC,25.8,43.4,18.9,1.4,0.857,9.2,10.0,3.0,13.0,5.0,3.0,,,293.1,3.0,16.0,14.0,3.0,0.875,,,,,,,,,,,,,Mack Brown,36.0,24.583333333333332,11.416666666666666,12.0,4.0,3.0,0.75
2008,Texas,SEC,36.0,50.3,15.8,1.5,0.855,10.9,12.0,1.0,13.0,7.0,1.0,,,271.6,8.0,17.0,15.0,0.0,0.8823529411764706,,,,,,,,,,,,,Mack Brown,43.916666666666664,18.583333333333332,25.333333333333332,12.0,2.0,1.0,0.5
2009,Texas,SEC,30.0,37.6,9.2,1.6,0.84,11.1,13.0,1.0,14.0,9.0,0.0,,,277.12,6.0,14.0,13.0,2.0,0.9285714285714286,,,,,,,,,,,,,Mack Brown,40.69230769230769,15.153846153846153,25.53846153846154,13.0,2.0,2.0,1.0
2010,Texas,SEC,10.6,24.8,15.3,1.1,0.856,6.3,5.0,7.0,12.0,2.0,6.0,7.772425748601115,,312.07,2.0,22.0,22.0,5.0,1.0,,,,,,,,,,,,,Mack Brown,23.75,23.666666666666668,0.08333333333333333,12.0,3.0,1.0,0.3333333333333333
2011,Texas,SEC,18.6,31.1,13.0,0.5,0.835,7.4,8.0,5.0,13.0,4.0,5.0,7.749845631902031,,284.05,4.0,20.0,14.0,2.0,0.7,,,,,,,,,,,,,Mack Brown,28.666666666666668,23.25,5.416666666666667,12.0,3.0,2.0,0.6666666666666666
2012,Texas,SEC,18.6,42.2,23.4,-0.2,0.831,8.2,9.0,4.0,13.0,5.0,4.0,7.403033108438534,,300.12,2.0,25.0,21.0,2.0,0.84,,,,,,,,,,,,,Mack Brown,36.083333333333336,29.416666666666668,6.666666666666667,12.0,5.0,3.0,0.6
2013,Texas,SEC,10.5,29.4,20.1,1.2,0.84,5.8,8.0,5.0,13.0,7.0,2.0,6.158956398836645,,234.52,17.0,13.0,9.0,1.0,0.6923076923076923,,,,,,,,,,,,,Mack Brown,31.166666666666668,25.5,5.666666666666667,12.0,2.0,2.0,1.0
2014,Texas,SEC,9.0,26.0,17.2,0.3,0.845,6.5,6.0,7.0,13.0,5.0,4.0,7.1785993559100465,,239.85,17.0,18.0,8.0,0.0,0.4444444444444444,0.538,-0.166,0.413,0.602,0.565,0.235,,,,,,,Charlie Strong,22.583333333333332,23.25,-0.6666666666666666,12.0,3.0,1.0,0.3333333333333333
2015,Texas,SEC,3.7,30.7,27.0,0.0,0.831,4.7,5.0,7.0,12.0,4.0,5.0,4.9800956339119855,821.26,272.49,10.0,17.0,15.0,1.0,0.8823529411764706,0.496,0.851,1.306,0.215,0.63,0.916,,,,,,,Charlie Strong,26.416666666666668,30.333333333333332,-3.9166666666666665,12.0,5.0,2.0,0.4
2016,Texas,SEC,10.6,37.4,26.8,0.0,0.863,7.2,5.0,7.0,12.0,3.0,6.0,5.669658933865314,838.97,280.66,7.0,29.0,17.0,0.0,0.5862068965517241,0.858,1.0,0.988,0.645,0.773,1.0,,,,,,,Charlie Strong,31.916666666666668,31.5,0.4166666666666667,12.0,7.0,2.0,0.2857142857142857
2017,Texas,SEC,10.6,26.7,16.3,0.2,0.853,6.5,7.0,6.0,13.0,5.0,4.0,7.519211891310348,811.03,217.76,25.0,15.0,6.0,0.0,0.4,0.642,0.963,0.257,0.767,0.639,0.974,,,,,,,Tom Herman,29.166666666666668,21.666666666666668,7.5,12.0,5.0,1.0,0.2
2018,Texas,SEC,11.3,35.3,24.4,0.4,0.865,8.3,10.0,4.0,14.0,7.0,3.0,9.29286847898114,861.2,300.06,3.0,28.0,19.0,2.0,0.6785714285714286,0.654,0.954,0.739,0.539,0.824,0.996,,,,,,,Tom Herman,31.307692307692307,26.23076923076923,5.076923076923077,13.0,9.0,6.0,0.6666666666666666
2019,Texas,SEC,12.0,38.7,28.5,1.8,,,8.0,5.0,13.0,5.0,4.0,7.6743474177905,877.91,287.69,3.0,27.0,16.0,2.0,0.5925925925925926,0.708,0.908,0.884,0.524,0.684,0.894,,,,,,,Tom Herman,35.0,28.916666666666668,6.083333333333333,12.0,6.0,3.0,0.5
2020,Texas,SEC,9.7,34.8,25.2,,,,7.0,3.0,10.0,5.0,3.0,6.287828067338884,892.91,270.93,9.0,20.0,16.0,1.0,0.8,0.702,0.972,0.964,0.396,0.841,0.992,,,,,,,Tom Herman,41.333333333333336,29.11111111111111,12.222222222222221,9.0,5.0,3.0,0.6
2021,Texas,SEC,8.5,34.6,28.4,,,,5.0,7.0,12.0,3.0,6.0,5.554665460953759,874.19,237.09,17.0,23.0,12.0,1.0,0.5217391304347826,0.441,0.136,0.668,0.548,0.395,0.069,8.0,16.0,-8.0,5.930000000000001,12.17,-6.239999999999999,Steve Sarkisian,35.25,31.083333333333332,4.166666666666667,12.0,5.0,2.0,0.4
2022,Texas,SEC,23.1,38.1,15.6,0.7,,,8.0,5.0,13.0,6.0,3.0,9.791174312752483,887.45,289.04,5.0,30.0,22.0,2.0,0.7333333333333333,0.565,0.262,0.796,0.644,0.601,0.258,7.0,23.0,-16.0,6.369999999999999,17.46,-11.090000000000002,Steve Sarkisian,35.666666666666664,21.166666666666668,14.5,12.0,6.0,2.0,0.3333333333333333
2023,Texas,SEC,23.2,39.3,17.7,1.6,,,12.0,2.0,14.0,9.0,1.0,11.296934751329628,913.24,306.31,3.0,26.0,18.0,4.0,0.6923076923076923,0.61,0.71,0.096,0.858,0.561,0.722,5.0,20.0,-15.0,4.51,16.89,-12.38,Steve Sarkisian,36.15384615384615,17.53846153846154,18.615384615384617,13.0,4.0,3.0,0.75
2024,Texas,SEC,24.1,36.6,10.8,-1.7,,,13.0,3.0,16.0,7.0,2.0,12.344395372482223,953.95,286.92,6.0,23.0,19.0,4.0,0.8260869565217391,0.466,0.814,0.503,0.226,0.561,0.882,10.0,25.0,-15.0,9.09,21.16,-12.07,Steve Sarkisian,33.61538461538461,12.461538461538462,21.153846153846153,13.0,2.0,1.0,0.5
2025,Texas,SEC,16.2,32.9,17.9,1.2,,,10.0,3.0,13.0,6.0,2.0,8.841586843132973,973.54,312.27,1.0,25.0,19.0,5.0,0.76,0.283,0.266,0.614,0.207,0.395,0.172,11.0,13.0,-2.0,8.8,9.769999999999998,-0.9699999999999971,Steve Sarkisian,29.583333333333332,19.75,9.833333333333334,12.0,4.0,3.0,0.75
2026,Texas,SEC,22.8,37.3,14.9,0.4,,,0.0,0.0,0.0,0.0,0.0,0.0,985.17,291.18,7.0,26.0,17.0,4.0,0.6538461538461539,0.721,0.854,1.264,0.55,0.58,0.979,22.0,28.0,-6.0,17.669999999999998,22.21,-4.540000000000003,Steve Sarkisian,,,,,,,
2004,Texas A&M,SEC,18.6,40.0,24.0,,,,7.0,5.0,12.0,5.0,3.0,,,241.23,10.0,10.0,4.0,0.0,0.4,,,,,,,,,,,,,Dennis Franchione,30.363636363636363,23.09090909090909,7.2727272727272725,11.0,4.0,2.0,0.5
2005,Texas A&M,SEC,7.3,36.9,29.6,,0.839,4.9,5.0,6.0,11.0,3.0,5.0,,,235.38,11.0,6.0,3.0,1.0,0.5,,,,,,,,,,,,,Dennis Franchione,32.0,31.181818181818183,0.8181818181818182,11.0,4.0,2.0,0.5
2006,Texas A&M,SEC,10.1,33.6,23.6,0.1,0.844,7.7,9.0,4.0,13.0,5.0,3.0,,,215.25,17.0,8.0,3.0,1.0,0.375,,,,,,,,,,,,,Dennis Franchione,29.333333333333332,18.5,10.833333333333334,12.0,8.0,5.0,0.625
2007,Texas A&M,SEC,7.6,35.4,28.1,0.3,0.792,6.0,7.0,6.0,13.0,4.0,4.0,,,171.74,41.0,6.0,3.0,0.0,0.5,,,,,,,,,,,,,Dennis Franchione,28.833333333333332,26.083333333333332,2.75,12.0,2.0,2.0,1.0
2008,Texas A&M,SEC,-5.6,27.4,33.1,0.2,0.85,2.4,4.0,8.0,12.0,2.0,6.0,,,228.03,16.0,11.0,6.0,0.0,0.5454545454545454,,,,,,,,,,,,,Mike Sherman,25.0,37.416666666666664,-12.416666666666666,12.0,4.0,3.0,0.75
2009,Texas A&M,SEC,7.6,35.4,26.9,-0.9,0.832,6.8,6.0,7.0,13.0,3.0,5.0,,,219.98,27.0,17.0,4.0,1.0,0.23529411764705882,,,,,,,,,,,,,Mike Sherman,33.916666666666664,32.666666666666664,1.25,12.0,2.0,0.0,0.0
2010,Texas A&M,SEC,13.8,32.0,17.9,-0.2,0.804,8.5,9.0,4.0,13.0,6.0,2.0,9.007512607156922,,240.98,16.0,20.0,9.0,0.0,0.45,,,,,,,,,,,,,Mike Sherman,31.833333333333332,20.333333333333332,11.5,12.0,5.0,3.0,0.6
2011,Texas A&M,SEC,22.7,41.8,20.5,1.4,0.834,9.6,7.0,6.0,13.0,4.0,5.0,7.903216344047714,,193.44,34.0,15.0,4.0,0.0,0.26666666666666666,,,,,,,,,,,,,Tim DeRuyter,39.583333333333336,28.666666666666668,10.916666666666666,12.0,6.0,1.0,0.16666666666666666
2012,Texas A&M,SEC,28.8,44.7,16.0,0.0,0.81,10.7,11.0,2.0,13.0,6.0,2.0,9.059749682178653,,248.67,16.0,16.0,10.0,2.0,0.625,,,,,,,,,,,,,Kevin Sumlin,44.75,22.5,22.25,12.0,5.0,3.0,0.6
2013,Texas A&M,SEC,20.4,50.5,31.3,1.2,0.843,9.1,9.0,4.0,13.0,4.0,4.0,9.022783507143084,,267.75,9.0,28.0,14.0,1.0,0.5,,,,,,,,,,,,,Kevin Sumlin,43.583333333333336,30.916666666666668,12.666666666666666,12.0,4.0,1.0,0.25
2014,Texas A&M,SEC,20.2,43.6,26.3,2.8,0.794,6.9,8.0,5.0,13.0,3.0,5.0,6.256052171821881,,278.08,5.0,16.0,13.0,3.0,0.8125,0.227,0.04,0.244,0.317,0.28,0.046,,,,,,,Kevin Sumlin,34.416666666666664,27.333333333333332,7.083333333333333,12.0,5.0,3.0,0.6
2015,Texas A&M,SEC,14.1,31.9,18.8,1.0,0.809,7.7,8.0,5.0,13.0,4.0,4.0,7.769375325680801,830.34,270.61,11.0,20.0,13.0,3.0,0.65,0.57,0.237,0.547,0.797,0.594,0.379,,,,,,,Kevin Sumlin,28.333333333333332,21.583333333333332,6.75,12.0,2.0,2.0,1.0
2016,Texas A&M,SEC,12.0,37.2,26.1,1.0,0.841,7.7,8.0,5.0,13.0,4.0,4.0,8.374404117937019,814.63,238.94,18.0,23.0,8.0,0.0,0.34782608695652173,0.537,0.266,0.14,0.824,0.396,0.175,,,,,,,Kevin Sumlin,35.416666666666664,23.833333333333332,11.583333333333334,12.0,4.0,2.0,0.5
2017,Texas A&M,SEC,9.4,33.1,25.2,1.5,0.822,5.5,7.0,6.0,13.0,4.0,4.0,6.454190001560159,807.27,248.58,13.0,25.0,10.0,0.0,0.4,0.338,0.288,0.521,0.248,0.466,0.235,,,,,,,Jeff Banks,31.083333333333332,28.666666666666668,2.4166666666666665,12.0,5.0,4.0,0.8
2018,Texas A&M,SEC,21.6,40.3,19.8,1.1,0.761,9.0,9.0,4.0,13.0,5.0,3.0,9.190058663144455,805.66,251.2,17.0,22.0,13.0,0.0,0.5909090909090909,0.613,0.911,0.668,0.431,0.69,0.958,,,,,,,Jimbo Fisher,34.666666666666664,26.333333333333332,8.333333333333334,12.0,6.0,4.0,0.6666666666666666
2019,Texas A&M,SEC,15.0,34.0,19.4,0.5,,,8.0,5.0,13.0,4.0,4.0,8.03631247338334,848.89,285.46,4.0,26.0,15.0,2.0,0.5769230769230769,0.648,0.864,0.402,0.652,0.667,0.947,,,,,,,Jimbo Fisher,30.0,22.666666666666668,7.333333333333333,12.0,3.0,2.0,0.6666666666666666
2020,Texas A&M,SEC,16.2,37.7,21.5,,,,9.0,1.0,10.0,8.0,1.0,8.412972812785078,875.1,289.49,6.0,25.0,15.0,2.0,0.6,0.803,0.97,0.786,0.732,0.801,0.998,,,,,,,Jimbo Fisher,31.666666666666668,21.11111111111111,10.555555555555555,9.0,2.0,2.0,1.0
2021,Texas A&M,SEC,21.1,33.6,14.9,,,,8.0,4.0,12.0,4.0,4.0,9.036380680664905,888.35,285.35,7.0,22.0,16.0,1.0,0.7272727272727273,0.629,0.05,0.875,0.923,0.599,0.018,1.0,19.0,-18.0,0.86,10.13,-9.270000000000001,Jimbo Fisher,29.333333333333332,15.916666666666666,13.416666666666666,12.0,4.0,2.0,0.5
2022,Texas A&M,SEC,9.1,25.4,16.6,0.3,,,5.0,7.0,12.0,2.0,6.0,4.6657725755918635,947.3,333.13,1.0,30.0,27.0,8.0,0.9,0.481,0.308,0.567,0.517,0.338,0.112,2.0,13.0,-11.0,1.52,8.68,-7.16,Jimbo Fisher,22.75,21.166666666666668,1.5833333333333333,12.0,6.0,1.0,0.16666666666666666
2023,Texas A&M,SEC,15.6,34.5,18.8,-0.1,,,7.0,6.0,13.0,4.0,4.0,8.414501282881327,925.92,268.85,15.0,20.0,13.0,2.0,0.65,0.648,0.559,0.239,0.794,0.516,0.536,13.0,32.0,-19.0,10.83,24.810000000000002,-13.980000000000002,Jimbo Fisher,34.166666666666664,21.333333333333332,12.833333333333334,12.0,3.0,0.0,0.0
2024,Texas A&M,SEC,17.0,34.0,18.6,1.6,,,8.0,5.0,13.0,5.0,3.0,8.231245363251418,914.52,245.18,19.0,17.0,16.0,1.0,0.9411764705882353,0.573,0.564,0.988,0.488,0.631,0.558,26.0,32.0,-6.0,21.41,24.89,-3.4800000000000004,Mike Elko,30.333333333333332,21.166666666666668,9.166666666666666,12.0,3.0,2.0,0.6666666666666666
2025,Texas A&M,SEC,20.7,38.0,16.4,-1.0,,,11.0,2.0,13.0,7.0,1.0,10.537021737545729,917.29,282.42,9.0,25.0,21.0,1.0,0.84,0.532,0.679,0.906,0.267,0.695,0.676,13.0,30.0,-17.0,11.479999999999999,21.270000000000003,-9.790000000000004,Mike Elko,36.333333333333336,21.916666666666668,14.416666666666666,12.0,4.0,4.0,1.0
2026,Texas A&M,SEC,20.9,37.6,16.4,-0.3,,,0.0,0.0,0.0,0.0,0.0,0.0,933.0,283.13,10.0,27.0,22.0,1.0,0.8148148148148148,0.728,0.972,0.681,0.605,0.702,0.942,19.0,21.0,-2.0,15.549999999999999,11.96,3.589999999999998,Mike Elko,,,,,,,
2012,Texas State,Pac-12,-12.9,26.5,41.8,2.4,0.953,4.6,4.0,8.0,12.0,2.0,4.0,4.216782196654109,,94.09,112.0,10.0,0.0,0.0,0.0,,,,,,,,,,,,,Dennis Franchione,28.583333333333332,33.5,-4.916666666666667,12.0,3.0,1.0,0.3333333333333333
2013,Texas State,Pac-12,-13.7,17.1,31.4,0.6,0.983,5.6,6.0,6.0,12.0,2.0,5.0,4.498015709378415,,120.48,94.0,10.0,0.0,0.0,0.0,,,,,,,,,,,,,Dennis Franchione,23.916666666666668,27.333333333333332,-3.4166666666666665,12.0,4.0,3.0,0.75
2014,Texas State,Pac-12,-7.4,27.9,35.3,-0.1,0.978,6.2,7.0,5.0,12.0,5.0,3.0,5.8661832498935285,,109.9,97.0,17.0,0.0,0.0,0.0,0.649,0.641,0.725,0.647,0.681,0.541,,,,,,,Dennis Franchione,33.833333333333336,27.666666666666668,6.166666666666667,12.0,6.0,3.0,0.5
2015,Texas State,Pac-12,-15.5,26.3,40.5,-1.4,0.935,3.4,3.0,9.0,12.0,2.0,6.0,3.6184673728054073,360.49,124.71,95.0,16.0,0.0,0.0,0.0,0.8,0.962,0.779,0.717,0.802,0.998,,,,,,,Dennis Franchione,26.916666666666668,39.166666666666664,-12.25,12.0,2.0,0.0,0.0
2016,Texas State,Pac-12,-25.5,18.4,42.5,-1.4,0.954,2.1,2.0,10.0,12.0,0.0,8.0,1.236628020568112,351.76,111.71,110.0,20.0,0.0,0.0,0.0,0.338,1.051,0.536,0.027,0.527,0.998,,,,,,,Everett Withers,18.583333333333332,41.083333333333336,-22.5,12.0,2.0,1.0,0.5
2017,Texas State,Pac-12,-23.5,14.7,36.9,-1.3,0.97,2.3,2.0,10.0,12.0,1.0,7.0,2.3042427662777154,274.67,127.89,92.0,24.0,0.0,0.0,0.0,0.696,0.124,0.0,0.812,0.238,0.004,,,,,,,Everett Withers,17.25,33.583333333333336,-16.333333333333332,12.0,2.0,0.0,0.0
2018,Texas State,Pac-12,-16.4,14.9,29.0,-2.2,0.972,6.1,3.0,9.0,12.0,1.0,7.0,4.998811937669126,302.55,124.24,107.0,29.0,0.0,0.0,0.0,0.359,0.367,0.288,0.365,0.486,0.146,,,,,,,Everett Withers,19.75,27.583333333333332,-7.833333333333333,12.0,5.0,1.0,0.2
2019,Texas State,Pac-12,-16.2,17.6,33.0,-0.9,,,3.0,9.0,12.0,2.0,6.0,2.8337049109766035,348.47,111.1,133.0,16.0,0.0,0.0,0.0,0.409,0.302,-13.437,0.583,0.643,0.613,,,,,,,Jake Spavital,18.416666666666668,32.583333333333336,-14.166666666666666,12.0,3.0,2.0,0.6666666666666666
2020,Texas State,Pac-12,-13.4,23.5,36.9,,,,2.0,10.0,12.0,2.0,6.0,2.146206943320086,382.6,145.19,99.0,8.0,0.0,0.0,0.0,0.737,0.744,-1.179,0.679,0.581,0.555,,,,,,,Jake Spavital,27.666666666666668,38.166666666666664,-10.5,12.0,5.0,1.0,0.2
2021,Texas State,Pac-12,-16.0,20.7,36.9,,,,4.0,8.0,12.0,3.0,5.0,2.405215407314326,428.48,9.46,183.0,3.0,0.0,0.0,0.0,0.882,1.002,1.005,0.806,0.905,0.998,19.0,15.0,4.0,10.020000000000001,7.399999999999999,2.6200000000000028,Jake Spavital,23.083333333333332,33.0,-9.916666666666666,12.0,4.0,3.0,0.75
2022,Texas State,Pac-12,-11.5,17.4,29.5,0.7,,,4.0,8.0,12.0,2.0,6.0,4.443363952073579,464.66,51.34,133.0,2.0,0.0,0.0,0.0,0.543,0.066,0.665,0.738,0.422,0.005,15.0,8.0,7.0,7.869999999999999,5.02,2.8499999999999996,Jake Spavital,21.083333333333332,26.333333333333332,-5.25,12.0,4.0,1.0,0.25
2023,Texas State,Pac-12,-1.6,31.2,33.8,0.9,,,8.0,5.0,13.0,4.0,4.0,8.479230792898626,484.79,139.15,98.0,8.0,0.0,0.0,0.0,0.469,0.028,1.068,0.604,0.447,0.004,37.0,24.0,13.0,19.87,14.28,5.590000000000002,G.J. Kinne,36.0,33.833333333333336,2.1666666666666665,12.0,3.0,1.0,0.3333333333333333
2024,Texas State,Pac-12,5.4,34.2,28.4,-0.4,,,8.0,5.0,13.0,5.0,3.0,8.589085210810687,540.17,152.53,96.0,15.0,0.0,0.0,0.0,0.391,0.008,0.372,0.682,0.362,0.002,30.0,22.0,8.0,22.209999999999994,12.639999999999999,9.569999999999995,G.J. Kinne,37.083333333333336,24.25,12.833333333333334,12.0,5.0,2.0,0.4
2025,Texas State,Pac-12,2.3,36.6,34.6,0.4,,,7.0,6.0,13.0,3.0,5.0,8.781269459985197,612.16,144.43,101.0,18.0,0.0,0.0,0.0,0.22,0.021,0.409,0.268,0.234,0.033,34.0,34.0,0.0,24.240000000000002,21.229999999999993,3.0100000000000087,G.J. Kinne,36.083333333333336,30.583333333333332,5.5,12.0,5.0,1.0,0.2
2026,Texas State,Pac-12,-2.1,33.2,35.4,0.1,,,0.0,0.0,0.0,0.0,0.0,0.0,624.81,188.31,74.0,16.0,0.0,0.0,0.0,0.76,0.998,0.48,0.791,0.667,0.99,18.0,21.0,-3.0,13.329999999999998,13.759999999999998,-0.4299999999999997,G.J. Kinne,,,,,,,
2004,Texas Tech,Big 12,19.5,45.2,30.0,,,,8.0,4.0,12.0,5.0,3.0,,,157.29,39.0,10.0,1.0,0.0,0.1,,,,,,,,,,,,,Mike Leach,35.36363636363637,25.727272727272727,9.636363636363637,11.0,3.0,1.0,0.3333333333333333
2005,Texas Tech,Big 12,25.4,40.8,15.4,,0.873,9.4,9.0,3.0,12.0,6.0,2.0,,,172.32,38.0,8.0,0.0,0.0,0.0,,,,,,,,,,,,,Mike Leach,42.09090909090909,19.363636363636363,22.727272727272727,11.0,3.0,2.0,0.6666666666666666
2006,Texas Tech,Big 12,17.9,37.2,19.9,0.5,0.864,8.6,8.0,5.0,13.0,4.0,4.0,,,192.05,28.0,13.0,2.0,0.0,0.15384615384615385,,,,,,,,,,,,,Mike Leach,31.5,23.75,7.75,12.0,4.0,3.0,0.75
2007,Texas Tech,Big 12,24.9,47.0,21.7,-0.4,0.868,10.5,9.0,4.0,13.0,4.0,4.0,,,170.43,42.0,14.0,0.0,0.0,0.0,,,,,,,,,,,,,Mike Leach,41.75,25.75,16.0,12.0,3.0,1.0,0.3333333333333333
2008,Texas Tech,Big 12,23.0,49.8,25.5,-1.2,0.851,9.8,11.0,2.0,13.0,7.0,1.0,,,131.78,75.0,7.0,1.0,0.0,0.14285714285714285,,,,,,,,,,,,,Mike Leach,44.583333333333336,26.25,18.333333333333332,12.0,3.0,3.0,1.0
2009,Texas Tech,Big 12,24.6,38.5,14.4,0.5,0.857,10.6,9.0,4.0,13.0,5.0,3.0,,,206.43,39.0,14.0,3.0,0.0,0.21428571428571427,,,,,,,,,,,,,Mike Leach,36.666666666666664,21.75,14.916666666666666,12.0,3.0,1.0,0.3333333333333333
2010,Texas Tech,Big 12,7.4,34.2,26.9,0.1,0.869,7.4,8.0,5.0,13.0,3.0,5.0,6.756680537689875,,207.32,37.0,19.0,3.0,0.0,0.15789473684210525,,,,,,,,,,,,,Tommy Tuberville,32.083333333333336,30.333333333333332,1.75,12.0,3.0,3.0,1.0
2011,Texas Tech,Big 12,4.8,38.6,34.5,0.7,0.828,4.4,5.0,7.0,12.0,2.0,7.0,5.558943440968834,,230.54,19.0,18.0,8.0,0.0,0.4444444444444444,,,,,,,,,,,,,Tommy Tuberville,33.833333333333336,39.25,-5.416666666666667,12.0,5.0,2.0,0.4
2012,Texas Tech,Big 12,17.0,44.1,26.5,-0.6,0.856,8.2,8.0,5.0,13.0,4.0,5.0,8.487486250177213,,220.7,28.0,14.0,4.0,0.0,0.2857142857142857,,,,,,,,,,,,,Tommy Tuberville,37.75,31.833333333333332,5.916666666666667,12.0,3.0,2.0,0.6666666666666666
2013,Texas Tech,Big 12,14.0,37.9,24.1,0.2,0.879,8.0,8.0,5.0,13.0,4.0,5.0,8.332194392061098,,182.16,46.0,13.0,0.0,0.0,0.0,,,,,,,,,,,,,Kliff Kingsbury,35.666666666666664,31.166666666666668,4.5,12.0,1.0,1.0,1.0
2014,Texas Tech,Big 12,4.9,39.9,35.3,0.2,0.858,5.7,4.0,8.0,12.0,2.0,7.0,4.298408322643811,,191.82,40.0,13.0,0.0,0.0,0.0,0.46,0.495,0.848,0.456,0.56,0.514,,,,,,,Kliff Kingsbury,30.5,41.25,-10.75,12.0,5.0,3.0,0.6
2015,Texas Tech,Big 12,4.5,44.8,40.3,0.0,0.838,6.7,7.0,6.0,13.0,4.0,5.0,5.851912928882799,641.07,203.18,32.0,11.0,5.0,0.0,0.45454545454545453,0.821,0.879,0.845,0.774,0.877,0.94,,,,,,,Kliff Kingsbury,46.583333333333336,42.583333333333336,4.0,12.0,3.0,1.0,0.3333333333333333
2016,Texas Tech,Big 12,3.7,40.6,36.9,0.0,0.872,5.3,5.0,7.0,12.0,3.0,6.0,5.376478372210697,604.93,184.64,44.0,23.0,1.0,0.0,0.043478260869565216,0.71,0.843,0.559,0.707,0.696,0.928,,,,,,,Kliff Kingsbury,43.666666666666664,43.5,0.16666666666666666,12.0,4.0,1.0,0.25
2017,Texas Tech,Big 12,4.8,34.4,28.3,-1.3,0.857,6.9,6.0,7.0,13.0,3.0,6.0,5.331954211917178,574.93,183.07,49.0,11.0,1.0,0.0,0.09090909090909091,0.339,0.112,0.27,0.519,0.402,0.1,,,,,,,Kliff Kingsbury,34.333333333333336,31.75,2.5833333333333335,12.0,5.0,3.0,0.6
2018,Texas Tech,Big 12,8.7,36.2,29.8,2.4,0.885,6.2,5.0,7.0,12.0,3.0,6.0,4.780894947790227,561.59,169.87,72.0,21.0,1.0,0.0,0.047619047619047616,0.156,0.142,0.19,0.16,0.224,0.091,,,,,,,Kliff Kingsbury,37.333333333333336,31.083333333333332,6.25,12.0,3.0,1.0,0.3333333333333333
2019,Texas Tech,Big 12,2.7,32.5,31.2,1.4,,,4.0,8.0,12.0,2.0,7.0,6.47867774499944,577.21,177.69,61.0,21.0,0.0,0.0,0.0,0.579,0.914,0.538,0.369,0.626,0.899,,,,,,,Matt Wells,30.5,30.333333333333332,0.16666666666666666,12.0,4.0,0.0,0.0
2020,Texas Tech,Big 12,-4.2,28.4,32.3,,,,4.0,6.0,10.0,3.0,6.0,3.6879756353292907,619.6,183.17,49.0,16.0,1.0,0.0,0.0625,0.531,0.214,0.474,0.743,0.487,0.288,,,,,,,Matt Wells,29.1,36.7,-7.6,10.0,6.0,4.0,0.6666666666666666
2021,Texas Tech,Big 12,9.8,34.6,27.1,,,,7.0,6.0,13.0,3.0,6.0,7.005572267030329,607.1,167.13,64.0,13.0,1.0,0.0,0.07692307692307693,0.629,0.459,0.986,0.564,0.679,0.443,11.0,16.0,-5.0,7.780000000000001,8.29,-0.509999999999998,Sonny Cumbie,30.0,32.083333333333336,-2.0833333333333335,12.0,5.0,3.0,0.6
2022,Texas Tech,Big 12,8.5,38.5,30.5,0.5,,,8.0,5.0,13.0,5.0,4.0,6.383732635580702,660.31,197.4,43.0,18.0,1.0,0.0,0.05555555555555555,0.565,0.669,0.69,0.451,0.664,0.605,14.0,8.0,6.0,10.939999999999998,5.23,5.709999999999997,Joey McGuire,33.583333333333336,29.5,4.083333333333333,12.0,4.0,4.0,1.0
2023,Texas Tech,Big 12,6.1,29.6,24.7,1.2,,,7.0,6.0,13.0,5.0,4.0,6.04586070190089,694.26,222.02,28.0,29.0,5.0,0.0,0.1724137931034483,0.764,0.521,0.646,0.897,0.65,0.592,7.0,18.0,-11.0,5.68,11.689999999999998,-6.009999999999998,Joey McGuire,26.833333333333332,27.0,-0.16666666666666666,12.0,5.0,3.0,0.6
2024,Texas Tech,Big 12,4.3,33.5,30.8,1.6,,,8.0,5.0,13.0,6.0,3.0,5.98720107064572,732.07,236.09,25.0,22.0,6.0,1.0,0.2727272727272727,0.565,0.765,0.927,0.31,0.742,0.76,16.0,24.0,-8.0,13.659999999999998,17.419999999999995,-3.7599999999999962,Joey McGuire,38.583333333333336,34.5,4.083333333333333,12.0,5.0,4.0,0.8
2025,Texas Tech,Big 12,27.6,39.3,12.3,0.6,,,12.0,2.0,14.0,8.0,1.0,11.977660877630115,757.49,201.51,48.0,18.0,5.0,0.0,0.2777777777777778,0.589,0.962,0.304,0.498,0.622,0.974,21.0,24.0,-3.0,18.64,16.229999999999997,2.4100000000000037,Joey McGuire,42.46153846153846,10.923076923076923,31.53846153846154,13.0,1.0,0.0,0.0
2026,Texas Tech,Big 12,21.8,36.6,15.0,0.2,,,0.0,0.0,0.0,0.0,0.0,0.0,767.89,250.26,18.0,22.0,9.0,1.0,0.4090909090909091,0.534,0.268,0.988,0.57,0.567,0.233,23.0,21.0,2.0,18.079999999999995,12.489999999999997,5.589999999999998,Joey McGuire,,,,,,,
2004,Toledo,Mid-American,0.3,39.3,38.7,,,,9.0,4.0,13.0,8.0,1.0,,,94.07,75.0,18.0,0.0,0.0,0.0,,,,,,,,,,,,,Tom Amstutz,35.166666666666664,30.416666666666668,4.75,12.0,2.0,1.0,0.5
2005,Toledo,Mid-American,7.6,32.7,25.1,,0.976,9.0,9.0,3.0,12.0,6.0,2.0,,,70.41,101.0,20.0,0.0,0.0,0.0,,,,,,,,,,,,,Tom Amstutz,34.90909090909091,22.545454545454547,12.363636363636363,11.0,2.0,1.0,0.5
2006,Toledo,Mid-American,-9.6,16.2,26.2,0.4,0.96,4.8,5.0,7.0,12.0,3.0,5.0,,,109.58,78.0,22.0,0.0,0.0,0.0,,,,,,,,,,,,,Tom Amstutz,23.416666666666668,27.666666666666668,-4.25,12.0,5.0,2.0,0.4
2007,Toledo,Mid-American,-12.8,28.8,42.9,1.3,0.947,3.8,5.0,7.0,12.0,3.0,5.0,,,117.6,86.0,16.0,0.0,0.0,0.0,,,,,,,,,,,,,Tom Amstutz,32.916666666666664,39.166666666666664,-6.25,12.0,3.0,3.0,1.0
2008,Toledo,Mid-American,-11.4,22.6,33.1,-0.9,0.965,3.3,3.0,9.0,12.0,2.0,6.0,,,128.48,79.0,20.0,0.0,0.0,0.0,,,,,,,,,,,,,Tom Amstutz,22.416666666666668,31.416666666666668,-9.0,12.0,3.0,1.0,0.3333333333333333
2009,Toledo,Mid-American,-7.4,27.8,34.8,-0.3,0.95,5.6,5.0,7.0,12.0,3.0,5.0,,,131.44,86.0,19.0,1.0,0.0,0.05263157894736842,,,,,,,,,,,,,Tim Beckman,29.666666666666668,37.666666666666664,-8.0,12.0,3.0,2.0,0.6666666666666666
2010,Toledo,Mid-American,-5.5,23.9,27.1,-2.3,0.932,7.4,8.0,5.0,13.0,7.0,1.0,6.667276504947733,,149.24,87.0,18.0,0.0,0.0,0.0,,,,,,,,,,,,,Tim Beckman,27.583333333333332,28.083333333333332,-0.5,12.0,3.0,2.0,0.6666666666666666
2011,Toledo,Mid-American,6.2,36.0,30.0,0.2,0.939,9.0,9.0,4.0,13.0,7.0,1.0,7.938868558594128,,132.9,74.0,16.0,0.0,0.0,0.0,,,,,,,,,,,,,Matt Campbell,42.25,30.916666666666668,11.333333333333334,12.0,5.0,2.0,0.4
2012,Toledo,Mid-American,-4.0,30.1,35.5,1.4,0.955,6.3,9.0,4.0,13.0,6.0,2.0,6.329395510440827,,138.36,76.0,25.0,1.0,0.0,0.04,,,,,,,,,,,,,Matt Campbell,32.916666666666664,27.333333333333332,5.583333333333333,12.0,7.0,4.0,0.5714285714285714
2013,Toledo,Mid-American,4.7,35.8,33.4,2.2,0.947,7.2,7.0,5.0,12.0,5.0,3.0,5.076932808931993,,141.96,76.0,19.0,0.0,0.0,0.0,,,,,,,,,,,,,Matt Campbell,33.0,28.583333333333332,4.416666666666667,12.0,4.0,2.0,0.5
2014,Toledo,Mid-American,2.3,38.0,35.2,-0.5,0.957,8.3,9.0,4.0,13.0,7.0,1.0,8.211264258064572,,115.38,92.0,21.0,0.0,0.0,0.0,0.555,1.0,0.517,0.578,0.59,1.0,,,,,,,Matt Campbell,34.416666666666664,29.333333333333332,5.083333333333333,12.0,5.0,3.0,0.6
2015,Toledo,Mid-American,7.7,30.4,21.8,-0.9,0.933,8.7,10.0,2.0,12.0,6.0,2.0,9.556216406041587,429.03,138.12,84.0,20.0,0.0,0.0,0.0,0.871,0.971,0.921,0.765,0.912,0.955,,,,,,,Matt Campbell,35.27272727272727,21.09090909090909,14.181818181818182,11.0,5.0,3.0,0.6
2016,Toledo,Mid-American,12.3,40.6,27.4,-0.9,0.953,10.8,9.0,4.0,13.0,6.0,2.0,10.15430338345918,460.86,132.92,88.0,21.0,0.0,0.0,0.0,0.515,0.063,1.032,0.675,0.579,0.021,,,,,,,Jason Candle,38.833333333333336,25.25,13.583333333333334,12.0,4.0,2.0,0.5
2017,Toledo,Mid-American,6.6,32.2,25.7,0.1,0.963,10.2,11.0,3.0,14.0,8.0,1.0,9.759088183568492,366.47,146.6,78.0,25.0,0.0,0.0,0.0,0.68,0.968,0.19,0.568,0.606,0.995,,,,,,,Jason Candle,39.15384615384615,25.615384615384617,13.538461538461538,13.0,2.0,2.0,1.0
2018,Toledo,Mid-American,2.0,35.2,34.4,1.1,0.953,7.1,7.0,6.0,13.0,5.0,3.0,7.048067742309558,463.96,174.0,67.0,27.0,0.0,0.0,0.0,0.532,0.11,0.512,0.835,0.439,0.029,,,,,,,Jason Candle,41.083333333333336,30.166666666666668,10.916666666666666,12.0,1.0,0.0,0.0
2019,Toledo,Mid-American,-13.7,25.6,38.4,-0.8,,,6.0,6.0,12.0,3.0,5.0,5.762407796702401,451.43,162.01,73.0,22.0,0.0,0.0,0.0,0.564,1.0,0.854,0.173,0.712,1.0,,,,,,,Jason Candle,27.25,32.166666666666664,-4.916666666666667,12.0,6.0,5.0,0.8333333333333334
2020,Toledo,Mid-American,-3.6,29.5,33.0,,,,4.0,2.0,6.0,4.0,2.0,4.02510607305491,391.54,164.2,69.0,21.0,0.0,0.0,0.0,0.609,0.384,0.582,0.747,0.739,0.641,,,,,,,Jason Candle,35.0,24.333333333333332,10.666666666666666,6.0,3.0,1.0,0.3333333333333333
2021,Toledo,Mid-American,6.9,29.0,20.7,,,,7.0,6.0,13.0,5.0,3.0,7.979199286652915,465.4,163.18,67.0,24.0,0.0,0.0,0.0,0.708,0.397,0.898,0.903,0.715,0.414,5.0,3.0,2.0,3.2,1.7999999999999998,1.4000000000000004,Jason Candle,34.166666666666664,21.0,13.166666666666666,12.0,4.0,0.0,0.0
2022,Toledo,Mid-American,-3.7,25.7,27.9,-1.5,,,9.0,5.0,14.0,6.0,3.0,10.061377734019235,498.98,134.89,92.0,14.0,0.0,0.0,0.0,0.533,0.819,0.543,0.352,0.533,0.682,7.0,17.0,-10.0,4.6899999999999995,11.569999999999999,-6.879999999999999,Jason Candle,32.07692307692308,25.53846153846154,6.538461538461538,13.0,6.0,2.0,0.3333333333333333
2023,Toledo,Mid-American,3.7,25.5,21.7,-0.1,,,11.0,3.0,14.0,8.0,1.0,10.717935440988349,497.64,131.66,102.0,17.0,0.0,0.0,0.0,0.789,1.0,0.951,0.605,0.91,1.0,3.0,9.0,-6.0,2.2,5.449999999999999,-3.249999999999999,Jason Candle,33.61538461538461,20.615384615384617,13.0,13.0,6.0,5.0,0.8333333333333334
2024,Toledo,Mid-American,-2.5,24.5,26.3,-0.7,,,8.0,5.0,13.0,4.0,4.0,6.155344581815647,571.92,179.4,66.0,22.0,0.0,0.0,0.0,0.459,0.168,0.106,0.847,0.421,0.164,7.0,11.0,-4.0,5.86,6.87,-1.0099999999999998,Jason Candle,26.666666666666668,21.333333333333332,5.333333333333333,12.0,4.0,2.0,0.5
2025,Toledo,Mid-American,6.0,25.8,18.5,-1.3,,,8.0,5.0,13.0,6.0,2.0,9.171019906178117,620.13,175.56,73.0,21.0,0.0,0.0,0.0,0.685,0.81,-2.175,0.55,0.756,0.982,20.0,17.0,3.0,15.089999999999998,8.450000000000001,6.639999999999997,Jason Candle,31.583333333333332,12.166666666666666,19.416666666666668,12.0,2.0,0.0,0.0
2026,Toledo,Mid-American,-9.1,17.9,26.6,-0.4,,,0.0,0.0,0.0,0.0,0.0,0.0,556.26,162.52,121.0,15.0,0.0,0.0,0.0,0.663,0.985,0.263,0.584,0.564,0.856,33.0,38.0,-5.0,23.729999999999997,27.830000000000005,-4.1000000000000085,Mike Jacobs,,,,,,,
2004,Troy,Sun Belt,4.6,26.3,22.7,,,,7.0,5.0,12.0,4.0,2.0,,,91.49,77.0,22.0,0.0,0.0,0.0,,,,,,,,,,,,,Larry Blakeney,24.09090909090909,15.090909090909092,9.0,11.0,5.0,2.0,0.4
2005,Troy,Sun Belt,-17.2,8.7,26.0,,0.982,4.5,4.0,7.0,11.0,3.0,4.0,,,86.53,90.0,24.0,0.0,0.0,0.0,,,,,,,,,,,,,Larry Blakeney,15.909090909090908,23.181818181818183,-7.2727272727272725,11.0,4.0,2.0,0.5
2006,Troy,Sun Belt,-11.5,16.0,27.7,0.2,0.953,7.1,8.0,5.0,13.0,6.0,1.0,,,91.69,92.0,15.0,0.0,0.0,0.0,,,,,,,,,,,,,Larry Blakeney,21.25,22.666666666666668,-1.4166666666666667,12.0,5.0,3.0,0.6
2007,Troy,Sun Belt,-2.4,26.2,29.9,1.3,0.895,7.1,8.0,4.0,12.0,6.0,1.0,,,137.4,67.0,17.0,0.0,0.0,0.0,,,,,,,,,,,,,Larry Blakeney,34.0,24.583333333333332,9.416666666666666,12.0,2.0,1.0,0.5
2008,Troy,Sun Belt,5.0,27.8,22.6,-0.3,0.937,9.3,8.0,5.0,13.0,6.0,1.0,,,144.61,69.0,20.0,0.0,0.0,0.0,,,,,,,,,,,,,Larry Blakeney,33.25,20.583333333333332,12.666666666666666,12.0,1.0,0.0,0.0
2009,Troy,Sun Belt,0.5,31.3,31.6,0.8,0.925,9.5,9.0,4.0,13.0,8.0,0.0,,,172.43,59.0,25.0,0.0,0.0,0.0,,,,,,,,,,,,,Larry Blakeney,33.083333333333336,28.583333333333332,4.5,12.0,1.0,1.0,1.0
2010,Troy,Sun Belt,-4.4,27.8,32.7,0.5,0.937,7.8,8.0,5.0,13.0,6.0,2.0,5.551366685041531,,117.28,109.0,23.0,0.0,0.0,0.0,,,,,,,,,,,,,Larry Blakeney,32.916666666666664,31.0,1.9166666666666667,12.0,6.0,4.0,0.6666666666666666
2011,Troy,Sun Belt,-18.5,19.8,37.3,-1.0,0.96,3.7,3.0,9.0,12.0,2.0,6.0,3.9544023188653497,,51.83,112.0,14.0,0.0,0.0,0.0,,,,,,,,,,,,,Larry Blakeney,22.416666666666668,33.666666666666664,-11.25,12.0,4.0,2.0,0.5
2012,Troy,Sun Belt,-3.5,32.0,35.7,0.3,0.964,6.0,5.0,7.0,12.0,3.0,5.0,6.971017112740413,,111.64,99.0,19.0,0.0,0.0,0.0,,,,,,,,,,,,,Larry Blakeney,30.583333333333332,30.5,0.08333333333333333,12.0,8.0,2.0,0.25
2013,Troy,Sun Belt,-14.5,29.1,43.8,0.2,0.971,5.3,6.0,6.0,12.0,4.0,3.0,5.420854634623764,,114.51,99.0,20.0,0.0,0.0,0.0,,,,,,,,,,,,,Larry Blakeney,34.083333333333336,35.916666666666664,-1.8333333333333333,12.0,7.0,4.0,0.5714285714285714
2014,Troy,Sun Belt,-15.9,22.4,37.5,-0.7,0.942,3.6,3.0,9.0,12.0,3.0,5.0,5.069360861056078,,64.21,132.0,6.0,0.0,0.0,0.0,0.363,0.059,0.59,0.494,0.415,0.039,,,,,,,Larry Blakeney,21.833333333333332,36.166666666666664,-14.333333333333334,12.0,2.0,0.0,0.0
2015,Troy,Sun Belt,-7.0,24.5,31.9,0.5,0.925,5.4,4.0,8.0,12.0,3.0,5.0,4.930763405995183,335.43,107.58,117.0,18.0,0.0,0.0,0.0,0.792,0.965,0.989,0.629,0.797,0.995,,,,,,,Neal Brown,27.916666666666668,28.25,-0.3333333333333333,12.0,3.0,0.0,0.0
2016,Troy,Sun Belt,1.1,25.7,25.1,0.4,0.937,8.7,10.0,3.0,13.0,6.0,2.0,8.836271059509896,390.47,127.73,98.0,20.0,0.0,0.0,0.0,0.538,0.868,-45.5,0.383,0.533,0.778,,,,,,,Neal Brown,34.166666666666664,22.0,12.166666666666666,12.0,5.0,3.0,0.6
2017,Troy,Sun Belt,1.6,27.5,23.5,-2.4,0.953,8.9,11.0,2.0,13.0,7.0,1.0,9.319945317554378,352.1,123.9,96.0,22.0,0.0,0.0,0.0,0.993,1.0,0.991,0.989,0.986,1.0,,,,,,,Neal Brown,30.0,17.5,12.5,12.0,5.0,5.0,1.0
2018,Troy,Sun Belt,2.6,26.4,25.6,1.8,0.961,8.8,10.0,3.0,13.0,7.0,1.0,8.626381973094626,352.36,136.65,98.0,13.0,0.0,0.0,0.0,0.419,0.14,0.397,0.595,0.237,0.034,,,,,,,Neal Brown,29.75,21.166666666666668,8.583333333333334,12.0,3.0,2.0,0.6666666666666666
2019,Troy,Sun Belt,-4.4,32.2,35.4,-1.3,,,5.0,7.0,12.0,3.0,5.0,6.510152743678513,388.67,157.59,80.0,18.0,0.0,0.0,0.0,0.474,0.49,0.957,0.26,0.518,0.39,,,,,,,Chip Lindsey,33.833333333333336,34.75,-0.9166666666666666,12.0,3.0,0.0,0.0
2020,Troy,Sun Belt,2.3,28.4,25.8,,,,5.0,6.0,11.0,3.0,4.0,5.406874869264262,323.67,154.47,84.0,18.0,0.0,0.0,0.0,0.61,0.012,0.742,0.971,0.452,0.056,,,,,,,Chip Lindsey,27.363636363636363,25.727272727272727,1.6363636363636365,11.0,5.0,1.0,0.2
2021,Troy,Sun Belt,-6.5,20.1,26.7,,,,5.0,7.0,12.0,3.0,5.0,4.910538460798936,448.77,133.65,104.0,14.0,0.0,0.0,0.0,0.544,0.781,1.019,0.37,0.678,0.659,8.0,9.0,-1.0,3.8100000000000005,3.2,0.6100000000000003,Brandon Hall,22.833333333333332,26.083333333333332,-3.25,12.0,4.0,3.0,0.75
2022,Troy,Sun Belt,8.1,17.7,11.2,1.5,,,12.0,2.0,14.0,8.0,1.0,9.641550460963668,464.3,65.19,130.0,9.0,0.0,0.0,0.0,0.675,0.548,0.657,0.749,0.642,0.555,5.0,13.0,-8.0,2.04,6.88,-4.84,Jon Sumrall,26.153846153846153,17.53846153846154,8.615384615384615,13.0,6.0,5.0,0.8333333333333334
2023,Troy,Sun Belt,9.8,30.7,20.1,-0.8,,,11.0,3.0,14.0,8.0,1.0,10.079827670218418,454.06,147.8,94.0,19.0,0.0,0.0,0.0,0.561,0.765,0.766,0.44,0.674,0.843,8.0,9.0,-1.0,5.09,5.48,-0.39000000000000057,Greg Gasparato,31.153846153846153,17.153846153846153,14.0,13.0,3.0,2.0,0.6666666666666666
2024,Troy,Sun Belt,-6.6,24.1,30.1,-0.6,,,4.0,8.0,12.0,3.0,5.0,6.4430176126277665,499.56,159.41,89.0,21.0,0.0,0.0,0.0,0.257,0.079,0.067,0.402,0.169,0.036,10.0,23.0,-13.0,7.09,14.32,-7.23,Gerad Parker,26.0,28.416666666666668,-2.4166666666666665,12.0,3.0,0.0,0.0
2025,Troy,Sun Belt,-4.8,23.6,29.0,0.7,,,8.0,6.0,14.0,6.0,2.0,6.56121389567852,561.87,164.69,82.0,14.0,0.0,0.0,0.0,0.239,0.274,0.14,0.251,0.267,0.331,16.0,24.0,-8.0,10.6,15.02,-4.42,Gerad Parker,24.307692307692307,24.46153846153846,-0.15384615384615385,13.0,3.0,3.0,1.0
2026,Troy,Sun Belt,-8.0,22.5,30.7,0.2,,,0.0,0.0,0.0,0.0,0.0,0.0,596.19,187.25,76.0,16.0,0.0,0.0,0.0,0.353,1.028,1.357,0.116,0.568,0.964,14.0,27.0,-13.0,10.07,16.009999999999994,-5.939999999999994,Gerad Parker,,,,,,,
2004,Tulane,American Athletic,-14.1,30.9,41.0,,,,5.0,6.0,11.0,3.0,5.0,,,111.61,62.0,17.0,0.0,0.0,0.0,,,,,,,,,,,,,Chris Scelfo,27.272727272727273,32.81818181818182,-5.545454545454546,11.0,3.0,2.0,0.6666666666666666
2005,Tulane,American Athletic,-17.1,14.8,31.9,,0.98,3.5,2.0,9.0,11.0,1.0,7.0,,,82.95,93.0,18.0,0.0,0.0,0.0,,,,,,,,,,,,,Chris Scelfo,21.272727272727273,31.636363636363637,-10.363636363636363,11.0,3.0,1.0,0.3333333333333333
2006,Tulane,American Athletic,-15.0,18.9,32.6,-1.3,0.9,4.7,4.0,8.0,12.0,2.0,6.0,,,100.71,84.0,17.0,0.0,0.0,0.0,,,,,,,,,,,,,Chris Scelfo,18.666666666666668,33.333333333333336,-14.666666666666666,12.0,3.0,2.0,0.6666666666666666
2007,Tulane,American Athletic,-15.5,23.0,37.7,-0.8,0.945,5.2,4.0,8.0,12.0,3.0,5.0,,,85.4,102.0,23.0,0.0,0.0,0.0,,,,,,,,,,,,,Bob Toledo,24.416666666666668,31.25,-6.833333333333333,12.0,4.0,1.0,0.25
2008,Tulane,American Athletic,-17.4,19.8,34.7,-2.5,0.94,3.6,2.0,10.0,12.0,1.0,7.0,,,97.06,102.0,18.0,0.0,0.0,0.0,,,,,,,,,,,,,Bob Toledo,16.666666666666668,34.5,-17.833333333333332,12.0,3.0,1.0,0.3333333333333333
2009,Tulane,American Athletic,-22.2,19.6,39.4,-2.4,0.934,3.0,3.0,9.0,12.0,1.0,7.0,,,150.56,79.0,23.0,0.0,0.0,0.0,,,,,,,,,,,,,Bob Toledo,16.083333333333332,36.666666666666664,-20.583333333333332,12.0,3.0,2.0,0.6666666666666666
2010,Tulane,American Athletic,-21.1,18.5,37.7,-2.0,0.967,3.1,4.0,8.0,12.0,2.0,6.0,5.743424872151418,,145.27,90.0,24.0,0.0,0.0,0.0,,,,,,,,,,,,,Bob Toledo,24.916666666666668,37.166666666666664,-12.25,12.0,3.0,3.0,1.0
2011,Tulane,American Athletic,-21.9,16.9,37.7,-1.1,0.969,3.5,2.0,11.0,13.0,1.0,7.0,4.714218749134368,,110.8,81.0,22.0,0.0,0.0,0.0,,,,,,,,,,,,,Bob Toledo,21.076923076923077,37.46153846153846,-16.384615384615383,13.0,1.0,0.0,0.0
2012,Tulane,American Athletic,-22.5,17.8,41.3,1.0,0.967,2.2,2.0,10.0,12.0,2.0,6.0,3.2970731741770165,,124.65,83.0,16.0,0.0,0.0,0.0,,,,,,,,,,,,,Mark Hutson,21.416666666666668,38.416666666666664,-17.0,12.0,4.0,1.0,0.25
2013,Tulane,American Athletic,-8.0,15.6,24.1,0.4,0.983,6.4,7.0,6.0,13.0,5.0,3.0,6.538015868169002,,133.37,83.0,19.0,0.0,0.0,0.0,,,,,,,,,,,,,Curtis Johnson,25.083333333333332,21.166666666666668,3.9166666666666665,12.0,6.0,3.0,0.5
2014,Tulane,American Athletic,-15.0,16.2,28.0,-3.3,0.938,3.0,3.0,9.0,12.0,2.0,6.0,3.7118011753091498,,118.86,90.0,18.0,0.0,0.0,0.0,0.614,1.035,1.854,0.419,0.709,0.997,,,,,,,Curtis Johnson,16.0,28.416666666666668,-12.416666666666666,12.0,4.0,1.0,0.25
2015,Tulane,American Athletic,-14.0,20.3,32.5,-1.8,0.938,3.9,3.0,9.0,12.0,1.0,7.0,2.806499209994909,408.22,128.9,91.0,16.0,0.0,0.0,0.0,0.616,1.252,0.981,0.496,0.781,0.823,,,,,,,Curtis Johnson,19.666666666666668,36.25,-16.583333333333332,12.0,2.0,1.0,0.5
2016,Tulane,American Athletic,-14.6,15.7,28.4,-1.8,0.939,4.0,4.0,8.0,12.0,1.0,7.0,4.223385851954304,388.04,127.78,97.0,23.0,0.0,0.0,0.0,0.521,0.153,2.357,0.578,0.411,0.005,,,,,,,Willie Fritz,24.083333333333332,27.666666666666668,-3.5833333333333335,12.0,5.0,2.0,0.4
2017,Tulane,American Athletic,-5.7,28.5,35.0,0.9,0.921,4.6,5.0,7.0,12.0,3.0,5.0,4.553677928571428,396.43,114.66,112.0,23.0,0.0,0.0,0.0,0.155,1.0,0.169,0.705,0.862,1.0,,,,,,,Willie Fritz,27.5,29.166666666666668,-1.6666666666666667,12.0,7.0,3.0,0.42857142857142855
2018,Tulane,American Athletic,-3.5,23.8,28.3,0.9,0.931,6.6,7.0,6.0,13.0,5.0,3.0,7.421681871787759,445.36,173.75,68.0,26.0,0.0,0.0,0.0,0.845,1.214,0.575,0.911,0.666,0.933,,,,,,,Willie Fritz,25.666666666666668,27.833333333333332,-2.1666666666666665,12.0,6.0,3.0,0.5
2019,Tulane,American Athletic,7.5,33.1,25.9,0.3,,,7.0,6.0,13.0,3.0,5.0,7.269090135758256,486.98,144.82,94.0,19.0,0.0,0.0,0.0,0.61,0.702,0.731,0.518,0.689,0.498,,,,,,,Willie Fritz,33.333333333333336,27.416666666666668,5.916666666666667,12.0,3.0,1.0,0.3333333333333333
2020,Tulane,American Athletic,4.2,33.2,29.1,,,,6.0,6.0,12.0,3.0,5.0,5.631140174729959,526.19,165.84,66.0,19.0,0.0,0.0,0.0,0.496,0.2,0.536,0.617,0.388,0.066,,,,,,,Willie Fritz,35.36363636363637,27.181818181818183,8.181818181818182,11.0,4.0,1.0,0.25
2021,Tulane,American Athletic,-3.9,27.9,30.4,,,,2.0,10.0,12.0,1.0,7.0,4.3223197923769385,463.02,156.56,77.0,17.0,0.0,0.0,0.0,0.875,1.414,0.682,0.932,0.699,0.822,5.0,11.0,-6.0,2.2,6.399999999999999,-4.199999999999998,Willie Fritz,27.583333333333332,34.0,-6.416666666666667,12.0,5.0,0.0,0.0
2022,Tulane,American Athletic,12.4,32.0,19.7,0.1,,,12.0,2.0,14.0,8.0,1.0,10.069436737123475,521.86,160.73,74.0,17.0,0.0,0.0,0.0,0.863,0.996,0.917,0.784,0.864,0.99,9.0,10.0,-1.0,6.329999999999999,6.250000000000001,0.0799999999999983,Willie Fritz,35.23076923076923,20.46153846153846,14.76923076923077,13.0,5.0,3.0,0.6
2023,Tulane,American Athletic,2.8,26.5,24.4,0.8,,,11.0,3.0,14.0,8.0,1.0,9.914853247807606,537.7,172.87,71.0,20.0,0.0,0.0,0.0,0.59,0.917,0.437,0.47,0.635,0.993,7.0,11.0,-4.0,4.94,7.21,-2.2699999999999996,Willie Fritz,26.846153846153847,18.923076923076923,7.923076923076923,13.0,4.0,4.0,1.0
2024,Tulane,American Athletic,5.7,32.9,27.1,-0.1,,,9.0,5.0,14.0,7.0,2.0,9.750732842271267,654.07,181.26,63.0,18.0,1.0,0.0,0.05555555555555555,0.304,0.112,0.684,0.304,0.481,0.229,22.0,26.0,-4.0,16.619999999999997,16.759999999999998,-0.14000000000000057,Jon Sumrall,37.15384615384615,19.692307692307693,17.46153846153846,13.0,1.0,0.0,0.0
2025,Tulane,American Athletic,6.3,32.4,27.6,1.6,,,11.0,3.0,14.0,7.0,1.0,9.990061370655894,650.87,175.32,74.0,20.0,0.0,0.0,0.0,0.146,0.017,0.388,0.102,0.203,0.118,30.0,27.0,3.0,21.089999999999993,20.03,1.0599999999999916,Jon Sumrall,29.076923076923077,22.615384615384617,6.461538461538462,13.0,5.0,5.0,1.0
2026,Tulane,American Athletic,-4.3,22.8,27.7,0.6,,,0.0,0.0,0.0,0.0,0.0,0.0,665.11,195.14,64.0,20.0,2.0,0.0,0.1,0.21,0.0,0.595,0.283,0.185,0.0,20.0,27.0,-7.0,12.259999999999998,19.19,-6.930000000000003,Will Hall,,,,,,,
2004,Tulsa,American Athletic,-14.0,32.6,42.2,,,,4.0,8.0,12.0,3.0,5.0,,,105.54,68.0,12.0,0.0,0.0,0.0,,,,,,,,,,,,,Steve Kragthorpe,28.75,33.166666666666664,-4.416666666666667,12.0,4.0,1.0,0.25
2005,Tulsa,American Athletic,1.5,27.8,26.4,,0.945,8.3,9.0,4.0,13.0,7.0,2.0,,,126.2,58.0,10.0,0.0,0.0,0.0,,,,,,,,,,,,,Steve Kragthorpe,33.25,23.416666666666668,9.833333333333334,12.0,4.0,2.0,0.5
2006,Tulsa,American Athletic,2.1,27.0,25.0,0.2,0.936,8.4,8.0,5.0,13.0,5.0,3.0,,,88.58,98.0,13.0,0.0,0.0,0.0,,,,,,,,,,,,,Steve Kragthorpe,28.916666666666668,19.75,9.166666666666666,12.0,2.0,1.0,0.5
2007,Tulsa,American Athletic,-0.4,37.9,36.4,-1.9,0.933,9.2,10.0,4.0,14.0,6.0,3.0,,,120.23,83.0,20.0,0.0,0.0,0.0,,,,,,,,,,,,,Todd Graham,39.46153846153846,35.38461538461539,4.076923076923077,13.0,4.0,3.0,0.75
2008,Tulsa,American Athletic,7.0,39.3,31.8,-0.5,0.974,10.8,11.0,3.0,14.0,7.0,2.0,,,137.2,72.0,17.0,0.0,0.0,0.0,,,,,,,,,,,,,Todd Graham,47.38461538461539,29.076923076923077,18.307692307692307,13.0,4.0,2.0,0.5
2009,Tulsa,American Athletic,-1.1,27.2,30.1,1.8,0.929,6.8,5.0,7.0,12.0,3.0,5.0,,,174.21,58.0,19.0,1.0,0.0,0.05263157894736842,,,,,,,,,,,,,Todd Graham,29.25,27.333333333333332,1.9166666666666667,12.0,4.0,1.0,0.25
2010,Tulsa,American Athletic,0.4,35.2,35.1,0.3,0.919,8.9,10.0,3.0,13.0,6.0,2.0,8.773154463805254,,172.19,72.0,19.0,0.0,0.0,0.0,,,,,,,,,,,,,Todd Graham,39.666666666666664,29.916666666666668,9.75,12.0,6.0,4.0,0.6666666666666666
2011,Tulsa,American Athletic,2.5,29.8,27.3,0.0,0.865,8.1,8.0,5.0,13.0,7.0,1.0,6.646896454114539,,113.38,80.0,18.0,0.0,0.0,0.0,,,,,,,,,,,,,Bill Blankenship,34.083333333333336,27.583333333333332,6.5,12.0,1.0,1.0,1.0
2012,Tulsa,American Athletic,2.6,25.7,22.4,-0.7,0.952,9.7,11.0,3.0,14.0,8.0,1.0,8.625918916856921,,120.37,89.0,17.0,0.0,0.0,0.0,,,,,,,,,,,,,Bill Blankenship,35.0,24.153846153846153,10.846153846153847,13.0,7.0,6.0,0.8571428571428571
2013,Tulsa,American Athletic,-18.7,12.9,31.6,-0.1,0.944,3.4,3.0,9.0,12.0,2.0,6.0,5.412949779660484,,138.11,81.0,20.0,0.0,0.0,0.0,,,,,,,,,,,,,Bill Blankenship,21.083333333333332,33.916666666666664,-12.833333333333334,12.0,3.0,1.0,0.3333333333333333
2014,Tulsa,American Athletic,-15.8,23.6,37.7,-1.7,0.939,2.0,2.0,10.0,12.0,2.0,6.0,2.6151899464093056,,130.3,79.0,22.0,0.0,0.0,0.0,0.309,0.127,0.458,0.332,0.321,0.49,,,,,,,Bill Blankenship,24.666666666666668,39.25,-14.583333333333334,12.0,2.0,1.0,0.5
2015,Tulsa,American Athletic,-8.5,32.4,41.2,0.4,0.915,4.8,6.0,7.0,13.0,3.0,5.0,6.261609529816425,404.03,116.08,109.0,15.0,1.0,0.0,0.06666666666666667,0.964,1.0,1.0,0.941,0.986,1.0,,,,,,,Philip Montgomery,35.916666666666664,38.583333333333336,-2.6666666666666665,12.0,1.0,1.0,1.0
2016,Tulsa,American Athletic,7.4,34.6,27.6,0.4,0.937,10.1,10.0,3.0,13.0,6.0,2.0,10.031346371735857,409.17,128.52,95.0,19.0,0.0,0.0,0.0,0.659,0.964,0.682,0.417,0.691,0.994,,,,,,,Philip Montgomery,41.416666666666664,31.5,9.916666666666666,12.0,5.0,3.0,0.6
2017,Tulsa,American Athletic,-10.7,27.3,37.8,-0.2,0.924,2.4,2.0,10.0,12.0,1.0,7.0,3.5797836233759392,422.77,135.07,85.0,24.0,0.0,0.0,0.0,0.257,0.036,0.34,0.36,0.299,0.009,,,,,,,Philip Montgomery,29.333333333333332,37.5,-8.166666666666666,12.0,5.0,0.0,0.0
2018,Tulsa,American Athletic,-11.2,22.9,32.3,-1.7,0.949,4.4,3.0,9.0,12.0,2.0,6.0,3.6425895379881394,368.14,137.25,97.0,14.0,0.0,0.0,0.0,0.738,0.731,0.676,0.836,0.686,0.997,,,,,,,Philip Montgomery,24.083333333333332,29.583333333333332,-5.5,12.0,4.0,1.0,0.25
2019,Tulsa,American Athletic,-2.5,24.6,25.2,-2.0,,,4.0,8.0,12.0,2.0,6.0,5.98016999922439,424.54,133.88,109.0,18.0,0.0,0.0,0.0,0.725,0.934,0.73,0.677,0.744,0.636,,,,,,,Philip Montgomery,26.416666666666668,31.333333333333332,-4.916666666666667,12.0,4.0,2.0,0.5
2020,Tulsa,American Athletic,5.6,29.5,23.5,,,,6.0,3.0,9.0,6.0,1.0,6.201075238866361,470.03,138.25,112.0,15.0,0.0,0.0,0.0,0.869,1.0,1.0,0.782,0.94,1.0,,,,,,,Philip Montgomery,27.25,20.75,6.5,8.0,4.0,3.0,0.75
2021,Tulsa,American Athletic,5.8,28.7,24.0,,,,7.0,6.0,13.0,5.0,3.0,8.015465774407248,470.49,97.89,126.0,10.0,0.0,0.0,0.0,0.735,0.229,0.574,0.988,0.471,0.141,6.0,7.0,-1.0,3.8100000000000005,4.1,-0.28999999999999915,Philip Montgomery,26.083333333333332,27.416666666666668,-1.3333333333333333,12.0,8.0,5.0,0.625
2022,Tulsa,American Athletic,-6.1,32.7,38.5,-0.3,,,5.0,7.0,12.0,3.0,5.0,4.999757325228414,485.87,113.34,112.0,14.0,0.0,0.0,0.0,0.587,1.0,0.873,0.279,0.654,1.0,7.0,6.0,1.0,5.140000000000001,4.22,0.9200000000000008,Philip Montgomery,30.583333333333332,33.083333333333336,-2.5,12.0,4.0,3.0,0.75
2023,Tulsa,American Athletic,-13.7,20.9,34.7,0.1,,,4.0,8.0,12.0,2.0,6.0,5.364906297901139,520.23,113.39,115.0,21.0,0.0,0.0,0.0,0.262,0.231,0.423,0.227,0.351,0.391,8.0,11.0,-3.0,5.289999999999999,7.7700000000000005,-2.4800000000000013,Kevin Wilson,23.416666666666668,33.833333333333336,-10.416666666666666,12.0,5.0,1.0,0.2
2024,Tulsa,American Athletic,-20.6,21.2,40.3,-1.6,,,3.0,9.0,12.0,1.0,7.0,3.136740737611128,556.71,191.84,54.0,28.0,0.0,0.0,0.0,0.709,0.891,0.79,0.572,0.677,0.753,12.0,24.0,-12.0,9.589999999999998,15.709999999999997,-6.119999999999999,Ryan Switzer,25.0,42.5,-17.5,12.0,4.0,2.0,0.5
2025,Tulsa,American Athletic,-10.0,21.7,33.1,1.4,,,4.0,8.0,12.0,1.0,7.0,5.036803876049817,594.78,137.85,109.0,18.0,0.0,0.0,0.0,0.235,0.388,0.111,0.223,0.296,0.564,31.0,34.0,-3.0,23.420000000000005,21.299999999999997,2.120000000000008,Tre Lamb,23.166666666666668,28.916666666666668,-5.75,12.0,5.0,2.0,0.4
2026,Tulsa,American Athletic,-6.1,24.2,30.9,0.5,,,0.0,0.0,0.0,0.0,0.0,0.0,622.84,179.39,93.0,18.0,0.0,0.0,0.0,0.413,0.693,0.109,0.42,0.4,0.778,21.0,22.0,-1.0,13.35,14.269999999999996,-0.9199999999999964,Tre Lamb,,,,,,,
2004,UAB,American Athletic,-3.2,35.4,37.5,,,,7.0,5.0,12.0,5.0,4.0,,,88.92,81.0,15.0,0.0,0.0,0.0,,,,,,,,,,,,,Watson Brown,30.181818181818183,26.545454545454547,3.6363636363636362,11.0,5.0,3.0,0.6
2005,UAB,American Athletic,2.3,33.3,31.0,,0.974,8.2,5.0,6.0,11.0,3.0,5.0,,,110.09,73.0,23.0,0.0,0.0,0.0,,,,,,,,,,,,,Watson Brown,27.90909090909091,24.0,3.909090909090909,11.0,5.0,1.0,0.2
2006,UAB,American Athletic,-11.3,19.9,31.9,0.7,0.928,3.7,3.0,9.0,12.0,2.0,6.0,,,155.39,46.0,16.0,1.0,0.0,0.0625,,,,,,,,,,,,,Watson Brown,18.75,24.75,-6.0,12.0,7.0,2.0,0.2857142857142857
2007,UAB,American Athletic,-21.7,17.8,41.2,1.7,0.956,2.0,2.0,10.0,12.0,1.0,7.0,,,81.18,105.0,22.0,0.0,0.0,0.0,,,,,,,,,,,,,Neil Callaway,19.583333333333332,35.083333333333336,-15.5,12.0,2.0,1.0,0.5
2008,UAB,American Athletic,-10.3,24.5,35.4,0.6,0.967,4.3,4.0,8.0,12.0,3.0,5.0,,,105.82,98.0,14.0,0.0,0.0,0.0,,,,,,,,,,,,,Neil Callaway,22.75,31.25,-8.5,12.0,3.0,1.0,0.3333333333333333
2009,UAB,American Athletic,-6.8,30.4,36.9,-0.4,0.952,5.3,5.0,7.0,12.0,4.0,4.0,,,149.82,80.0,15.0,0.0,0.0,0.0,,,,,,,,,,,,,Neil Callaway,27.75,32.333333333333336,-4.583333333333333,12.0,3.0,1.0,0.3333333333333333
2010,UAB,American Athletic,-9.7,26.0,33.2,-2.5,0.954,6.0,4.0,8.0,12.0,3.0,5.0,5.567470391115517,,150.49,86.0,18.0,0.0,0.0,0.0,,,,,,,,,,,,,Neil Callaway,26.333333333333332,31.583333333333332,-5.25,12.0,6.0,2.0,0.3333333333333333
2011,UAB,American Athletic,-19.2,22.9,42.8,0.7,0.934,2.1,3.0,9.0,12.0,3.0,5.0,2.972667292821754,,61.54,101.0,20.0,0.0,0.0,0.0,,,,,,,,,,,,,Neil Callaway,20.166666666666668,36.75,-16.583333333333332,12.0,6.0,3.0,0.5
2012,UAB,American Athletic,-11.1,26.6,38.2,0.5,0.934,3.8,3.0,9.0,12.0,2.0,6.0,4.422908571006741,,96.91,109.0,22.0,0.0,0.0,0.0,,,,,,,,,,,,,Garrick McGee,28.25,37.5,-9.25,12.0,3.0,1.0,0.3333333333333333
2013,UAB,American Athletic,-20.8,24.1,46.5,1.6,0.938,2.5,2.0,10.0,12.0,1.0,7.0,3.9911234424047755,,118.27,97.0,26.0,0.0,0.0,0.0,,,,,,,,,,,,,Garrick McGee,26.25,43.75,-17.5,12.0,4.0,1.0,0.25
2014,UAB,American Athletic,-4.2,26.0,32.8,2.5,0.933,5.6,6.0,6.0,12.0,4.0,4.0,4.903332997830946,,96.13,114.0,18.0,0.0,0.0,0.0,0.378,0.0,0.357,0.722,0.289,0.0,,,,,,,Bill Clark,33.166666666666664,29.916666666666668,3.25,12.0,3.0,2.0,0.6666666666666666
2018,UAB,American Athletic,-0.3,24.1,24.4,0.0,0.961,10.1,11.0,3.0,14.0,8.0,1.0,10.333391681215133,387.71,125.49,103.0,16.0,0.0,0.0,0.0,0.953,1.0,1.016,0.883,0.939,1.0,,,,,,,Bill Clark,29.307692307692307,17.307692307692307,12.0,13.0,3.0,3.0,1.0
2019,UAB,American Athletic,-1.4,18.3,20.2,0.5,,,9.0,5.0,14.0,6.0,3.0,9.081523760961886,441.81,160.48,74.0,20.0,0.0,0.0,0.0,0.346,0.439,0.634,0.165,0.546,0.397,,,,,,,Bill Clark,23.615384615384617,20.846153846153847,2.769230769230769,13.0,4.0,3.0,0.75
2020,UAB,American Athletic,6.3,24.7,18.7,,,,6.0,3.0,9.0,4.0,1.0,7.407875052016535,383.56,142.57,103.0,12.0,0.0,0.0,0.0,0.856,0.923,1.268,0.774,0.907,0.997,,,,,,,Bill Clark,28.444444444444443,21.444444444444443,7.0,9.0,3.0,1.0,0.3333333333333333
2021,UAB,American Athletic,9.1,32.1,21.7,,,,9.0,4.0,13.0,6.0,2.0,9.527074703253636,444.37,123.44,116.0,13.0,0.0,0.0,0.0,0.63,0.963,0.503,0.45,0.635,0.996,6.0,8.0,-2.0,3.8,3.6,0.19999999999999973,Bill Clark,29.416666666666668,22.833333333333332,6.583333333333333,12.0,4.0,2.0,0.5
2022,UAB,American Athletic,-0.5,25.7,25.3,-0.9,,,7.0,6.0,13.0,4.0,4.0,9.223410176098104,443.8,142.49,86.0,8.0,0.0,0.0,0.0,0.809,0.919,0.93,0.626,0.776,0.789,2.0,10.0,-8.0,1.72,5.839999999999999,-4.119999999999999,Bryant Vincent,30.583333333333332,23.416666666666668,7.166666666666667,12.0,5.0,0.0,0.0
2023,UAB,American Athletic,-14.7,26.9,39.6,-2.1,,,4.0,8.0,12.0,3.0,5.0,6.126876907002459,473.46,149.23,92.0,24.0,0.0,0.0,0.0,0.395,0.21,0.311,0.565,0.44,0.314,7.0,13.0,-6.0,4.2,7.289999999999999,-3.089999999999999,Trent Dilfer,29.916666666666668,36.916666666666664,-7.0,12.0,2.0,1.0,0.5
2024,UAB,American Athletic,-11.3,25.9,38.0,0.9,,,3.0,9.0,12.0,2.0,6.0,4.587440342212202,583.23,150.94,98.0,19.0,1.0,0.0,0.05263157894736842,0.65,0.934,0.574,0.499,0.709,0.989,19.0,21.0,-2.0,13.620000000000001,12.450000000000001,1.17,Trent Dilfer,26.166666666666668,34.25,-8.083333333333334,12.0,1.0,0.0,0.0
2025,UAB,American Athletic,-15.8,25.5,39.8,-1.5,,,4.0,8.0,12.0,2.0,6.0,2.9433999701868743,540.93,98.28,125.0,11.0,0.0,0.0,0.0,0.332,0.805,-0.069,0.2,0.438,0.744,29.0,37.0,-8.0,20.87,23.400000000000002,-2.530000000000001,Trent Dilfer,26.416666666666668,38.25,-11.833333333333334,12.0,4.0,3.0,0.75
2026,UAB,American Athletic,-17.5,20.6,37.6,-0.5,,,0.0,0.0,0.0,0.0,0.0,0.0,606.18,135.31,135.0,10.0,0.0,0.0,0.0,0.796,1.0,0.633,0.735,0.855,1.0,38.0,33.0,5.0,30.63,20.32,10.309999999999999,Alex Mortensen,,,,,,,
2004,UCF,Big 12,-22.2,19.0,38.9,,,,0.0,11.0,11.0,0.0,8.0,,,73.92,103.0,19.0,0.0,0.0,0.0,,,,,,,,,,,,,George O'Leary,15.909090909090908,32.90909090909091,-17.0,11.0,4.0,0.0,0.0
2005,UCF,Big 12,-11.7,25.8,37.5,,0.973,4.0,8.0,5.0,13.0,7.0,2.0,,,115.27,67.0,14.0,0.0,0.0,0.0,,,,,,,,,,,,,George O'Leary,27.083333333333332,27.0,0.08333333333333333,12.0,4.0,4.0,1.0
2006,UCF,Big 12,-10.3,21.8,32.1,0.0,0.911,5.0,4.0,8.0,12.0,3.0,5.0,,,112.86,73.0,15.0,0.0,0.0,0.0,,,,,,,,,,,,,George O'Leary,19.333333333333332,28.75,-9.416666666666666,12.0,5.0,2.0,0.4
2007,UCF,Big 12,3.5,30.5,28.5,1.5,0.936,9.4,10.0,4.0,14.0,8.0,1.0,,,154.18,57.0,23.0,0.0,0.0,0.0,,,,,,,,,,,,,George O'Leary,38.38461538461539,27.846153846153847,10.538461538461538,13.0,2.0,1.0,0.5
2008,UCF,Big 12,-15.8,7.3,22.3,-0.8,0.964,3.1,4.0,8.0,12.0,3.0,5.0,,,162.5,54.0,12.0,0.0,0.0,0.0,,,,,,,,,,,,,George O'Leary,16.583333333333332,24.083333333333332,-7.5,12.0,4.0,1.0,0.25
2009,UCF,Big 12,-5.4,21.1,25.7,-0.8,0.907,7.0,8.0,5.0,13.0,6.0,2.0,,,163.27,67.0,19.0,2.0,0.0,0.10526315789473684,,,,,,,,,,,,,George O'Leary,26.333333333333332,20.666666666666668,5.666666666666667,12.0,7.0,5.0,0.7142857142857143
2010,UCF,Big 12,5.1,28.2,22.4,-0.7,0.942,11.0,11.0,3.0,14.0,8.0,1.0,8.838819665690611,,189.21,50.0,21.0,2.0,0.0,0.09523809523809523,,,,,,,,,,,,,George O'Leary,33.76923076923077,18.0,15.76923076923077,13.0,3.0,1.0,0.3333333333333333
2011,UCF,Big 12,5.1,27.0,22.7,0.9,0.964,7.7,5.0,7.0,12.0,3.0,5.0,7.485270003488422,,158.74,54.0,17.0,0.0,0.0,0.0,,,,,,,,,,,,,George O'Leary,27.083333333333332,18.333333333333332,8.75,12.0,6.0,0.0,0.0
2012,UCF,Big 12,6.3,32.0,25.6,-0.1,0.954,10.3,10.0,4.0,14.0,7.0,2.0,9.26553267090088,,113.11,96.0,14.0,0.0,0.0,0.0,,,,,,,,,,,,,George O'Leary,35.23076923076923,22.46153846153846,12.76923076923077,13.0,5.0,2.0,0.4
2013,UCF,Big 12,12.3,38.4,27.4,1.3,0.92,10.2,12.0,1.0,13.0,8.0,0.0,7.020209609159714,,139.32,79.0,16.0,0.0,0.0,0.0,,,,,,,,,,,,,George O'Leary,33.166666666666664,19.583333333333332,13.583333333333334,12.0,8.0,7.0,0.875
2014,UCF,Big 12,5.7,25.8,19.7,-0.4,0.936,7.3,9.0,4.0,13.0,7.0,1.0,7.584748204890495,,159.55,68.0,10.0,1.0,0.0,0.1,0.442,-0.017,-1.197,0.786,0.334,0.031,,,,,,,George O'Leary,28.166666666666668,17.916666666666668,10.25,12.0,5.0,4.0,0.8
2015,UCF,Big 12,-15.5,16.3,33.7,1.8,0.925,1.0,0.0,12.0,12.0,0.0,8.0,0.306113028524011,484.54,160.78,71.0,11.0,1.0,0.0,0.09090909090909091,0.429,0.825,-40.667,0.141,0.698,0.984,,,,,,,George O'Leary,13.916666666666666,37.666666666666664,-23.75,12.0,2.0,0.0,0.0
2016,UCF,Big 12,-2.2,19.3,23.3,1.8,0.917,5.8,6.0,7.0,13.0,4.0,4.0,6.652078777466644,510.27,162.22,65.0,17.0,0.0,0.0,0.0,1.091,0.522,0.737,1.015,0.784,0.597,,,,,,,Scott Frost,30.083333333333332,24.083333333333332,6.0,12.0,3.0,0.0,0.0
2017,UCF,Big 12,14.1,40.5,26.9,0.4,0.953,11.9,13.0,0.0,13.0,9.0,0.0,11.116991924443179,571.52,178.34,55.0,26.0,1.0,0.0,0.038461538461538464,0.639,1.167,-0.039,0.701,0.684,0.738,,,,,,,Scott Frost,49.416666666666664,25.166666666666668,24.25,12.0,3.0,3.0,1.0
2018,UCF,Big 12,16.5,39.9,25.2,1.8,0.954,10.6,12.0,1.0,13.0,9.0,0.0,10.771058513426908,568.35,177.05,62.0,22.0,0.0,0.0,0.0,0.779,0.926,1.03,0.576,0.79,0.924,,,,,,,Josh Heupel,44.166666666666664,21.25,22.916666666666668,12.0,1.0,1.0,1.0
2019,UCF,Big 12,19.1,37.3,18.1,-0.1,,,10.0,3.0,13.0,6.0,2.0,9.56287932298386,598.57,179.69,59.0,21.0,0.0,0.0,0.0,0.811,0.954,0.826,0.696,0.87,0.993,,,,,,,Josh Heupel,43.0,22.833333333333332,20.166666666666668,12.0,4.0,1.0,0.25
2020,UCF,Big 12,13.6,39.4,25.7,,,,6.0,4.0,10.0,5.0,3.0,6.417245715415002,593.07,162.97,71.0,18.0,0.0,0.0,0.0,0.764,0.89,0.768,0.677,0.818,0.942,,,,,,,Josh Heupel,44.333333333333336,31.444444444444443,12.88888888888889,9.0,2.0,0.0,0.0
2021,UCF,Big 12,4.8,29.6,23.4,,,,9.0,4.0,13.0,5.0,3.0,7.347836739559434,639.06,177.69,55.0,15.0,1.0,0.0,0.06666666666666667,0.626,0.948,0.439,0.43,0.589,0.993,10.0,17.0,-7.0,6.879999999999998,11.709999999999999,-4.830000000000001,Gus Malzahn,32.166666666666664,25.166666666666668,7.0,12.0,6.0,4.0,0.6666666666666666
2022,UCF,Big 12,10.3,31.1,20.3,-0.6,,,9.0,5.0,14.0,6.0,3.0,8.575552106388,636.16,186.37,53.0,17.0,1.0,0.0,0.058823529411764705,0.637,0.685,0.772,0.53,0.799,0.714,14.0,24.0,-10.0,10.790000000000001,18.100000000000005,-7.310000000000004,Gus Malzahn,34.38461538461539,23.153846153846153,11.23076923076923,13.0,6.0,4.0,0.6666666666666666
2023,UCF,Big 12,3.4,30.3,25.2,-1.7,,,6.0,7.0,13.0,3.0,6.0,9.300313107028485,653.97,196.98,50.0,15.0,3.0,0.0,0.2,0.68,0.695,0.663,0.685,0.666,0.767,18.0,19.0,-1.0,15.069999999999997,14.03,1.0399999999999974,Gus Malzahn,32.5,25.416666666666668,7.083333333333333,12.0,5.0,2.0,0.4
2024,UCF,Big 12,2.8,29.0,25.8,-0.4,,,4.0,8.0,12.0,2.0,7.0,7.383046939154127,746.3,212.83,35.0,17.0,6.0,0.0,0.35294117647058826,0.4,-0.001,0.574,0.567,0.446,0.033,25.0,26.0,-1.0,20.909999999999997,18.56,2.349999999999998,Gus Malzahn,30.416666666666668,26.916666666666668,3.5,12.0,4.0,1.0,0.25
2025,UCF,Big 12,-1.2,23.2,24.0,-0.5,,,5.0,7.0,12.0,2.0,7.0,5.755343325436115,709.99,171.17,79.0,14.0,2.0,0.0,0.14285714285714285,0.101,-0.427,0.264,0.033,0.175,0.216,38.0,50.0,-12.0,29.669999999999995,34.76,-5.090000000000003,Scott Frost,24.333333333333332,23.583333333333332,0.75,12.0,4.0,2.0,0.5
2026,UCF,Big 12,1.7,24.2,22.3,-0.1,,,0.0,0.0,0.0,0.0,0.0,0.0,672.14,194.3,66.0,16.0,2.0,0.0,0.125,0.248,0.039,-0.168,0.58,0.196,0.005,32.0,35.0,-3.0,24.76,25.769999999999996,-1.0099999999999945,Scott Frost,,,,,,,
2004,UCLA,Big Ten,10.0,38.5,30.4,,,,6.0,6.0,12.0,6.0,5.0,,,177.82,31.0,9.0,1.0,0.0,0.1111111111111111,,,,,,,,,,,,,Karl Dorrell,30.90909090909091,25.90909090909091,5.0,11.0,4.0,1.0,0.25
2005,UCLA,Big Ten,8.7,39.2,30.5,,0.866,6.7,10.0,2.0,12.0,8.0,2.0,,,209.07,21.0,8.0,3.0,0.0,0.375,,,,,,,,,,,,,Karl Dorrell,38.09090909090909,33.81818181818182,4.2727272727272725,11.0,4.0,4.0,1.0
2006,UCLA,Big Ten,8.8,23.4,15.9,1.3,0.844,6.6,7.0,6.0,13.0,6.0,4.0,,,145.04,57.0,9.0,4.0,0.0,0.4444444444444444,,,,,,,,,,,,,Karl Dorrell,22.666666666666668,17.916666666666668,4.75,12.0,2.0,1.0,0.5
2007,UCLA,Big Ten,11.2,23.1,13.4,1.5,0.829,6.4,6.0,7.0,13.0,6.0,6.0,,,106.93,91.0,4.0,4.0,0.0,1.0,,,,,,,,,,,,,Karl Dorrell,22.916666666666668,22.75,0.16666666666666666,12.0,2.0,0.0,0.0
2008,UCLA,Big Ten,-0.1,18.7,19.6,0.8,0.873,4.6,4.0,8.0,12.0,3.0,7.0,,,250.33,14.0,16.0,13.0,0.0,0.8125,,,,,,,,,,,,,Rick Neuheisel,17.666666666666668,29.0,-11.333333333333334,12.0,4.0,2.0,0.5
2009,UCLA,Big Ten,4.6,24.3,21.6,1.8,0.879,5.5,7.0,6.0,13.0,4.0,6.0,,,258.45,13.0,18.0,9.0,0.0,0.5,,,,,,,,,,,,,Rick Neuheisel,21.333333333333332,21.25,0.08333333333333333,12.0,3.0,2.0,0.6666666666666666
2010,UCLA,Big Ten,3.9,26.5,24.1,1.5,0.815,4.2,4.0,8.0,12.0,2.0,7.0,4.841019630454432,,263.81,10.0,19.0,11.0,1.0,0.5789473684210527,,,,,,,,,,,,,Rick Neuheisel,20.166666666666668,30.333333333333332,-10.166666666666666,12.0,1.0,1.0,1.0
2011,UCLA,Big Ten,3.5,32.0,29.0,0.5,0.853,6.3,6.0,8.0,14.0,5.0,5.0,6.343754539682354,,172.23,45.0,10.0,2.0,0.0,0.2,,,,,,,,,,,,,Rick Neuheisel,23.76923076923077,32.23076923076923,-8.461538461538462,13.0,3.0,2.0,0.6666666666666666
2012,UCLA,Big Ten,14.8,36.8,22.8,0.8,0.871,9.1,9.0,5.0,14.0,6.0,4.0,8.652934706398876,,247.77,18.0,23.0,7.0,1.0,0.30434782608695654,,,,,,,,,,,,,Jim Mora,35.07692307692308,25.923076923076923,9.153846153846153,13.0,5.0,3.0,0.6
2013,UCLA,Big Ten,20.0,39.0,20.4,1.4,0.839,9.0,10.0,3.0,13.0,6.0,3.0,7.379950570772118,,276.33,7.0,26.0,19.0,1.0,0.7307692307692307,,,,,,,,,,,,,Jim Mora,36.5,24.083333333333332,12.416666666666666,12.0,3.0,2.0,0.6666666666666666
2014,UCLA,Big Ten,17.7,39.9,23.0,0.8,0.853,9.3,10.0,3.0,13.0,6.0,3.0,8.829780518043032,,239.74,18.0,14.0,9.0,0.0,0.6428571428571429,0.912,0.998,1.096,0.819,0.882,0.997,,,,,,,Jim Mora,32.916666666666664,27.5,5.416666666666667,12.0,5.0,4.0,0.8
2015,UCLA,Big Ten,18.6,42.4,22.6,-1.2,0.873,9.3,8.0,5.0,13.0,5.0,4.0,7.887393760755797,793.22,269.68,12.0,15.0,13.0,3.0,0.8666666666666667,0.534,0.318,0.532,0.66,0.516,0.12,,,,,,,Jim Mora,32.5,25.083333333333332,7.416666666666667,12.0,3.0,2.0,0.6666666666666666
2016,UCLA,Big Ten,9.1,27.5,17.3,-1.1,0.886,6.3,4.0,8.0,12.0,2.0,7.0,6.536088459568696,819.16,259.06,13.0,30.0,11.0,1.0,0.36666666666666664,0.543,0.977,0.456,0.301,0.616,0.958,,,,,,,Jim Mora,24.916666666666668,27.5,-2.5833333333333335,12.0,5.0,1.0,0.2
2017,UCLA,Big Ten,4.9,39.3,34.5,0.1,0.867,6.6,6.0,7.0,13.0,4.0,5.0,6.4100902333173755,830.58,229.13,20.0,19.0,7.0,2.0,0.3684210526315789,0.668,0.676,2.135,0.695,0.67,0.48,,,,,,,Jedd Fisch,33.75,36.75,-3.0,12.0,6.0,4.0,0.6666666666666666
2018,UCLA,Big Ten,-0.4,30.7,32.4,1.3,0.844,3.3,3.0,9.0,12.0,3.0,6.0,3.9579266552191115,754.31,237.77,19.0,28.0,9.0,0.0,0.32142857142857145,0.338,0.177,0.497,0.414,0.422,0.152,,,,,,,Chip Kelly,24.583333333333332,34.083333333333336,-9.5,12.0,5.0,2.0,0.4
2019,UCLA,Big Ten,-3.9,28.4,32.5,0.2,,,4.0,8.0,12.0,4.0,5.0,3.5518979049516166,741.4,199.61,40.0,31.0,3.0,0.0,0.0967741935483871,0.551,0.372,0.808,0.539,0.65,0.44,,,,,,,Chip Kelly,26.666666666666668,34.75,-8.083333333333334,12.0,2.0,1.0,0.5
2020,UCLA,Big Ten,-1.1,30.6,31.7,,,,3.0,4.0,7.0,3.0,4.0,5.327622715243754,660.71,208.42,32.0,24.0,5.0,0.0,0.20833333333333334,0.736,0.88,0.457,0.744,0.753,0.993,,,,,,,Chip Kelly,35.42857142857143,30.714285714285715,4.714285714285714,7.0,5.0,1.0,0.2
2021,UCLA,Big Ten,9.4,37.7,27.8,,,,8.0,4.0,12.0,6.0,3.0,8.845181960544295,746.02,206.5,29.0,18.0,4.0,0.0,0.2222222222222222,0.853,1.0,0.678,0.837,0.757,1.0,8.0,8.0,0.0,6.800000000000001,5.01,1.790000000000001,Chip Kelly,36.5,26.75,9.75,12.0,3.0,1.0,0.3333333333333333
2022,UCLA,Big Ten,15.0,45.7,30.1,-0.7,,,9.0,4.0,13.0,6.0,3.0,9.786850718124283,733.3,175.37,61.0,13.0,6.0,0.0,0.46153846153846156,0.615,1.0,0.806,0.253,0.751,1.0,13.0,21.0,-8.0,11.21,15.739999999999997,-4.529999999999996,Chip Kelly,39.583333333333336,28.333333333333332,11.25,12.0,4.0,2.0,0.5
2023,UCLA,Big Ten,9.7,29.6,18.4,-1.5,,,8.0,5.0,13.0,4.0,5.0,8.61597362323131,752.6,206.15,37.0,17.0,3.0,1.0,0.17647058823529413,0.281,0.129,0.161,0.468,0.277,0.1,14.0,7.0,7.0,12.430000000000003,4.64,7.790000000000004,Chip Kelly,25.75,18.083333333333332,7.666666666666667,12.0,1.0,0.0,0.0
2024,UCLA,Big Ten,-1.3,21.3,23.3,0.7,,,5.0,7.0,12.0,3.0,6.0,5.220820764547191,758.87,157.07,90.0,11.0,2.0,0.0,0.18181818181818182,0.617,0.51,0.656,0.646,0.472,0.368,21.0,20.0,1.0,13.830000000000002,15.79,-1.9599999999999973,Deshaun Foster,18.416666666666668,25.25,-6.833333333333333,12.0,7.0,5.0,0.7142857142857143
2025,UCLA,Big Ten,-8.7,21.7,30.4,0.1,,,3.0,9.0,12.0,3.0,6.0,3.232189977541566,766.62,202.28,46.0,22.0,2.0,0.0,0.09090909090909091,0.219,0.0,-0.339,0.357,0.213,0.0,30.0,35.0,-5.0,24.980000000000004,21.759999999999994,3.2200000000000095,Deshaun Foster,18.166666666666668,33.416666666666664,-15.25,12.0,5.0,2.0,0.4
2026,UCLA,Big Ten,5.4,29.1,23.7,0.0,,,0.0,0.0,0.0,0.0,0.0,0.0,774.45,196.57,62.0,18.0,2.0,0.0,0.1111111111111111,0.57,0.547,0.861,0.338,0.635,0.907,43.0,29.0,14.0,34.12,21.640000000000008,12.47999999999999,Bob Chesney,,,,,,,
2004,UConn,FBS Independents,-0.4,30.5,31.7,,,,8.0,4.0,12.0,3.0,3.0,,,87.28,83.0,25.0,0.0,0.0,0.0,,,,,,,,,,,,,Randy Edsall,29.454545454545453,22.727272727272727,6.7272727272727275,11.0,2.0,2.0,1.0
2005,UConn,FBS Independents,1.4,18.8,17.4,,0.934,5.1,5.0,6.0,11.0,2.0,5.0,,,114.29,69.0,15.0,0.0,0.0,0.0,,,,,,,,,,,,,Randy Edsall,24.727272727272727,19.181818181818183,5.545454545454546,11.0,2.0,1.0,0.5
2006,UConn,FBS Independents,-2.9,20.8,22.2,-1.5,0.852,4.9,4.0,8.0,12.0,1.0,6.0,,,91.46,93.0,19.0,0.0,0.0,0.0,,,,,,,,,,,,,Randy Edsall,21.416666666666668,27.0,-5.583333333333333,12.0,4.0,2.0,0.5
2007,UConn,FBS Independents,8.5,26.9,18.3,-0.1,0.882,7.2,9.0,4.0,13.0,5.0,2.0,,,152.51,60.0,24.0,0.0,0.0,0.0,,,,,,,,,,,,,Randy Edsall,27.833333333333332,18.583333333333332,9.25,12.0,4.0,3.0,0.75
2008,UConn,FBS Independents,4.9,22.3,18.3,0.8,0.963,7.7,8.0,5.0,13.0,3.0,4.0,,,124.74,81.0,18.0,0.0,0.0,0.0,,,,,,,,,,,,,Randy Edsall,23.833333333333332,19.75,4.083333333333333,12.0,5.0,3.0,0.6
2009,UConn,FBS Independents,5.4,30.3,24.8,-0.1,0.894,7.4,8.0,5.0,13.0,3.0,4.0,,,142.56,81.0,19.0,1.0,0.0,0.05263157894736842,,,,,,,,,,,,,Randy Edsall,32.083333333333336,25.0,7.083333333333333,12.0,8.0,3.0,0.375
2010,UConn,FBS Independents,-3.6,17.9,22.4,0.9,0.901,4.5,8.0,5.0,13.0,5.0,2.0,6.565975054619199,,151.1,84.0,21.0,0.0,0.0,0.0,,,,,,,,,,,,,Randy Edsall,26.916666666666668,19.833333333333332,7.083333333333333,12.0,4.0,3.0,0.75
2011,UConn,FBS Independents,-1.0,19.7,21.7,1.1,0.924,4.4,5.0,7.0,12.0,3.0,4.0,5.272468671902353,,117.6,79.0,16.0,0.0,0.0,0.0,,,,,,,,,,,,,Paul Pasqualoni,24.25,24.333333333333332,-0.08333333333333333,12.0,5.0,2.0,0.4
2012,UConn,FBS Independents,-0.7,14.5,15.5,0.3,0.952,5.9,5.0,7.0,12.0,2.0,5.0,5.438037207346144,,143.96,72.0,19.0,0.0,0.0,0.0,,,,,,,,,,,,,Paul Pasqualoni,17.75,19.833333333333332,-2.0833333333333335,12.0,8.0,4.0,0.5
2013,UConn,FBS Independents,-13.2,15.9,26.8,-2.3,0.93,3.5,3.0,9.0,12.0,3.0,5.0,4.746905649777895,,160.61,62.0,23.0,0.0,0.0,0.0,,,,,,,,,,,,,Paul Pasqualoni,20.583333333333332,30.25,-9.666666666666666,12.0,3.0,1.0,0.3333333333333333
2014,UConn,FBS Independents,-14.1,14.6,27.7,-0.9,0.945,2.7,2.0,10.0,12.0,1.0,7.0,2.2254844835503,,98.31,110.0,14.0,0.0,0.0,0.0,0.941,1.0,0.367,0.857,0.76,1.0,,,,,,,Bob Diaco,15.5,29.833333333333332,-14.333333333333334,12.0,3.0,1.0,0.3333333333333333
2015,UConn,FBS Independents,-6.3,18.1,23.9,-0.5,0.933,6.4,6.0,7.0,13.0,4.0,4.0,6.956112040295844,402.23,120.89,99.0,23.0,0.0,0.0,0.0,0.271,0.083,14.692,0.473,0.443,0.188,,,,,,,Bob Diaco,17.75,19.75,-2.0,12.0,5.0,4.0,0.8
2016,UConn,FBS Independents,-11.6,19.8,30.9,-0.5,0.94,2.8,3.0,9.0,12.0,1.0,7.0,3.0371084038494716,423.56,126.83,99.0,18.0,0.0,0.0,0.0,0.977,0.992,2.492,0.916,0.887,0.835,,,,,,,Bob Diaco,14.833333333333334,28.083333333333332,-13.25,12.0,4.0,2.0,0.5
2017,UConn,FBS Independents,-19.2,22.4,40.7,-0.9,0.928,2.4,3.0,9.0,12.0,2.0,6.0,2.4776654483396925,420.17,121.64,101.0,22.0,0.0,0.0,0.0,0.612,1.16,0.951,0.461,0.73,0.95,,,,,,,Randy Edsall,23.583333333333332,37.916666666666664,-14.333333333333334,12.0,5.0,3.0,0.6
2018,UConn,FBS Independents,-26.4,24.7,51.9,0.9,0.932,0.4,1.0,11.0,12.0,0.0,8.0,1.1352889313495487,389.2,125.87,102.0,25.0,0.0,0.0,0.0,0.527,-0.009,0.429,0.753,0.547,0.374,,,,,,,Randy Edsall,22.166666666666668,50.416666666666664,-28.25,12.0,2.0,1.0,0.5
2019,UConn,FBS Independents,-24.4,16.2,39.7,-1.0,,,2.0,10.0,12.0,0.0,8.0,2.705242177494252,412.55,127.68,117.0,15.0,0.0,0.0,0.0,0.027,-0.002,-0.139,0.13,0.309,0.011,,,,,,,Randy Edsall,18.916666666666668,40.5,-21.583333333333332,12.0,3.0,1.0,0.3333333333333333
2020,UConn,FBS Independents,-22.3,17.7,40.0,,,,,,,,,,347.5,134.27,118.0,25.0,0.0,0.0,0.0,0.79,1.764,0.876,0.693,0.715,0.778,,,,,,,Randy Edsall,,,,,,,
2021,UConn,FBS Independents,-25.6,12.7,36.8,,,,1.0,11.0,12.0,0.0,0.0,1.5147757861377784,331.9,125.11,115.0,15.0,0.0,0.0,0.0,,,,,,,2.0,7.0,-5.0,1.2,3.1999999999999997,-1.9999999999999998,Randy Edsall,15.583333333333334,38.5,-22.916666666666668,12.0,3.0,1.0,0.3333333333333333
2022,UConn,FBS Independents,-14.6,14.2,27.9,-0.9,,,6.0,7.0,13.0,0.0,0.0,6.266431161912275,239.17,112.35,113.0,15.0,0.0,0.0,0.0,0.606,2.143,0.457,0.602,0.446,0.247,9.0,20.0,-11.0,6.269999999999999,12.250000000000002,-5.980000000000003,Jim Mora,19.833333333333332,26.083333333333332,-6.25,12.0,3.0,2.0,0.6666666666666666
2023,UConn,FBS Independents,-15.6,17.0,31.0,-1.6,,,3.0,9.0,12.0,1.0,0.0,3.616995477203681,484.94,80.21,124.0,15.0,0.0,0.0,0.0,0.629,0.606,0.68,0.597,0.753,0.993,12.0,10.0,2.0,6.799999999999999,6.12,0.6799999999999988,Jim Mora,19.083333333333332,29.833333333333332,-10.75,12.0,5.0,1.0,0.2
2024,UConn,FBS Independents,1.5,26.9,25.7,0.3,,,9.0,4.0,13.0,1.0,0.0,9.164834146277462,537.91,133.58,118.0,13.0,0.0,0.0,0.0,0.291,0.01,1.072,0.32,0.397,0.109,24.0,20.0,4.0,18.360000000000003,13.459999999999999,4.900000000000004,Jim Mora,32.333333333333336,23.833333333333332,8.5,12.0,6.0,3.0,0.5
2025,UConn,FBS Independents,5.1,32.0,28.5,1.6,,,9.0,4.0,13.0,0.0,0.0,9.19361563026905,568.12,127.8,114.0,14.0,0.0,0.0,0.0,0.68,0.963,0.492,0.646,0.757,0.985,23.0,22.0,1.0,17.399999999999995,12.38,5.019999999999994,Jim Mora,36.916666666666664,25.833333333333332,11.083333333333334,12.0,7.0,4.0,0.5714285714285714
2026,UConn,FBS Independents,-11.9,19.9,32.4,0.6,,,0.0,0.0,0.0,0.0,0.0,0.0,652.56,172.49,110.0,18.0,0.0,0.0,0.0,0.023,0.032,-0.001,0.024,0.027,0.009,53.0,45.0,8.0,37.90000000000003,28.650000000000002,9.250000000000025,Jason Candle,,,,,,,
2004,UL Monroe,Sun Belt,-17.2,20.2,35.7,,,,5.0,6.0,11.0,3.0,3.0,,,76.25,100.0,21.0,0.0,0.0,0.0,,,,,,,,,,,,,Charlie Weatherbie,19.181818181818183,27.545454545454547,-8.363636363636363,11.0,5.0,4.0,0.8
2005,UL Monroe,Sun Belt,-22.6,17.3,40.0,,0.959,4.8,5.0,6.0,11.0,5.0,2.0,,,55.67,107.0,29.0,0.0,0.0,0.0,,,,,,,,,,,,,Charlie Weatherbie,21.727272727272727,30.818181818181817,-9.090909090909092,11.0,6.0,4.0,0.6666666666666666
2006,UL Monroe,Sun Belt,-15.0,17.4,32.5,0.2,0.944,5.8,4.0,8.0,12.0,3.0,4.0,,,69.77,104.0,18.0,0.0,0.0,0.0,,,,,,,,,,,,,Charlie Weatherbie,21.833333333333332,22.25,-0.4166666666666667,12.0,5.0,0.0,0.0
2007,UL Monroe,Sun Belt,-21.0,16.3,36.2,-1.1,0.953,4.6,6.0,6.0,12.0,4.0,3.0,,,69.54,110.0,24.0,0.0,0.0,0.0,,,,,,,,,,,,,Charlie Weatherbie,23.5,27.666666666666668,-4.166666666666667,12.0,4.0,3.0,0.75
2008,UL Monroe,Sun Belt,-26.7,16.6,41.1,-2.2,0.974,2.9,4.0,8.0,12.0,3.0,4.0,,,116.95,90.0,13.0,0.0,0.0,0.0,,,,,,,,,,,,,Charlie Weatherbie,23.666666666666668,31.166666666666668,-7.5,12.0,5.0,2.0,0.4
2009,UL Monroe,Sun Belt,-15.6,19.6,33.3,-1.9,0.935,5.8,6.0,6.0,12.0,5.0,3.0,,,116.77,101.0,24.0,0.0,0.0,0.0,,,,,,,,,,,,,Charlie Weatherbie,25.583333333333332,27.333333333333332,-1.75,12.0,4.0,3.0,0.75
2010,UL Monroe,Sun Belt,-24.1,13.2,36.4,-0.9,0.893,4.4,5.0,7.0,12.0,4.0,4.0,4.7973272715838755,,85.12,116.0,16.0,0.0,0.0,0.0,,,,,,,,,,,,,Todd Berry,20.833333333333332,32.416666666666664,-11.583333333333334,12.0,5.0,3.0,0.6
2011,UL Monroe,Sun Belt,-15.7,17.4,30.2,-2.9,0.937,5.6,4.0,8.0,12.0,3.0,5.0,7.2660904606201635,,57.72,106.0,20.0,0.0,0.0,0.0,,,,,,,,,,,,,Todd Berry,24.583333333333332,25.416666666666668,-0.8333333333333334,12.0,3.0,0.0,0.0
2012,UL Monroe,Sun Belt,-12.0,26.6,37.1,-1.5,0.963,5.6,8.0,5.0,13.0,6.0,2.0,4.975316723318474,,89.23,116.0,20.0,0.0,0.0,0.0,,,,,,,,,,,,,Todd Berry,35.5,27.833333333333332,7.666666666666667,12.0,5.0,3.0,0.6
2013,UL Monroe,Sun Belt,-26.2,13.4,38.1,-1.5,0.952,3.5,6.0,6.0,12.0,4.0,3.0,5.002610550441386,,77.32,126.0,15.0,0.0,0.0,0.0,,,,,,,,,,,,,Todd Berry,22.25,30.166666666666668,-7.916666666666667,12.0,3.0,3.0,1.0
2014,UL Monroe,Sun Belt,-10.0,18.4,28.8,0.4,0.929,4.4,4.0,8.0,12.0,3.0,5.0,3.9230966762765624,,84.48,126.0,21.0,0.0,0.0,0.0,0.584,0.208,-4.125,0.688,0.42,0.268,,,,,,,Todd Berry,20.083333333333332,26.25,-6.166666666666667,12.0,8.0,3.0,0.375
2015,UL Monroe,Sun Belt,-14.7,18.4,32.9,-0.2,0.914,2.8,2.0,11.0,13.0,1.0,7.0,1.8074151684021884,292.73,116.67,108.0,22.0,0.0,0.0,0.0,0.442,0.067,1.396,0.636,0.297,0.044,,,,,,,Todd Berry,21.0,36.53846153846154,-15.538461538461538,13.0,3.0,1.0,0.3333333333333333
2016,UL Monroe,Sun Belt,-21.3,20.4,41.5,-0.2,0.923,3.8,4.0,8.0,12.0,3.0,5.0,4.077469484898824,322.82,99.51,124.0,16.0,0.0,0.0,0.0,0.916,1.135,-0.607,0.706,0.658,0.721,,,,,,,Matt Viator,23.333333333333332,39.083333333333336,-15.75,12.0,4.0,2.0,0.5
2017,UL Monroe,Sun Belt,-12.9,32.3,45.5,0.3,0.91,4.5,4.0,8.0,12.0,4.0,4.0,3.553030125983889,303.96,121.55,102.0,19.0,0.0,0.0,0.0,0.727,1.0,1.041,0.46,0.905,1.0,,,,,,,Matt Viator,33.916666666666664,41.0,-7.083333333333333,12.0,2.0,2.0,1.0
2018,UL Monroe,Sun Belt,-10.9,26.5,35.4,-2.0,0.946,5.4,6.0,6.0,12.0,4.0,4.0,5.929449469684438,326.66,116.57,118.0,19.0,0.0,0.0,0.0,0.806,0.741,0.842,0.841,0.81,0.847,,,,,,,Matt Viator,26.583333333333332,31.75,-5.166666666666667,12.0,4.0,3.0,0.75
2019,UL Monroe,Sun Belt,-10.7,31.5,40.8,-1.4,,,5.0,7.0,12.0,4.0,4.0,5.660969612037116,346.03,119.38,128.0,15.0,0.0,0.0,0.0,0.638,1.0,0.775,0.399,0.692,1.0,,,,,,,Matt Viator,31.583333333333332,38.666666666666664,-7.083333333333333,12.0,4.0,1.0,0.25
2020,UL Monroe,Sun Belt,-18.4,21.6,39.6,,,,0.0,10.0,10.0,0.0,7.0,0.06259262151741415,286.74,132.3,120.0,19.0,0.0,0.0,0.0,0.37,-0.171,0.301,0.689,0.396,0.052,,,,,,,Matt Viator,16.3,42.0,-25.7,10.0,1.0,0.0,0.0
2021,UL Monroe,Sun Belt,-20.3,15.6,35.1,,,,4.0,8.0,12.0,2.0,6.0,3.6365314167850586,312.31,127.64,113.0,15.0,0.0,0.0,0.0,0.913,1.035,-1.053,0.749,0.778,0.998,15.0,21.0,-6.0,7.049999999999999,11.43,-4.380000000000001,Terry Bowden,20.916666666666668,33.5,-12.583333333333334,12.0,4.0,2.0,0.5
2022,UL Monroe,Sun Belt,-15.7,23.2,39.0,0.2,,,4.0,8.0,12.0,3.0,5.0,2.932622848605087,348.53,49.36,134.0,3.0,0.0,0.0,0.0,0.822,0.785,0.887,0.838,0.737,0.582,7.0,19.0,-12.0,3.99,13.12,-9.129999999999999,Terry Bowden,22.333333333333332,34.416666666666664,-12.083333333333334,12.0,5.0,3.0,0.6
2023,UL Monroe,Sun Belt,-21.6,17.6,37.5,-1.7,,,2.0,10.0,12.0,0.0,8.0,1.3038651471992004,336.22,73.66,126.0,11.0,0.0,0.0,0.0,0.311,0.085,-0.155,0.485,0.123,0.003,7.0,21.0,-14.0,4.26,11.659999999999998,-7.399999999999999,Terry Bowden,17.333333333333332,34.916666666666664,-17.583333333333332,12.0,3.0,1.0,0.3333333333333333
2024,UL Monroe,Sun Belt,-16.7,16.9,32.5,-1.0,,,5.0,7.0,12.0,3.0,5.0,5.1850684390796005,329.43,138.75,114.0,11.0,0.0,0.0,0.0,0.166,-0.417,0.811,0.057,0.239,0.089,16.0,25.0,-9.0,12.260000000000002,15.100000000000001,-2.84,Bryant Vincent,21.0,28.75,-7.75,12.0,4.0,2.0,0.5
2025,UL Monroe,Sun Belt,-21.6,16.1,35.7,-2.1,,,3.0,9.0,12.0,1.0,7.0,4.232328414916992,473.34,127.14,115.0,5.0,0.0,0.0,0.0,0.594,0.922,0.437,0.593,0.393,0.779,14.0,22.0,-8.0,11.4,11.29,0.11000000000000121,Bryant Vincent,16.583333333333332,31.916666666666668,-15.333333333333334,12.0,2.0,1.0,0.5
2026,UL Monroe,Sun Belt,-28.9,11.9,40.1,-0.7,,,0.0,0.0,0.0,0.0,0.0,0.0,505.49,160.28,127.0,5.0,0.0,0.0,0.0,0.387,0.782,0.157,0.259,0.458,0.965,20.0,17.0,3.0,16.740000000000002,10.57,6.170000000000002,Bryant Vincent,,,,,,,
2004,UNLV,Mountain West,-14.3,26.7,37.7,,,,2.0,9.0,11.0,1.0,7.0,,,86.81,84.0,14.0,0.0,0.0,0.0,,,,,,,,,,,,,John Robinson,20.818181818181817,32.45454545454545,-11.636363636363637,11.0,2.0,1.0,0.5
2005,UNLV,Mountain West,-15.3,19.8,35.1,,0.964,3.3,2.0,9.0,11.0,1.0,7.0,,,104.85,76.0,22.0,0.0,0.0,0.0,,,,,,,,,,,,,Mike Sanford Sr.,18.818181818181817,34.63636363636363,-15.818181818181818,11.0,5.0,2.0,0.4
2006,UNLV,Mountain West,-14.5,17.1,30.1,-1.5,0.902,3.1,2.0,10.0,12.0,1.0,7.0,,,88.98,97.0,19.0,1.0,0.0,0.05263157894736842,,,,,,,,,,,,,Mike Sanford Sr.,19.833333333333332,31.833333333333332,-12.0,12.0,3.0,1.0,0.3333333333333333
2007,UNLV,Mountain West,-13.5,18.6,32.6,0.6,0.922,3.0,2.0,10.0,12.0,1.0,8.0,,,107.99,90.0,15.0,0.0,0.0,0.0,,,,,,,,,,,,,Mike Sanford Sr.,18.166666666666668,28.583333333333332,-10.416666666666666,12.0,4.0,1.0,0.25
2008,UNLV,Mountain West,-12.4,24.1,36.5,0.0,0.948,3.3,5.0,7.0,12.0,3.0,6.0,,,104.57,100.0,20.0,0.0,0.0,0.0,,,,,,,,,,,,,Mike Sanford Sr.,25.583333333333332,32.583333333333336,-7.0,12.0,5.0,3.0,0.6
2009,UNLV,Mountain West,-11.5,25.4,36.1,-0.8,0.905,4.8,5.0,7.0,12.0,3.0,6.0,,,132.75,84.0,13.0,0.0,0.0,0.0,,,,,,,,,,,,,Mike Sanford Sr.,24.833333333333332,32.416666666666664,-7.583333333333333,12.0,4.0,2.0,0.5
2010,UNLV,Mountain West,-24.0,18.1,40.8,-1.3,0.86,2.0,2.0,11.0,13.0,2.0,7.0,3.287436759972914,,136.45,103.0,18.0,0.0,0.0,0.0,,,,,,,,,,,,,Bobby Hauck,18.384615384615383,39.69230769230769,-21.307692307692307,13.0,0.0,0.0,
2011,UNLV,Mountain West,-24.1,14.3,37.9,-0.5,0.906,1.9,2.0,10.0,12.0,1.0,6.0,2.148146159964923,,53.88,110.0,15.0,0.0,0.0,0.0,,,,,,,,,,,,,Bobby Hauck,17.25,40.416666666666664,-23.166666666666668,12.0,2.0,1.0,0.5
2012,UNLV,Mountain West,-16.7,19.0,35.4,-0.3,0.961,3.1,2.0,11.0,13.0,2.0,6.0,4.939521546248336,,106.3,101.0,15.0,0.0,0.0,0.0,,,,,,,,,,,,,Bobby Hauck,22.0,32.61538461538461,-10.615384615384615,13.0,5.0,1.0,0.2
2013,UNLV,Mountain West,-10.1,26.8,34.2,-2.7,0.966,6.3,7.0,6.0,13.0,5.0,3.0,5.478450264488122,,117.06,98.0,14.0,0.0,0.0,0.0,,,,,,,,,,,,,Bobby Hauck,31.25,31.5,-0.25,12.0,3.0,2.0,0.6666666666666666
2014,UNLV,Mountain West,-17.6,22.0,39.1,-0.4,0.958,2.6,2.0,11.0,13.0,1.0,7.0,1.429424004879869,,91.15,117.0,11.0,0.0,0.0,0.0,0.646,-0.109,0.209,0.881,0.331,0.156,,,,,,,Bobby Hauck,21.923076923076923,38.46153846153846,-16.53846153846154,13.0,4.0,2.0,0.5
2015,UNLV,Mountain West,-16.2,24.2,39.9,-0.5,0.913,3.3,3.0,9.0,12.0,2.0,6.0,3.463923658371315,332.69,119.46,106.0,16.0,0.0,0.0,0.0,0.744,1.875,0.717,0.557,0.677,0.817,,,,,,,Tony Sanchez,28.583333333333332,33.666666666666664,-5.083333333333333,12.0,4.0,1.0,0.25
2016,UNLV,Mountain West,-14.3,26.7,40.4,-0.5,0.953,4.7,4.0,8.0,12.0,3.0,5.0,4.426854109138395,376.26,142.78,81.0,18.0,0.0,0.0,0.0,0.559,-0.136,0.75,0.753,0.543,0.445,,,,,,,Tony Sanchez,31.583333333333332,36.75,-5.166666666666667,12.0,4.0,2.0,0.5
2017,UNLV,Mountain West,-14.5,26.2,39.8,-0.9,0.938,5.0,5.0,7.0,12.0,4.0,4.0,4.843278520038562,331.18,109.9,117.0,14.0,0.0,0.0,0.0,0.684,0.537,0.629,0.793,0.773,0.693,,,,,,,Tony Sanchez,28.833333333333332,31.75,-2.9166666666666665,12.0,4.0,1.0,0.25
2018,UNLV,Mountain West,-11.1,30.7,38.9,-2.9,0.934,4.1,4.0,8.0,12.0,2.0,6.0,3.694151844499515,400.76,131.08,99.0,20.0,0.0,0.0,0.0,0.784,0.455,1.032,0.698,0.773,0.66,,,,,,,Tony Sanchez,28.75,37.25,-8.5,12.0,5.0,2.0,0.4
2019,UNLV,Mountain West,-17.4,19.3,36.1,-0.6,,,4.0,8.0,12.0,2.0,6.0,4.755187510626475,462.72,139.57,100.0,14.0,0.0,0.0,0.0,0.804,1.0,0.679,0.843,0.696,1.0,,,,,,,Tony Sanchez,24.166666666666668,33.0,-8.833333333333334,12.0,3.0,2.0,0.6666666666666666
2020,UNLV,Mountain West,-19.7,22.0,41.5,,,,0.0,6.0,6.0,0.0,6.0,0.6302255119869474,447.31,160.84,77.0,25.0,0.0,0.0,0.0,0.998,1.0,1.0,1.0,1.0,1.0,,,,,,,Marcus Arroyo,17.333333333333332,38.0,-20.666666666666668,6.0,0.0,0.0,
2021,UNLV,Mountain West,-13.8,19.9,33.0,,,,2.0,10.0,12.0,2.0,6.0,3.1210708117196817,392.44,161.89,68.0,19.0,0.0,0.0,0.0,0.604,0.397,0.136,1.01,0.584,0.219,6.0,14.0,-8.0,3.3999999999999995,7.639999999999998,-4.239999999999998,Marcus Arroyo,20.75,32.833333333333336,-12.083333333333334,12.0,4.0,0.0,0.0
2022,UNLV,Mountain West,-11.9,20.8,34.1,1.3,,,5.0,7.0,12.0,3.0,5.0,5.649057691845799,368.29,121.78,102.0,6.0,0.0,0.0,0.0,0.515,0.777,0.125,0.408,0.495,0.774,8.0,18.0,-10.0,5.140000000000001,11.439999999999998,-6.299999999999997,Marcus Arroyo,26.333333333333332,28.5,-2.1666666666666665,12.0,5.0,1.0,0.2
2023,UNLV,Mountain West,1.4,32.1,32.7,1.9,,,9.0,5.0,14.0,6.0,3.0,8.35712683027659,354.46,55.31,136.0,15.0,0.0,0.0,0.0,0.624,1.059,0.529,0.408,0.621,0.925,9.0,18.0,-9.0,5.0,12.179999999999998,-7.179999999999998,Barry Odom,34.30769230769231,27.0,7.3076923076923075,13.0,5.0,3.0,0.6
2024,UNLV,Mountain West,9.3,32.6,24.6,1.3,,,11.0,3.0,14.0,6.0,2.0,10.928636756589315,575.16,168.14,76.0,23.0,0.0,0.0,0.0,0.433,0.071,0.241,0.762,0.305,0.008,19.0,19.0,0.0,14.7,12.31,2.389999999999999,Barry Odom,36.23076923076923,21.923076923076923,14.307692307692308,13.0,4.0,2.0,0.5
2025,UNLV,Mountain West,4.3,33.8,29.8,0.2,,,10.0,4.0,14.0,6.0,2.0,8.993300084024668,700.54,154.36,95.0,13.0,0.0,0.0,0.0,0.152,0.14,0.222,0.104,0.195,0.021,40.0,43.0,-3.0,28.91,27.58,1.3300000000000018,Dan Mullen,35.92307692307692,28.846153846153847,7.076923076923077,13.0,6.0,5.0,0.8333333333333334
2026,UNLV,Mountain West,3.6,31.4,28.0,0.1,,,0.0,0.0,0.0,0.0,0.0,0.0,696.03,196.45,63.0,28.0,0.0,0.0,0.0,0.154,0.038,0.311,0.143,0.271,0.012,16.0,15.0,1.0,12.709999999999999,9.899999999999999,2.8100000000000005,Dan Mullen,,,,,,,
2004,USC,Big Ten,32.3,45.2,14.3,,,,13.0,0.0,13.0,11.0,0.0,,,291.67,2.0,10.0,10.0,6.0,1.0,,,,,,,,,,,,,Pete Carroll,36.75,12.5,24.25,12.0,3.0,3.0,1.0
2005,USC,Big Ten,34.7,51.6,16.9,,0.839,12.2,12.0,1.0,13.0,8.0,0.0,,,285.12,1.0,11.0,11.0,5.0,1.0,,,,,,,,,,,,,Pete Carroll,50.0,21.333333333333332,28.666666666666668,12.0,1.0,1.0,1.0
2006,USC,Big Ten,30.3,37.8,9.3,1.8,0.833,11.7,11.0,2.0,13.0,8.0,2.0,,,316.97,1.0,21.0,18.0,6.0,0.8571428571428571,,,,,,,,,,,,,Pete Carroll,30.333333333333332,14.916666666666666,15.416666666666666,12.0,5.0,3.0,0.6
2007,USC,Big Ten,32.0,39.0,7.7,0.7,0.881,11.4,11.0,2.0,13.0,8.0,2.0,,,295.06,2.0,12.0,12.0,6.0,1.0,,,,,,,,,,,,,Pete Carroll,31.25,15.916666666666666,15.333333333333334,12.0,5.0,3.0,0.6
2008,USC,Big Ten,37.0,44.4,7.2,-0.3,0.884,12.3,12.0,1.0,13.0,10.0,1.0,,,290.34,4.0,16.0,15.0,2.0,0.9375,,,,,,,,,,,,,Pete Carroll,37.5,7.75,29.75,12.0,2.0,1.0,0.5
2009,USC,Big Ten,16.6,35.2,17.4,-1.2,0.868,8.2,9.0,4.0,13.0,6.0,4.0,,,289.28,2.0,15.0,14.0,3.0,0.9333333333333333,,,,,,,,,,,,,Pete Carroll,26.666666666666668,20.416666666666668,6.25,12.0,6.0,4.0,0.6666666666666666
2010,USC,Big Ten,15.2,39.0,23.0,-0.8,0.827,6.6,8.0,5.0,13.0,6.0,4.0,6.605079313524861,,294.73,3.0,17.0,17.0,5.0,1.0,,,,,,,,,,,,,Lane Kiffin,31.0,26.692307692307693,4.3076923076923075,13.0,6.0,3.0,0.5
2011,USC,Big Ten,24.7,43.5,21.0,2.2,0.874,9.4,10.0,2.0,12.0,7.0,2.0,7.535613863992854,,286.99,3.0,20.0,16.0,1.0,0.8,,,,,,,,,,,,,Lane Kiffin,35.75,23.583333333333332,12.166666666666666,12.0,3.0,3.0,1.0
2012,USC,Big Ten,21.9,40.7,18.3,-0.5,0.867,8.2,7.0,6.0,13.0,5.0,4.0,6.774714804822463,,274.18,8.0,15.0,11.0,1.0,0.7333333333333333,,,,,,,,,,,,,Lane Kiffin,34.166666666666664,24.583333333333332,9.583333333333334,12.0,2.0,0.0,0.0
2013,USC,Big Ten,22.5,36.6,12.5,-1.6,0.882,9.5,10.0,4.0,14.0,6.0,3.0,9.80935797881064,,256.44,13.0,12.0,12.0,4.0,1.0,,,,,,,,,,,,,Clay Helton,28.53846153846154,21.307692307692307,7.230769230769231,13.0,5.0,3.0,0.6
2014,USC,Big Ten,17.1,38.8,22.5,0.8,0.888,8.1,9.0,4.0,13.0,6.0,3.0,7.902812327791825,,264.86,10.0,19.0,9.0,2.0,0.47368421052631576,0.706,0.918,-0.096,0.625,0.759,0.933,,,,,,,Steve Sarkisian,35.083333333333336,23.75,11.333333333333334,12.0,5.0,2.0,0.4
2015,USC,Big Ten,16.8,38.6,23.3,1.5,0.812,7.9,8.0,6.0,14.0,6.0,4.0,8.250669379678092,926.71,310.88,2.0,20.0,17.0,4.0,0.85,0.53,0.905,0.01,0.295,0.567,0.988,,,,,,,Clay Helton,34.92307692307692,25.923076923076923,9.0,13.0,3.0,2.0,0.6666666666666666
2016,USC,Big Ten,23.6,39.2,17.1,1.5,0.819,10.0,10.0,3.0,13.0,7.0,2.0,9.8971624800265,936.86,273.71,10.0,20.0,14.0,2.0,0.7,0.605,0.186,0.631,0.871,0.543,0.04,,,,,,,Clay Helton,32.916666666666664,22.166666666666668,10.75,12.0,2.0,1.0,0.5
2017,USC,Big Ten,17.9,38.5,20.0,-0.6,0.88,10.7,11.0,3.0,14.0,9.0,1.0,9.390902420492733,934.0,297.1,4.0,24.0,14.0,2.0,0.5833333333333334,0.681,0.928,0.728,0.489,0.67,0.787,,,,,,,Clay Helton,34.53846153846154,26.307692307692307,8.23076923076923,13.0,5.0,4.0,0.8
2018,USC,Big Ten,9.7,31.7,22.5,0.5,0.892,7.0,5.0,7.0,12.0,4.0,5.0,6.426115314695324,933.65,291.2,4.0,19.0,16.0,4.0,0.8421052631578947,0.294,0.069,0.134,0.468,0.269,0.027,,,,,,,Clay Helton,26.083333333333332,27.0,-0.9166666666666666,12.0,6.0,2.0,0.3333333333333333
2019,USC,Big Ten,13.1,39.0,26.7,0.8,,,8.0,5.0,13.0,7.0,2.0,7.752593781664762,915.56,243.51,20.0,24.0,8.0,0.0,0.3333333333333333,0.856,0.873,0.457,0.948,0.845,0.93,,,,,,,Clay Helton,33.166666666666664,27.75,5.416666666666667,12.0,5.0,3.0,0.6
2020,USC,Big Ten,12.4,38.0,25.5,,,,5.0,1.0,6.0,5.0,1.0,2.7401380152860813,853.16,181.01,55.0,15.0,3.0,0.0,0.2,0.826,0.93,1.004,0.729,0.875,0.93,,,,,,,Clay Helton,33.333333333333336,26.0,7.333333333333333,6.0,4.0,3.0,0.75
2021,USC,Big Ten,-0.6,32.3,33.4,,,,4.0,8.0,12.0,3.0,6.0,4.4283034280924625,874.5,280.72,8.0,23.0,17.0,1.0,0.7391304347826086,0.709,0.794,-8.333,0.543,0.653,0.902,9.0,9.0,0.0,7.66,7.15,0.5099999999999998,Clay Helton,28.666666666666668,31.75,-3.0833333333333335,12.0,2.0,1.0,0.5
2022,USC,Big Ten,18.9,46.6,26.3,-1.4,,,11.0,3.0,14.0,8.0,2.0,9.836385439453885,860.12,165.48,70.0,10.0,5.0,1.0,0.5,0.218,0.016,0.247,0.355,0.15,0.002,20.0,27.0,-7.0,17.500000000000004,19.73,-2.229999999999997,Lincoln Riley,41.07692307692308,27.923076923076923,13.153846153846153,13.0,4.0,3.0,0.75
2023,USC,Big Ten,9.4,43.3,32.8,-1.2,,,8.0,5.0,13.0,5.0,4.0,6.2600445580270625,896.41,280.44,8.0,27.0,13.0,3.0,0.48148148148148145,0.742,0.925,0.605,0.666,0.764,0.987,16.0,21.0,-5.0,13.81,15.51,-1.6999999999999993,Lincoln Riley,41.833333333333336,34.916666666666664,6.916666666666667,12.0,4.0,3.0,0.75
2024,USC,Big Ten,11.9,35.6,24.0,0.3,,,7.0,6.0,13.0,4.0,5.0,6.6266730506343725,863.09,253.78,17.0,25.0,13.0,0.0,0.52,0.223,0.19,0.159,0.264,0.196,0.146,16.0,29.0,-13.0,13.139999999999997,22.689999999999998,-9.55,Lincoln Riley,29.75,23.5,6.25,12.0,7.0,2.0,0.2857142857142857
2025,USC,Big Ten,16.9,38.9,21.0,-1.0,,,9.0,4.0,13.0,7.0,2.0,8.456254959106445,847.53,257.02,14.0,28.0,13.0,1.0,0.4642857142857143,0.368,0.151,0.222,0.492,0.29,0.31,15.0,28.0,-13.0,13.07,21.45,-8.379999999999999,Lincoln Riley,36.5,22.416666666666668,14.083333333333334,12.0,3.0,2.0,0.6666666666666666
2026,USC,Big Ten,17.7,38.0,19.9,-0.3,,,0.0,0.0,0.0,0.0,0.0,0.0,899.0,310.67,1.0,34.0,22.0,3.0,0.6470588235294118,0.592,0.909,0.78,0.269,0.657,0.956,9.0,22.0,-13.0,7.029999999999999,17.249999999999996,-10.219999999999997,Lincoln Riley,,,,,,,
2004,UTEP,Mountain West,9.0,42.1,35.1,,,,8.0,4.0,12.0,6.0,2.0,,,58.88,112.0,8.0,0.0,0.0,0.0,,,,,,,,,,,,,Mike Price,36.45454545454545,24.363636363636363,12.090909090909092,11.0,3.0,2.0,0.6666666666666666
2005,UTEP,Mountain West,2.4,31.1,28.7,,0.976,8.0,8.0,4.0,12.0,5.0,3.0,,,112.64,71.0,17.0,0.0,0.0,0.0,,,,,,,,,,,,,Mike Price,33.54545454545455,24.181818181818183,9.363636363636363,11.0,4.0,3.0,0.75
2006,UTEP,Mountain West,-6.2,25.9,32.0,-0.2,0.951,5.1,5.0,7.0,12.0,3.0,5.0,,,120.39,69.0,26.0,0.0,0.0,0.0,,,,,,,,,,,,,Mike Price,27.333333333333332,31.25,-3.9166666666666665,12.0,5.0,3.0,0.6
2007,UTEP,Mountain West,-7.0,32.0,40.6,1.6,0.944,3.7,4.0,8.0,12.0,2.0,6.0,,,,,,,,,,,,,,,,,,,,,Mike Price,33.583333333333336,37.083333333333336,-3.5,12.0,6.0,3.0,0.5
2008,UTEP,Mountain West,-2.7,33.8,38.8,2.3,0.934,4.2,5.0,7.0,12.0,4.0,4.0,,,,,,,,,,,,,,,,,,,,,Mike Price,32.916666666666664,37.0,-4.083333333333333,12.0,5.0,2.0,0.4
2009,UTEP,Mountain West,-5.7,31.0,36.1,-0.6,0.932,6.2,4.0,8.0,12.0,3.0,5.0,,,,,,,,,,,,,,,,,,,,,Mike Price,29.833333333333332,33.5,-3.6666666666666665,12.0,6.0,1.0,0.16666666666666666
2010,UTEP,Mountain West,-11.2,23.3,33.9,-0.5,0.948,6.2,6.0,7.0,13.0,3.0,5.0,4.818493446573776,,150.87,85.0,21.0,0.0,0.0,0.0,,,,,,,,,,,,,Mike Price,26.166666666666668,25.416666666666668,0.75,12.0,3.0,1.0,0.3333333333333333
2011,UTEP,Mountain West,-4.1,26.8,31.9,0.9,0.945,5.5,5.0,7.0,12.0,2.0,6.0,5.635530708371108,,35.04,120.0,17.0,0.0,0.0,0.0,,,,,,,,,,,,,Mike Price,26.583333333333332,30.333333333333332,-3.75,12.0,5.0,3.0,0.6
2012,UTEP,Mountain West,-16.1,21.1,36.6,-0.7,0.916,2.8,3.0,9.0,12.0,2.0,6.0,3.361680034643173,,102.75,106.0,22.0,0.0,0.0,0.0,,,,,,,,,,,,,Mike Price,21.166666666666668,29.75,-8.583333333333334,12.0,3.0,2.0,0.6666666666666666
2013,UTEP,Mountain West,-28.9,19.0,45.6,-2.3,0.966,2.1,2.0,10.0,12.0,1.0,7.0,3.6907516832617957,,88.53,121.0,15.0,0.0,0.0,0.0,,,,,,,,,,,,,Sean Kugler,21.75,39.333333333333336,-17.583333333333332,12.0,2.0,0.0,0.0
2014,UTEP,Mountain West,-12.0,23.5,35.4,0.0,0.96,5.3,7.0,6.0,13.0,5.0,3.0,5.818639410937845,,89.53,118.0,20.0,0.0,0.0,0.0,0.692,0.967,0.421,0.573,0.819,0.904,,,,,,,Sean Kugler,28.333333333333332,28.666666666666668,-0.3333333333333333,12.0,4.0,3.0,0.75
2015,UTEP,Mountain West,-19.5,18.7,37.8,-0.4,0.95,2.7,5.0,7.0,12.0,3.0,5.0,4.166792898555731,256.12,73.03,128.0,18.0,0.0,0.0,0.0,0.34,0.328,0.473,0.266,0.397,0.017,,,,,,,Sean Kugler,20.666666666666668,32.916666666666664,-12.25,12.0,4.0,3.0,0.75
2016,UTEP,Mountain West,-16.1,25.0,40.6,-0.4,0.971,4.3,4.0,8.0,12.0,2.0,6.0,3.286527046796199,290.4,99.39,125.0,23.0,0.0,0.0,0.0,0.924,0.929,2.229,0.88,0.769,0.994,,,,,,,Sean Kugler,26.333333333333332,34.916666666666664,-8.583333333333334,12.0,2.0,1.0,0.5
2017,UTEP,Mountain West,-27.4,12.8,38.7,-1.5,0.941,0.7,0.0,12.0,12.0,0.0,8.0,0.8776672696867319,264.42,85.51,133.0,13.0,0.0,0.0,0.0,0.352,0.817,0.271,0.284,0.582,0.979,,,,,,,Sean Kugler,11.75,36.75,-25.0,12.0,1.0,0.0,0.0
2018,UTEP,Mountain West,-26.6,12.1,37.1,-1.6,0.977,3.2,1.0,11.0,12.0,1.0,7.0,2.6016069669945914,345.76,105.24,129.0,19.0,0.0,0.0,0.0,0.267,0.841,0.432,0.642,0.656,0.55,,,,,,,Dana Dimel,17.666666666666668,32.75,-15.083333333333334,12.0,3.0,0.0,0.0
2019,UTEP,Mountain West,-25.6,18.0,43.5,-0.1,,,1.0,11.0,12.0,0.0,8.0,1.6579638083338204,355.31,131.98,112.0,23.0,0.0,0.0,0.0,0.278,3.875,1.079,0.223,0.68,0.785,,,,,,,Dana Dimel,19.583333333333332,35.916666666666664,-16.333333333333332,12.0,2.0,1.0,0.5
2020,UTEP,Mountain West,-18.6,17.9,36.2,,,,3.0,5.0,8.0,0.0,4.0,4.02348770091249,297.36,114.47,131.0,18.0,0.0,0.0,0.0,0.265,-0.03,-0.185,0.542,0.299,0.174,,,,,,,Dana Dimel,23.0,31.0,-8.0,8.0,3.0,1.0,0.3333333333333333
2021,UTEP,Mountain West,-4.2,23.9,28.3,,,,7.0,6.0,13.0,4.0,4.0,8.163808973824851,318.65,60.62,134.0,7.0,0.0,0.0,0.0,1.051,1.032,2.6,0.923,0.873,0.992,4.0,11.0,-7.0,0.8,4.3999999999999995,-3.5999999999999996,Dana Dimel,25.166666666666668,24.75,0.4166666666666667,12.0,4.0,2.0,0.5
2022,UTEP,Mountain West,-10.7,20.8,32.7,1.2,,,5.0,7.0,12.0,3.0,5.0,4.494274713124155,289.39,77.74,129.0,10.0,0.0,0.0,0.0,0.622,0.941,0.516,0.411,0.786,0.993,1.0,9.0,-8.0,0.79,4.55,-3.76,Dana Dimel,24.416666666666668,27.0,-2.5833333333333335,12.0,5.0,3.0,0.6
2023,UTEP,Mountain West,-16.2,16.9,32.0,-1.2,,,3.0,9.0,12.0,2.0,6.0,4.653267694648889,379.64,100.59,121.0,12.0,0.0,0.0,0.0,0.538,0.715,0.474,0.479,0.659,0.888,2.0,5.0,-3.0,1.0,2.96,-1.96,Dana Dimel,19.916666666666668,28.5,-8.583333333333334,12.0,3.0,1.0,0.3333333333333333
2024,UTEP,Mountain West,-22.7,13.7,34.2,-2.1,,,3.0,9.0,12.0,3.0,5.0,4.497080439568821,455.97,163.05,83.0,23.0,0.0,0.0,0.0,0.236,0.57,-0.404,0.139,0.3,0.596,27.0,38.0,-11.0,20.71,20.099999999999998,0.610000000000003,Scotty Walden,19.5,32.333333333333336,-12.833333333333334,12.0,4.0,1.0,0.25
2025,UTEP,Mountain West,-17.5,20.2,36.3,-1.4,,,2.0,10.0,12.0,1.0,7.0,2.7203437201678753,551.88,179.54,70.0,29.0,0.0,0.0,0.0,0.715,1.244,0.295,0.636,0.537,0.845,26.0,39.0,-13.0,16.11,19.56,-3.4499999999999993,Scotty Walden,23.333333333333332,30.416666666666668,-7.083333333333333,12.0,3.0,0.0,0.0
2026,UTEP,Mountain West,-19.3,15.2,34.1,-0.5,,,0.0,0.0,0.0,0.0,0.0,0.0,585.76,179.56,92.0,26.0,0.0,0.0,0.0,-0.011,0.181,-0.309,0.153,0.098,0.025,21.0,20.0,1.0,12.989999999999998,13.909999999999998,-0.9199999999999999,Scotty Walden,,,,,,,
2012,UTSA,American Athletic,-20.1,23.5,42.4,-1.1,0.97,4.2,8.0,4.0,12.0,3.0,3.0,5.745819233375729,,62.13,122.0,5.0,0.0,0.0,0.0,,,,,,,,,,,,,Larry Coker,31.166666666666668,28.75,2.4166666666666665,12.0,4.0,4.0,1.0
2013,UTSA,American Athletic,-6.6,25.9,30.3,-2.2,0.943,7.0,7.0,5.0,12.0,6.0,2.0,7.153249644675179,,108.72,103.0,16.0,0.0,0.0,0.0,,,,,,,,,,,,,Larry Coker,25.583333333333332,26.333333333333332,-0.75,12.0,2.0,1.0,0.5
2014,UTSA,American Athletic,-3.4,16.6,22.1,2.2,0.966,5.1,4.0,8.0,12.0,3.0,5.0,4.3978247213911965,,81.73,127.0,16.0,0.0,0.0,0.0,0.546,0.026,0.333,0.927,0.478,0.088,,,,,,,Larry Coker,17.083333333333332,25.916666666666668,-8.833333333333334,12.0,6.0,3.0,0.5
2015,UTSA,American Athletic,-17.7,19.3,36.6,-0.3,0.952,4.8,3.0,9.0,12.0,3.0,5.0,4.739891525764283,356.37,119.88,103.0,23.0,0.0,0.0,0.0,0.53,-1.967,3.825,0.549,0.423,0.536,,,,,,,Larry Coker,22.583333333333332,33.75,-11.166666666666666,12.0,5.0,1.0,0.2
2016,UTSA,American Athletic,-11.2,22.7,33.6,-0.3,0.963,5.9,6.0,7.0,13.0,5.0,3.0,6.416772188010097,397.64,120.32,103.0,10.0,0.0,0.0,0.0,0.642,0.393,1.022,0.599,0.689,0.608,,,,,,,Frank Wilson,29.916666666666668,28.333333333333332,1.5833333333333333,12.0,3.0,1.0,0.3333333333333333
2017,UTSA,American Athletic,-2.5,18.7,22.5,1.3,0.985,6.8,6.0,5.0,11.0,3.0,5.0,6.268007438058963,291.62,151.48,75.0,22.0,0.0,0.0,0.0,0.831,0.791,0.953,0.82,0.712,0.854,,,,,,,Frank Wilson,23.545454545454547,17.0,6.545454545454546,11.0,6.0,2.0,0.3333333333333333
2018,UTSA,American Athletic,-22.1,11.1,34.4,1.2,0.968,1.8,3.0,9.0,12.0,2.0,6.0,2.612241927607921,405.2,152.98,85.0,16.0,0.0,0.0,0.0,0.046,-0.184,-0.315,0.263,0.272,0.033,,,,,,,Frank Wilson,14.166666666666666,31.166666666666668,-17.0,12.0,2.0,1.0,0.5
2019,UTSA,American Athletic,-23.7,18.9,41.7,-0.9,,,4.0,8.0,12.0,3.0,5.0,3.5982764415222035,471.36,142.31,96.0,16.0,0.0,0.0,0.0,0.387,0.756,-10.0,0.382,0.627,0.681,,,,,,,Frank Wilson,20.333333333333332,33.916666666666664,-13.583333333333334,12.0,2.0,2.0,1.0
2020,UTSA,American Athletic,-9.6,23.8,33.7,,,,7.0,5.0,12.0,4.0,2.0,6.303469579314094,458.03,142.53,105.0,18.0,0.0,0.0,0.0,0.839,1.15,0.949,0.695,0.905,0.982,,,,,,,Jeff Traylor,28.636363636363637,25.181818181818183,3.4545454545454546,11.0,5.0,4.0,0.8
2021,UTSA,American Athletic,6.5,33.0,27.8,,,,12.0,2.0,14.0,8.0,1.0,9.18104077795111,508.77,154.8,78.0,14.0,0.0,0.0,0.0,0.949,1.0,0.963,0.919,0.958,1.0,9.0,6.0,3.0,4.81,3.6,1.2099999999999995,Jeff Traylor,37.84615384615385,23.615384615384617,14.23076923076923,13.0,5.0,5.0,1.0
2022,UTSA,American Athletic,7.2,39.3,32.6,0.5,,,11.0,3.0,14.0,9.0,0.0,10.364673584750493,515.76,162.04,73.0,13.0,0.0,0.0,0.0,0.84,0.995,0.445,0.87,0.69,0.923,9.0,9.0,0.0,6.59,5.22,1.37,Jeff Traylor,38.69230769230769,26.53846153846154,12.153846153846153,13.0,6.0,5.0,0.8333333333333334
2023,UTSA,American Athletic,5.4,31.3,27.3,1.4,,,9.0,4.0,13.0,7.0,1.0,9.093620246043987,574.52,187.6,59.0,14.0,0.0,0.0,0.0,0.849,1.001,0.936,0.701,0.736,0.994,8.0,13.0,-5.0,4.65,8.11,-3.459999999999999,Jeff Traylor,31.666666666666668,24.666666666666668,7.0,12.0,2.0,1.0,0.5
2024,UTSA,American Athletic,2.2,32.3,31.5,1.4,,,7.0,6.0,13.0,4.0,4.0,7.451140420531065,644.36,121.57,123.0,13.0,1.0,0.0,0.07692307692307693,0.327,0.094,0.572,0.401,0.531,0.233,15.0,12.0,3.0,12.239999999999998,7.4799999999999995,4.759999999999999,Jeff Traylor,32.25,31.333333333333332,0.9166666666666666,12.0,3.0,0.0,0.0
2025,UTSA,American Athletic,3.7,33.3,30.0,0.4,,,7.0,6.0,13.0,4.0,4.0,6.908204186707735,662.09,138.78,107.0,11.0,0.0,0.0,0.0,0.842,1.083,0.759,0.767,0.749,0.923,20.0,20.0,0.0,14.009999999999998,12.059999999999997,1.950000000000001,Jeff Traylor,33.75,29.583333333333332,4.166666666666667,12.0,4.0,1.0,0.25
2026,UTSA,American Athletic,-1.1,29.9,31.1,0.1,,,0.0,0.0,0.0,0.0,0.0,0.0,655.82,185.81,79.0,13.0,0.0,0.0,0.0,0.669,0.927,0.358,0.606,0.7,0.993,22.0,23.0,-1.0,14.719999999999997,16.499999999999996,-1.7799999999999994,Jeff Traylor,,,,,,,
2004,Utah,Big 12,23.6,49.3,29.4,,,,12.0,0.0,12.0,9.0,0.0,,,113.22,61.0,8.0,0.0,0.0,0.0,,,,,,,,,,,,,Urban Meyer,46.27272727272727,20.636363636363637,25.636363636363637,11.0,0.0,0.0,
2005,Utah,Big 12,7.2,33.6,26.4,,0.963,7.6,7.0,5.0,12.0,5.0,4.0,,,128.26,57.0,17.0,0.0,0.0,0.0,,,,,,,,,,,,,Kyle Whittingham,29.272727272727273,25.363636363636363,3.909090909090909,11.0,6.0,3.0,0.5
2006,Utah,Big 12,12.0,29.8,19.5,1.7,0.905,8.3,8.0,5.0,13.0,5.0,4.0,,,147.87,56.0,12.0,0.0,0.0,0.0,,,,,,,,,,,,,Kyle Whittingham,28.166666666666668,20.416666666666668,7.75,12.0,3.0,1.0,0.3333333333333333
2007,Utah,Big 12,11.9,26.5,16.5,1.9,0.928,8.7,9.0,4.0,13.0,6.0,4.0,,,151.35,62.0,16.0,0.0,0.0,0.0,,,,,,,,,,,,,Kyle Whittingham,25.5,15.583333333333334,9.916666666666666,12.0,2.0,1.0,0.5
2008,Utah,Big 12,18.2,31.5,15.6,2.3,0.939,10.5,13.0,0.0,13.0,10.0,0.0,,,152.27,61.0,6.0,0.0,0.0,0.0,,,,,,,,,,,,,Kyle Whittingham,37.416666666666664,17.25,20.166666666666668,12.0,5.0,5.0,1.0
2009,Utah,Big 12,15.1,30.4,17.0,1.7,0.909,9.5,10.0,3.0,13.0,7.0,3.0,,,195.36,46.0,11.0,1.0,0.0,0.09090909090909091,,,,,,,,,,,,,Kyle Whittingham,29.25,19.666666666666668,9.583333333333334,12.0,4.0,2.0,0.5
2010,Utah,Big 12,12.2,31.8,20.1,0.6,0.878,8.3,10.0,3.0,13.0,7.0,1.0,7.2805585489045885,,202.2,42.0,13.0,2.0,0.0,0.15384615384615385,,,,,,,,,,,,,Kyle Whittingham,35.583333333333336,19.833333333333332,15.75,12.0,4.0,4.0,1.0
2011,Utah,Big 12,6.4,22.8,18.3,2.0,0.915,7.0,8.0,5.0,13.0,4.0,5.0,5.403338682751044,,182.11,38.0,8.0,1.0,0.0,0.125,,,,,,,,,,,,,Kyle Whittingham,24.583333333333332,19.666666666666668,4.916666666666667,12.0,2.0,1.0,0.5
2012,Utah,Big 12,3.8,24.4,21.3,0.7,0.88,4.4,5.0,7.0,12.0,3.0,6.0,6.045737350183061,,204.91,38.0,20.0,4.0,0.0,0.2,,,,,,,,,,,,,Kyle Whittingham,26.666666666666668,25.083333333333332,1.5833333333333333,12.0,4.0,2.0,0.5
2013,Utah,Big 12,11.8,30.1,19.9,1.5,0.831,5.6,5.0,7.0,12.0,2.0,7.0,5.880342256391985,,181.27,47.0,12.0,0.0,0.0,0.0,,,,,,,,,,,,,Kyle Whittingham,29.166666666666668,28.0,1.1666666666666667,12.0,7.0,4.0,0.5714285714285714
2014,Utah,Big 12,8.8,29.1,23.0,2.7,0.867,6.3,9.0,4.0,13.0,5.0,4.0,7.010007660322786,,160.67,66.0,10.0,1.0,0.0,0.1,0.66,1.0,2.542,0.478,0.68,1.0,,,,,,,Kyle Whittingham,30.166666666666668,26.166666666666668,4.0,12.0,7.0,5.0,0.7142857142857143
2015,Utah,Big 12,11.0,28.8,19.8,2.0,0.858,7.0,10.0,3.0,13.0,6.0,3.0,9.439939995939477,574.41,183.38,45.0,6.0,0.0,0.0,0.0,0.731,0.826,1.037,0.569,0.873,0.99,,,,,,,Kyle Whittingham,30.25,21.833333333333332,8.416666666666666,12.0,4.0,3.0,0.75
2016,Utah,Big 12,10.9,32.5,23.6,2.0,0.885,7.4,9.0,4.0,13.0,5.0,4.0,6.812112746049243,580.07,200.66,37.0,25.0,1.0,0.0,0.04,0.337,0.091,-0.059,0.61,0.232,0.008,,,,,,,Kyle Whittingham,30.166666666666668,23.916666666666668,6.25,12.0,8.0,4.0,0.5
2017,Utah,Big 12,12.0,30.6,20.5,1.9,0.885,8.5,7.0,6.0,13.0,3.0,6.0,7.369766850269997,630.95,205.78,33.0,17.0,1.0,0.0,0.058823529411764705,0.553,1.0,0.357,0.429,0.673,1.0,,,,,,,Kyle Whittingham,29.5,23.916666666666668,5.583333333333333,12.0,5.0,2.0,0.4
2018,Utah,Big 12,16.8,31.9,18.1,3.0,0.887,9.2,9.0,5.0,14.0,6.0,4.0,9.243288070510184,594.6,209.95,33.0,24.0,2.0,0.0,0.08333333333333333,0.519,0.827,0.829,0.259,0.688,0.745,,,,,,,Kyle Whittingham,28.692307692307693,18.53846153846154,10.153846153846153,13.0,3.0,1.0,0.3333333333333333
2019,Utah,Big 12,19.5,36.5,17.0,-0.1,,,11.0,3.0,14.0,8.0,2.0,11.244190888810792,620.35,196.61,42.0,23.0,3.0,0.0,0.13043478260869565,0.953,0.973,0.99,0.926,0.87,0.998,,,,,,,Kyle Whittingham,34.0,13.23076923076923,20.76923076923077,13.0,2.0,1.0,0.5
2020,Utah,Big 12,11.9,36.1,24.3,,,,3.0,2.0,5.0,3.0,2.0,3.6507869942499966,649.86,212.32,29.0,23.0,4.0,0.0,0.17391304347826086,0.386,0.038,0.197,0.728,0.303,0.029,,,,,,,Kyle Whittingham,30.2,26.0,4.2,5.0,2.0,1.0,0.5
2021,Utah,Big 12,15.2,37.2,20.7,,,,10.0,4.0,14.0,9.0,1.0,10.209444819422217,707.72,203.23,33.0,18.0,4.0,0.0,0.2222222222222222,0.368,-0.056,0.065,0.69,0.268,0.043,8.0,17.0,-9.0,6.109999999999999,11.129999999999999,-5.02,Kyle Whittingham,35.46153846153846,20.615384615384617,14.846153846153847,13.0,1.0,0.0,0.0
2022,Utah,Big 12,19.2,37.3,17.3,-0.8,,,10.0,4.0,14.0,8.0,2.0,9.62514945020242,705.12,209.71,34.0,18.0,3.0,0.0,0.16666666666666666,0.848,0.874,0.971,0.757,0.825,0.789,5.0,16.0,-11.0,4.36,11.139999999999999,-6.7799999999999985,Kyle Whittingham,40.0,20.384615384615383,19.615384615384617,13.0,4.0,2.0,0.5
2023,Utah,Big 12,8.5,26.7,19.4,1.2,,,8.0,5.0,13.0,5.0,4.0,8.74529921971851,722.55,236.08,20.0,20.0,7.0,0.0,0.35,0.72,1.0,0.752,0.552,0.781,1.0,9.0,19.0,-10.0,7.6000000000000005,11.79,-4.189999999999999,Kyle Whittingham,24.5,19.75,4.75,12.0,5.0,4.0,0.8
2024,Utah,Big 12,7.7,23.6,17.2,1.3,,,5.0,7.0,12.0,2.0,7.0,6.636350929869128,745.21,184.77,59.0,16.0,2.0,0.0,0.125,0.319,0.244,0.015,0.467,0.276,0.032,11.0,24.0,-13.0,9.709999999999999,15.549999999999999,-5.84,Kyle Whittingham,23.583333333333332,20.666666666666668,2.9166666666666665,12.0,5.0,1.0,0.2
2025,Utah,Big 12,22.2,39.7,17.5,0.0,,,11.0,2.0,13.0,7.0,2.0,10.604384354315698,707.86,207.85,40.0,25.0,1.0,0.0,0.04,0.14,0.116,0.092,0.154,0.303,0.626,21.0,33.0,-12.0,16.990000000000002,26.430000000000003,-9.440000000000001,Morgan Scalley,41.083333333333336,18.666666666666668,22.416666666666668,12.0,2.0,1.0,0.5
2026,Utah,Big 12,9.8,31.9,22.1,0.0,,,0.0,0.0,0.0,0.0,0.0,0.0,695.72,226.89,27.0,16.0,3.0,1.0,0.1875,0.679,0.974,0.827,0.286,0.715,0.992,17.0,22.0,-5.0,14.369999999999997,16.589999999999996,-2.219999999999999,Morgan Scalley,,,,,,,
2004,Utah State,Pac-12,-17.8,20.0,36.3,,,,3.0,8.0,11.0,2.0,5.0,,,108.15,66.0,13.0,0.0,0.0,0.0,,,,,,,,,,,,,Mick Dennehy,16.727272727272727,30.272727272727273,-13.545454545454545,11.0,2.0,1.0,0.5
2005,Utah State,Pac-12,-23.9,12.5,36.5,,0.948,1.9,3.0,8.0,11.0,2.0,6.0,,,41.79,111.0,20.0,0.0,0.0,0.0,,,,,,,,,,,,,Brent Guy,18.90909090909091,32.72727272727273,-13.818181818181818,11.0,4.0,3.0,0.75
2006,Utah State,Pac-12,-32.1,10.6,39.7,-3.0,0.876,0.9,1.0,11.0,12.0,1.0,7.0,,,40.78,116.0,19.0,0.0,0.0,0.0,,,,,,,,,,,,,Brent Guy,10.833333333333334,38.5,-27.666666666666668,12.0,2.0,1.0,0.5
2007,Utah State,Pac-12,-27.6,13.3,40.0,-0.9,0.908,1.2,2.0,10.0,12.0,2.0,6.0,,,75.98,107.0,20.0,0.0,0.0,0.0,,,,,,,,,,,,,Brent Guy,20.583333333333332,33.833333333333336,-13.25,12.0,4.0,1.0,0.25
2008,Utah State,Pac-12,-18.9,17.3,37.2,1.0,0.937,3.4,3.0,9.0,12.0,3.0,5.0,,,76.17,111.0,14.0,0.0,0.0,0.0,,,,,,,,,,,,,Brent Guy,24.0,34.666666666666664,-10.666666666666666,12.0,2.0,0.0,0.0
2009,Utah State,Pac-12,-12.7,25.7,37.1,-1.3,0.921,5.2,4.0,8.0,12.0,3.0,5.0,,,84.41,109.0,14.0,0.0,0.0,0.0,,,,,,,,,,,,,Gary Andersen,29.083333333333332,34.0,-4.916666666666667,12.0,5.0,2.0,0.4
2010,Utah State,Pac-12,-19.2,17.1,34.4,-1.8,0.878,3.2,4.0,8.0,12.0,2.0,6.0,4.401272698012512,,127.94,105.0,19.0,0.0,0.0,0.0,,,,,,,,,,,,,Gary Andersen,22.0,33.75,-11.75,12.0,3.0,2.0,0.6666666666666666
2011,Utah State,Pac-12,-0.9,32.7,32.5,-1.1,0.969,8.4,7.0,6.0,13.0,5.0,2.0,7.457785826602856,,56.53,108.0,9.0,0.0,0.0,0.0,,,,,,,,,,,,,Gary Andersen,34.5,28.25,6.25,12.0,9.0,5.0,0.5555555555555556
2012,Utah State,Pac-12,11.0,30.4,20.5,1.1,0.957,11.9,11.0,2.0,13.0,6.0,0.0,8.11990949996527,,96.05,111.0,8.0,0.0,0.0,0.0,,,,,,,,,,,,,Gary Andersen,34.416666666666664,15.416666666666666,19.0,12.0,4.0,2.0,0.5
2013,Utah State,Pac-12,4.2,23.3,19.5,0.5,0.936,9.1,9.0,5.0,14.0,7.0,2.0,8.12890485325347,,105.41,109.0,17.0,0.0,0.0,0.0,,,,,,,,,,,,,Matt Wells,32.61538461538461,17.307692307692307,15.307692307692308,13.0,4.0,1.0,0.25
2014,Utah State,Pac-12,6.0,25.2,18.6,-0.5,0.955,10.6,10.0,4.0,14.0,6.0,2.0,9.68353153579215,,97.8,111.0,22.0,0.0,0.0,0.0,0.533,1.001,0.075,0.332,0.562,0.996,,,,,,,Matt Wells,27.384615384615383,20.76923076923077,6.615384615384615,13.0,3.0,1.0,0.3333333333333333
2015,Utah State,Pac-12,-0.1,24.1,22.9,-1.4,0.926,7.3,6.0,7.0,13.0,5.0,3.0,6.597101167974795,331.44,124.56,96.0,11.0,0.0,0.0,0.0,0.491,0.229,0.701,0.503,0.523,0.553,,,,,,,Matt Wells,29.666666666666668,27.0,2.6666666666666665,12.0,4.0,2.0,0.5
2016,Utah State,Pac-12,-4.4,24.7,27.7,-1.4,0.915,5.1,3.0,9.0,12.0,1.0,7.0,4.961289217208717,357.13,130.65,92.0,18.0,0.0,0.0,0.0,0.64,0.842,0.783,0.526,0.642,0.506,,,,,,,Matt Wells,23.916666666666668,29.333333333333332,-5.416666666666667,12.0,4.0,0.0,0.0
2017,Utah State,Pac-12,-3.3,24.4,28.0,0.3,0.927,7.0,6.0,7.0,13.0,4.0,4.0,7.35724764801169,330.2,120.0,104.0,19.0,0.0,0.0,0.0,0.656,1.0,0.758,0.423,0.744,1.0,,,,,,,Matt Wells,31.0,27.0,4.0,12.0,2.0,0.0,0.0
2018,Utah State,Pac-12,14.2,36.3,22.5,0.4,0.956,10.0,11.0,2.0,13.0,7.0,1.0,10.057639957537145,377.39,123.61,109.0,18.0,0.0,0.0,0.0,0.689,0.828,0.318,0.765,0.56,0.525,,,,,,,Frank Maile,47.166666666666664,23.0,24.166666666666668,12.0,2.0,1.0,0.5
2019,Utah State,Pac-12,-4.3,26.2,31.0,0.5,,,7.0,6.0,13.0,6.0,2.0,5.718511843323863,424.16,149.92,90.0,27.0,0.0,0.0,0.0,0.551,0.972,0.496,0.255,0.595,0.996,,,,,,,Gary Andersen,28.25,29.0,-0.75,12.0,4.0,3.0,0.75
2020,Utah State,Pac-12,-16.7,20.2,37.0,,,,1.0,5.0,6.0,1.0,5.0,1.003221491098888,400.78,134.5,117.0,19.0,0.0,0.0,0.0,0.256,0.015,0.06,0.41,0.275,0.004,,,,,,,Gary Andersen,15.5,35.166666666666664,-19.666666666666668,6.0,0.0,0.0,
2021,Utah State,Pac-12,0.1,28.4,27.9,,,,11.0,3.0,14.0,7.0,2.0,8.738782340931111,394.37,55.32,135.0,7.0,0.0,0.0,0.0,0.907,-0.064,0.472,0.861,0.51,0.401,12.0,16.0,-4.0,7.009999999999999,6.07,0.9399999999999986,Blake Anderson,33.23076923076923,25.307692307692307,7.923076923076923,13.0,4.0,4.0,1.0
2022,Utah State,Pac-12,-13.3,25.4,38.5,-0.2,,,6.0,7.0,13.0,5.0,3.0,5.616414921447496,371.37,152.31,80.0,24.0,0.0,0.0,0.0,0.526,0.824,0.507,0.306,0.698,0.908,8.0,18.0,-10.0,6.29,9.27,-2.9799999999999995,Blake Anderson,23.25,30.583333333333332,-7.333333333333333,12.0,4.0,4.0,1.0
2023,Utah State,Pac-12,-10.9,28.6,38.6,-0.9,,,6.0,7.0,13.0,4.0,4.0,6.337432901954777,435.99,133.96,100.0,13.0,0.0,0.0,0.0,0.467,0.559,0.927,0.366,0.451,0.614,7.0,21.0,-14.0,4.65,13.250000000000002,-8.600000000000001,Blake Anderson,34.083333333333336,33.833333333333336,0.25,12.0,4.0,2.0,0.5
2024,Utah State,Pac-12,-10.4,30.2,40.3,-0.3,,,4.0,8.0,12.0,3.0,4.0,5.045168449018577,543.56,125.72,121.0,8.0,0.0,0.0,0.0,0.466,0.02,0.324,0.721,0.312,0.008,20.0,26.0,-6.0,13.89,14.879999999999997,-0.9899999999999967,Blake Anderson,31.916666666666668,37.75,-5.833333333333333,12.0,3.0,1.0,0.3333333333333333
2025,Utah State,Pac-12,-3.1,29.5,31.2,-1.4,,,6.0,7.0,13.0,4.0,4.0,6.1598476730287075,503.59,159.33,87.0,28.0,0.0,0.0,0.0,0.246,0.208,0.484,0.176,0.23,0.32,24.0,38.0,-14.0,16.1,26.2,-10.099999999999998,Bronco Mendenhall,31.75,28.25,3.5,12.0,3.0,1.0,0.3333333333333333
2026,Utah State,Pac-12,-7.9,23.4,30.8,-0.5,,,0.0,0.0,0.0,0.0,0.0,0.0,543.98,177.56,97.0,20.0,0.0,0.0,0.0,0.652,0.866,0.744,0.486,0.708,0.993,29.0,19.0,10.0,22.980000000000004,11.809999999999999,11.170000000000005,Bronco Mendenhall,,,,,,,
2004,Vanderbilt,SEC,-6.2,25.9,31.9,,,,2.0,9.0,11.0,1.0,7.0,,,101.95,70.0,12.0,0.0,0.0,0.0,,,,,,,,,,,,,Bobby Johnson,19.272727272727273,26.0,-6.7272727272727275,11.0,5.0,0.0,0.0
2005,Vanderbilt,SEC,-3.8,28.6,32.4,,0.907,4.9,5.0,6.0,11.0,3.0,5.0,,,88.91,89.0,18.0,0.0,0.0,0.0,,,,,,,,,,,,,Bobby Johnson,27.181818181818183,29.181818181818183,-2.0,11.0,7.0,3.0,0.42857142857142855
2006,Vanderbilt,SEC,1.9,25.6,22.5,-1.3,0.813,6.0,4.0,8.0,12.0,1.0,7.0,,,150.75,54.0,22.0,1.0,0.0,0.045454545454545456,,,,,,,,,,,,,Bobby Johnson,22.0,23.666666666666668,-1.6666666666666667,12.0,5.0,1.0,0.2
2007,Vanderbilt,SEC,2.5,22.1,19.0,-0.5,0.826,5.5,5.0,7.0,12.0,2.0,6.0,,,128.26,75.0,11.0,0.0,0.0,0.0,,,,,,,,,,,,,Bobby Johnson,21.666666666666668,22.583333333333332,-0.9166666666666666,12.0,3.0,0.0,0.0
2008,Vanderbilt,SEC,-2.0,15.9,18.5,0.6,0.897,5.0,7.0,6.0,13.0,4.0,4.0,,,130.16,76.0,14.0,0.0,0.0,0.0,,,,,,,,,,,,,Bobby Johnson,19.416666666666668,20.083333333333332,-0.6666666666666666,12.0,6.0,4.0,0.6666666666666666
2009,Vanderbilt,SEC,-5.5,16.3,22.0,0.2,0.823,3.0,2.0,10.0,12.0,0.0,8.0,,,169.67,60.0,10.0,0.0,0.0,0.0,,,,,,,,,,,,,Bobby Johnson,16.333333333333332,23.333333333333332,-7.0,12.0,2.0,0.0,0.0
2010,Vanderbilt,SEC,-10.0,20.5,29.4,-1.1,0.833,3.2,2.0,10.0,12.0,1.0,7.0,3.9322774932988884,,188.39,51.0,18.0,1.0,0.0,0.05555555555555555,,,,,,,,,,,,,Robbie Caldwell,16.916666666666668,31.166666666666668,-14.25,12.0,1.0,0.0,0.0
2011,Vanderbilt,SEC,8.1,26.8,17.8,-0.8,0.848,7.6,6.0,7.0,13.0,2.0,6.0,6.687902388155699,,164.0,49.0,16.0,1.0,0.0,0.0625,,,,,,,,,,,,,James Franklin,26.916666666666668,20.833333333333332,6.083333333333333,12.0,5.0,1.0,0.2
2012,Vanderbilt,SEC,10.0,26.9,18.8,1.8,0.865,7.5,9.0,4.0,13.0,5.0,3.0,7.6617362620929494,,194.25,46.0,22.0,1.0,0.0,0.045454545454545456,,,,,,,,,,,,,James Franklin,29.333333333333332,18.25,11.083333333333334,12.0,4.0,3.0,0.75
2013,Vanderbilt,SEC,7.5,29.1,22.2,0.6,0.885,8.0,9.0,4.0,13.0,4.0,4.0,7.460644741248,,211.23,26.0,16.0,4.0,0.0,0.25,,,,,,,,,,,,,James Franklin,29.166666666666668,24.666666666666668,4.5,12.0,4.0,3.0,0.75
2014,Vanderbilt,SEC,-4.3,22.0,25.3,-0.9,0.828,2.7,3.0,9.0,12.0,0.0,8.0,2.4110191413789814,,183.05,46.0,17.0,2.0,0.0,0.11764705882352941,0.081,-0.013,-0.04,0.133,0.429,0.25,,,,,,,Derek Mason,17.166666666666668,33.25,-16.083333333333332,12.0,3.0,2.0,0.6666666666666666
2015,Vanderbilt,SEC,-1.6,17.8,19.3,-0.1,0.842,4.1,4.0,8.0,12.0,2.0,6.0,4.188001608481125,609.76,181.37,49.0,10.0,2.0,0.0,0.2,1.013,-129.5,1.185,0.798,0.767,0.64,,,,,,,Derek Mason,15.166666666666666,21.0,-5.833333333333333,12.0,5.0,3.0,0.6
2016,Vanderbilt,SEC,-1.2,25.3,26.3,-0.1,0.881,5.0,6.0,7.0,13.0,3.0,5.0,4.542081320078002,619.03,171.54,54.0,21.0,1.0,0.0,0.047619047619047616,0.617,-0.714,0.016,0.588,0.65,0.295,,,,,,,Derek Mason,23.5,22.583333333333332,0.9166666666666666,12.0,6.0,2.0,0.3333333333333333
2017,Vanderbilt,SEC,0.6,32.3,29.0,-2.6,0.838,5.3,5.0,7.0,12.0,1.0,7.0,5.117382094121242,607.68,167.42,65.0,19.0,0.0,0.0,0.0,0.937,0.975,0.84,0.966,0.943,0.969,,,,,,,Derek Mason,24.583333333333332,31.333333333333332,-6.75,12.0,2.0,1.0,0.5
2018,Vanderbilt,SEC,7.6,35.6,27.1,-0.9,0.812,7.1,6.0,7.0,13.0,3.0,5.0,5.614015646881196,611.99,202.04,41.0,21.0,3.0,0.0,0.14285714285714285,0.617,0.936,-2.286,0.406,0.601,0.99,,,,,,,Derek Mason,27.666666666666668,25.083333333333332,2.5833333333333335,12.0,5.0,2.0,0.4
2019,Vanderbilt,SEC,-10.4,21.8,33.6,1.4,,,3.0,9.0,12.0,1.0,7.0,2.5235418763166213,605.06,182.42,56.0,18.0,0.0,0.0,0.0,0.593,-0.002,0.864,0.865,0.476,0.016,,,,,,,Derek Mason,16.5,31.75,-15.25,12.0,2.0,2.0,1.0
2020,Vanderbilt,SEC,-16.8,17.7,34.1,,,,0.0,9.0,9.0,0.0,9.0,1.0828834317529188,607.68,182.21,52.0,17.0,1.0,0.0,0.058823529411764705,0.238,0.014,0.092,0.316,0.194,0.005,,,,,,,Todd Fitch,14.777777777777779,37.333333333333336,-22.555555555555557,9.0,3.0,0.0,0.0
2021,Vanderbilt,SEC,-19.4,17.4,35.6,,,,2.0,10.0,12.0,0.0,8.0,0.9460647691247204,609.82,184.46,49.0,23.0,1.0,0.0,0.043478260869565216,1.056,1.0,0.54,1.002,0.934,1.0,5.0,21.0,-16.0,2.84,12.479999999999999,-9.639999999999999,Clark Lea,15.75,35.833333333333336,-20.083333333333332,12.0,3.0,2.0,0.6666666666666666
2022,Vanderbilt,SEC,-4.7,29.9,33.4,-1.2,,,5.0,7.0,12.0,2.0,6.0,4.84516554793668,629.76,212.11,32.0,27.0,3.0,0.0,0.1111111111111111,0.641,0.981,1.292,0.438,0.83,0.979,6.0,20.0,-14.0,4.26,14.719999999999999,-10.459999999999999,Clark Lea,24.583333333333332,36.0,-11.416666666666666,12.0,3.0,2.0,0.6666666666666666
2023,Vanderbilt,SEC,-12.7,23.6,36.3,-0.1,,,2.0,10.0,12.0,0.0,8.0,1.3351751097476923,639.88,195.39,52.0,23.0,1.0,0.0,0.043478260869565216,0.519,0.501,-0.328,0.696,0.618,0.628,3.0,13.0,-10.0,2.1,9.120000000000001,-7.020000000000001,Clark Lea,22.833333333333332,36.166666666666664,-13.333333333333334,12.0,2.0,1.0,0.5
2024,Vanderbilt,SEC,4.9,28.2,25.4,2.0,,,7.0,6.0,13.0,3.0,5.0,7.077453743282387,695.96,207.79,40.0,20.0,2.0,0.0,0.1,0.163,0.0,-0.332,0.299,0.238,0.0,22.0,24.0,-2.0,17.889999999999997,18.779999999999998,-0.8900000000000006,Clark Lea,26.666666666666668,23.083333333333332,3.5833333333333335,12.0,7.0,3.0,0.42857142857142855
2025,Vanderbilt,SEC,20.3,39.9,21.4,1.8,,,10.0,3.0,13.0,6.0,2.0,9.082079249434173,685.42,173.04,76.0,14.0,2.0,0.0,0.14285714285714285,0.859,0.992,0.906,0.784,0.924,0.991,20.0,21.0,-1.0,15.950000000000001,14.929999999999998,1.0200000000000031,Clark Lea,39.416666666666664,21.916666666666668,17.5,12.0,4.0,3.0,0.75
2026,Vanderbilt,SEC,9.8,33.3,24.2,0.6,,,0.0,0.0,0.0,0.0,0.0,0.0,727.39,225.43,33.0,23.0,5.0,1.0,0.21739130434782608,0.354,0.087,0.501,0.501,0.326,0.061,18.0,20.0,-2.0,13.849999999999998,15.29,-1.4400000000000013,Clark Lea,,,,,,,
2004,Virginia,ACC,20.0,38.4,19.5,,,,8.0,4.0,12.0,5.0,3.0,,,160.63,37.0,8.0,1.0,0.0,0.125,,,,,,,,,,,,,Al Groh,29.90909090909091,15.909090909090908,14.0,11.0,0.0,0.0,
2005,Virginia,ACC,5.6,29.2,23.6,,0.878,5.6,7.0,5.0,12.0,3.0,5.0,,,211.72,17.0,8.0,3.0,1.0,0.375,,,,,,,,,,,,,Al Groh,26.0,22.545454545454547,3.4545454545454546,11.0,3.0,2.0,0.6666666666666666
2006,Virginia,ACC,4.6,17.0,12.3,-0.2,0.886,6.6,5.0,7.0,12.0,4.0,4.0,,,111.11,77.0,12.0,1.0,0.0,0.08333333333333333,,,,,,,,,,,,,Al Groh,15.083333333333334,17.833333333333332,-2.75,12.0,4.0,2.0,0.5
2007,Virginia,ACC,7.5,23.3,16.9,1.0,0.899,7.2,9.0,4.0,13.0,6.0,2.0,,,207.49,28.0,11.0,2.0,0.0,0.18181818181818182,,,,,,,,,,,,,Al Groh,24.083333333333332,18.75,5.333333333333333,12.0,7.0,6.0,0.8571428571428571
2008,Virginia,ACC,-0.6,19.0,18.6,-1.0,0.9,4.5,5.0,7.0,12.0,3.0,5.0,,,158.94,56.0,14.0,1.0,0.0,0.07142857142857142,,,,,,,,,,,,,Al Groh,16.083333333333332,21.666666666666668,-5.583333333333333,12.0,4.0,2.0,0.5
2009,Virginia,ACC,0.7,19.2,19.2,0.8,0.829,4.1,3.0,9.0,12.0,2.0,6.0,,,210.97,33.0,14.0,3.0,0.0,0.21428571428571427,,,,,,,,,,,,,Al Groh,19.333333333333332,26.333333333333332,-7.0,12.0,2.0,0.0,0.0
2010,Virginia,ACC,-2.1,29.8,31.9,0.0,0.862,4.9,4.0,8.0,12.0,1.0,7.0,6.06219841622359,,170.27,74.0,17.0,1.0,0.0,0.058823529411764705,,,,,,,,,,,,,Mike London,25.333333333333332,28.25,-2.9166666666666665,12.0,4.0,1.0,0.25
2011,Virginia,ACC,3.7,27.5,23.0,-0.9,0.906,6.7,8.0,5.0,13.0,5.0,3.0,6.842612116042986,,220.78,23.0,16.0,5.0,0.0,0.3125,,,,,,,,,,,,,Mike London,23.166666666666668,22.25,0.9166666666666666,12.0,6.0,5.0,0.8333333333333334
2012,Virginia,ACC,-0.3,24.8,23.7,-1.4,0.919,5.6,4.0,8.0,12.0,2.0,6.0,6.637410453029845,,223.88,25.0,21.0,5.0,0.0,0.23809523809523808,,,,,,,,,,,,,Mike London,22.75,28.916666666666668,-6.166666666666667,12.0,6.0,2.0,0.3333333333333333
2013,Virginia,ACC,-5.2,21.3,26.5,-0.1,0.845,2.1,2.0,10.0,12.0,0.0,8.0,4.980973617510285,,201.88,29.0,12.0,2.0,0.0,0.16666666666666666,,,,,,,,,,,,,Mike London,19.75,33.25,-13.5,12.0,2.0,1.0,0.5
2014,Virginia,ACC,4.0,23.5,20.4,0.8,0.851,5.6,5.0,7.0,12.0,3.0,5.0,6.909766828180539,,205.34,33.0,11.0,4.0,2.0,0.36363636363636365,0.748,1.0,0.559,0.664,0.926,1.0,,,,,,,Mike London,25.833333333333332,24.083333333333332,1.75,12.0,5.0,2.0,0.4
2015,Virginia,ACC,1.4,33.0,30.8,-0.8,0.83,4.2,4.0,8.0,12.0,3.0,5.0,4.1903113263806375,667.05,179.92,50.0,12.0,1.0,0.0,0.08333333333333333,0.5,0.417,2.609,0.489,0.376,0.376,,,,,,,Mike London,25.75,32.166666666666664,-6.416666666666667,12.0,8.0,3.0,0.375
2016,Virginia,ACC,-3.8,25.4,28.5,-0.7,0.869,4.0,2.0,10.0,12.0,1.0,7.0,2.620576910391158,618.91,164.95,63.0,23.0,0.0,0.0,0.0,0.71,0.936,0.918,0.542,0.877,0.998,,,,,,,Bronco Mendenhall,22.5,33.75,-11.25,12.0,3.0,0.0,0.0
2017,Virginia,ACC,0.8,25.0,23.3,-0.9,0.876,5.9,6.0,7.0,13.0,3.0,5.0,5.772105457857033,603.88,172.5,58.0,27.0,0.0,0.0,0.0,0.695,2.713,0.104,0.643,0.551,0.845,,,,,,,Bronco Mendenhall,23.833333333333332,26.666666666666668,-2.8333333333333335,12.0,3.0,3.0,1.0
2018,Virginia,ACC,7.1,29.7,22.0,-0.6,0.941,8.9,8.0,5.0,13.0,4.0,4.0,9.354892289867934,542.4,178.6,59.0,23.0,0.0,0.0,0.0,0.438,-0.286,0.807,0.572,0.413,0.016,,,,,,,Bronco Mendenhall,28.5,21.75,6.75,12.0,4.0,1.0,0.25
2019,Virginia,ACC,6.3,30.4,25.2,1.2,,,9.0,5.0,14.0,6.0,3.0,8.404478637990158,580.28,200.89,39.0,23.0,1.0,0.0,0.043478260869565216,0.666,0.986,0.529,0.553,0.668,0.997,,,,,,,Bronco Mendenhall,32.38461538461539,26.46153846153846,5.923076923076923,13.0,4.0,3.0,0.75
2020,Virginia,ACC,0.9,28.3,27.5,,,,5.0,5.0,10.0,4.0,5.0,4.3244143679638825,588.54,185.57,48.0,15.0,1.0,0.0,0.06666666666666667,0.265,0.031,0.177,0.401,0.234,0.041,,,,,,,Bronco Mendenhall,30.7,29.6,1.1,10.0,2.0,1.0,0.5
2021,Virginia,ACC,7.2,39.3,31.5,,,,6.0,6.0,12.0,4.0,5.0,4.554728899316727,619.61,205.33,31.0,25.0,3.0,0.0,0.12,0.892,0.973,1.0,0.801,0.942,0.997,6.0,9.0,-3.0,3.87,5.4399999999999995,-1.5699999999999994,Bronco Mendenhall,34.583333333333336,31.833333333333332,2.75,12.0,3.0,2.0,0.6666666666666666
2022,Virginia,ACC,-9.0,16.2,24.4,-0.7,,,3.0,7.0,10.0,1.0,6.0,4.070386934757569,625.94,166.85,66.0,16.0,1.0,0.0,0.0625,0.803,1.0,0.701,0.699,0.814,1.0,10.0,23.0,-13.0,7.829999999999999,17.830000000000002,-10.000000000000004,Tony Elliott,17.0,24.0,-7.0,10.0,5.0,2.0,0.4
2023,Virginia,ACC,-10.8,21.0,31.7,-0.1,,,3.0,9.0,12.0,2.0,6.0,5.28305039795405,622.7,180.69,64.0,20.0,0.0,0.0,0.0,0.211,0.111,-0.393,0.413,0.302,0.003,8.0,14.0,-6.0,6.949999999999999,10.290000000000001,-3.3400000000000016,Tony Elliott,23.25,33.75,-10.5,12.0,7.0,2.0,0.2857142857142857
2024,Virginia,ACC,-5.1,23.7,29.3,0.5,,,5.0,7.0,12.0,3.0,5.0,4.258877965863164,662.28,159.74,88.0,16.0,0.0,0.0,0.0,0.618,0.918,0.389,0.5,0.716,0.986,13.0,17.0,-4.0,10.36,9.29,1.0700000000000003,Tony Elliott,22.666666666666668,28.75,-6.083333333333333,12.0,3.0,2.0,0.6666666666666666
2025,Virginia,ACC,11.1,28.8,18.1,0.5,,,11.0,3.0,14.0,7.0,1.0,8.728374960832298,666.74,195.76,58.0,21.0,0.0,0.0,0.0,0.28,0.133,0.315,0.292,0.202,0.005,31.0,23.0,8.0,25.85,12.629999999999997,13.220000000000004,Tony Elliott,32.15384615384615,20.53846153846154,11.615384615384615,13.0,6.0,3.0,0.5
2026,Virginia,ACC,8.1,26.9,18.9,0.2,,,0.0,0.0,0.0,0.0,0.0,0.0,700.18,171.82,111.0,15.0,0.0,0.0,0.0,0.095,0.011,0.21,0.087,0.136,0.004,31.0,22.0,9.0,24.959999999999997,15.189999999999996,9.770000000000001,Tony Elliott,,,,,,,
2004,Virginia Tech,ACC,19.9,35.4,16.9,,,,10.0,3.0,13.0,7.0,2.0,,,175.27,34.0,5.0,2.0,0.0,0.4,,,,,,,,,,,,,Frank Beamer,32.25,12.583333333333334,19.666666666666668,12.0,5.0,4.0,0.8
2005,Virginia Tech,ACC,25.5,35.6,10.1,,0.883,10.1,11.0,2.0,13.0,7.0,2.0,,,209.67,20.0,7.0,3.0,0.0,0.42857142857142855,,,,,,,,,,,,,Frank Beamer,33.75,12.0,21.75,12.0,2.0,1.0,0.5
2006,Virginia Tech,ACC,21.0,23.6,4.6,2.0,0.884,9.3,10.0,3.0,13.0,6.0,2.0,,,185.47,31.0,12.0,2.0,0.0,0.16666666666666666,,,,,,,,,,,,,Frank Beamer,26.0,9.333333333333334,16.666666666666668,12.0,1.0,1.0,1.0
2007,Virginia Tech,ACC,19.3,27.5,10.4,2.2,0.857,9.8,11.0,3.0,14.0,8.0,1.0,,,208.21,26.0,13.0,1.0,1.0,0.07692307692307693,,,,,,,,,,,,,Frank Beamer,29.307692307692307,15.461538461538462,13.846153846153847,13.0,2.0,1.0,0.5
2008,Virginia Tech,ACC,8.1,20.6,13.1,0.6,0.928,6.7,10.0,4.0,14.0,6.0,3.0,,,225.32,18.0,18.0,5.0,0.0,0.2777777777777778,,,,,,,,,,,,,Frank Beamer,22.23076923076923,17.46153846153846,4.769230769230769,13.0,7.0,4.0,0.5714285714285714
2009,Virginia Tech,ACC,27.8,36.6,11.1,2.3,0.842,11.0,10.0,3.0,13.0,6.0,2.0,,,224.32,25.0,11.0,3.0,0.0,0.2727272727272727,,,,,,,,,,,,,Frank Beamer,31.416666666666668,15.75,15.666666666666666,12.0,3.0,1.0,0.3333333333333333
2010,Virginia Tech,ACC,21.2,39.6,20.0,1.6,0.851,10.8,11.0,3.0,14.0,9.0,0.0,9.392806938781465,,214.01,28.0,14.0,5.0,0.0,0.35714285714285715,,,,,,,,,,,,,Frank Beamer,35.53846153846154,19.076923076923077,16.46153846153846,13.0,3.0,1.0,0.3333333333333333
2011,Virginia Tech,ACC,15.4,33.5,17.3,-0.8,0.926,10.1,11.0,3.0,14.0,7.0,2.0,9.070770912557,,190.02,35.0,16.0,3.0,0.0,0.1875,,,,,,,,,,,,,Frank Beamer,28.53846153846154,17.23076923076923,11.307692307692308,13.0,4.0,4.0,1.0
2012,Virginia Tech,ACC,12.7,27.8,14.8,-0.2,0.889,7.4,7.0,6.0,13.0,4.0,4.0,7.076447355278737,,231.41,21.0,23.0,7.0,0.0,0.30434782608695654,,,,,,,,,,,,,Frank Beamer,26.083333333333332,23.916666666666668,2.1666666666666665,12.0,5.0,3.0,0.6
2013,Virginia Tech,ACC,14.9,26.0,9.6,-1.6,0.861,8.2,8.0,5.0,13.0,5.0,3.0,8.110066875039864,,223.82,21.0,12.0,4.0,1.0,0.3333333333333333,,,,,,,,,,,,,Frank Beamer,23.416666666666668,17.416666666666668,6.0,12.0,5.0,2.0,0.4
2014,Virginia Tech,ACC,7.8,25.7,17.2,-0.7,0.891,6.5,7.0,6.0,13.0,3.0,5.0,7.436832859209741,,217.39,28.0,22.0,3.0,0.0,0.13636363636363635,0.555,0.036,0.779,0.853,0.459,0.073,,,,,,,Frank Beamer,23.333333333333332,20.416666666666668,2.9166666666666665,12.0,7.0,2.0,0.2857142857142857
2015,Virginia Tech,ACC,11.4,30.8,19.7,0.4,0.868,7.4,7.0,6.0,13.0,4.0,4.0,6.615766118694099,658.38,212.07,29.0,8.0,3.0,0.0,0.375,0.892,0.89,1.034,0.886,0.936,0.981,,,,,,,Frank Beamer,29.0,24.166666666666668,4.833333333333333,12.0,6.0,2.0,0.3333333333333333
2016,Virginia Tech,ACC,15.2,34.5,19.6,0.4,0.858,9.5,10.0,4.0,14.0,6.0,3.0,9.26136118955677,646.82,190.06,42.0,21.0,0.0,0.0,0.0,0.754,0.547,0.996,0.802,0.675,0.443,,,,,,,Justin Fuente,35.0,22.692307692307693,12.307692307692308,13.0,4.0,3.0,0.75
2017,Virginia Tech,ACC,14.3,27.8,14.4,0.9,0.89,7.9,9.0,4.0,13.0,5.0,3.0,8.87514916540476,662.18,217.74,26.0,26.0,5.0,0.0,0.19230769230769232,0.231,0.044,-0.041,0.423,0.249,0.008,,,,,,,Justin Fuente,28.75,13.5,15.25,12.0,3.0,2.0,0.6666666666666666
2018,Virginia Tech,ACC,3.9,32.8,29.4,0.4,0.921,5.7,6.0,7.0,13.0,4.0,4.0,4.596926772916063,675.71,226.01,24.0,26.0,6.0,0.0,0.23076923076923078,0.691,0.665,1.204,0.6,0.773,0.956,,,,,,,Justin Fuente,29.75,30.666666666666668,-0.9166666666666666,12.0,2.0,2.0,1.0
2019,Virginia Tech,ACC,8.0,29.9,23.3,1.4,,,8.0,5.0,13.0,5.0,3.0,8.577563356709646,696.39,224.01,26.0,21.0,8.0,0.0,0.38095238095238093,0.746,0.848,0.843,0.651,0.707,0.86,,,,,,,Justin Fuente,30.916666666666668,23.666666666666668,7.25,12.0,5.0,3.0,0.6
2020,Virginia Tech,ACC,13.7,38.0,24.4,,,,5.0,6.0,11.0,5.0,5.0,6.803485362364006,670.7,162.89,72.0,16.0,1.0,0.0,0.0625,0.622,0.606,0.878,0.571,0.571,0.63,,,,,,,Justin Fuente,31.09090909090909,32.09090909090909,-1.0,11.0,5.0,2.0,0.4
2021,Virginia Tech,ACC,2.4,26.7,25.2,,,,6.0,7.0,13.0,4.0,5.0,6.8979371648568,663.78,189.84,45.0,30.0,1.0,0.0,0.03333333333333333,0.565,0.385,0.237,0.91,0.528,0.393,7.0,19.0,-12.0,3.69,10.809999999999999,-7.119999999999999,Justin Fuente,24.833333333333332,22.916666666666668,1.9166666666666667,12.0,5.0,2.0,0.4
2022,Virginia Tech,ACC,-9.5,13.5,22.8,-0.3,,,3.0,8.0,11.0,1.0,6.0,5.0060560099313465,640.85,208.77,36.0,24.0,3.0,0.0,0.125,0.234,0.07,0.055,0.38,0.323,0.115,5.0,17.0,-12.0,4.05,10.03,-5.9799999999999995,Brent Pry,19.272727272727273,24.727272727272727,-5.454545454545454,11.0,5.0,1.0,0.2
2023,Virginia Tech,ACC,5.8,27.5,23.3,1.7,,,7.0,6.0,13.0,5.0,3.0,7.124493280588259,638.89,205.58,39.0,29.0,2.0,0.0,0.06896551724137931,0.651,0.762,0.635,0.61,0.691,0.947,9.0,21.0,-12.0,7.950000000000001,13.0,-5.049999999999999,Brent Pry,28.583333333333332,24.25,4.333333333333333,12.0,3.0,0.0,0.0
2024,Virginia Tech,ACC,10.0,31.3,22.4,1.2,,,6.0,7.0,13.0,4.0,4.0,7.1543297462908875,695.42,202.61,45.0,15.0,4.0,0.0,0.26666666666666666,0.838,0.684,1.004,0.837,0.869,0.816,7.0,18.0,-11.0,6.080000000000001,13.0,-6.919999999999999,Brent Pry,29.666666666666668,22.75,6.916666666666667,12.0,5.0,0.0,0.0
2025,Virginia Tech,ACC,-10.1,21.4,30.8,-0.7,,,3.0,9.0,12.0,2.0,6.0,3.527654842939228,712.19,208.19,39.0,20.0,4.0,0.0,0.2,0.403,1.031,0.418,0.217,0.52,0.832,30.0,31.0,-1.0,24.89,23.23,1.6600000000000001,Philip Montgomery,21.416666666666668,30.166666666666668,-8.75,12.0,2.0,1.0,0.5
2026,Virginia Tech,ACC,8.6,30.7,21.9,-0.2,,,0.0,0.0,0.0,0.0,0.0,0.0,769.12,226.24,30.0,23.0,8.0,0.0,0.34782608695652173,0.367,0.0,0.308,0.541,0.277,0.0,28.0,27.0,1.0,23.32,17.139999999999997,6.180000000000003,James Franklin,,,,,,,
2004,Wake Forest,ACC,-0.9,26.2,27.3,,,,4.0,7.0,11.0,2.0,7.0,,,75.52,102.0,8.0,0.0,0.0,0.0,,,,,,,,,,,,,Jim Grobe,20.90909090909091,23.0,-2.090909090909091,11.0,8.0,2.0,0.25
2005,Wake Forest,ACC,-3.9,23.3,27.1,,0.885,3.1,4.0,7.0,11.0,3.0,5.0,,,119.7,65.0,10.0,0.0,0.0,0.0,,,,,,,,,,,,,Jim Grobe,24.454545454545453,28.727272727272727,-4.2727272727272725,11.0,3.0,1.0,0.3333333333333333
2006,Wake Forest,ACC,6.5,23.6,18.4,1.2,0.866,7.8,11.0,3.0,14.0,7.0,2.0,,,122.34,66.0,11.0,1.0,0.0,0.09090909090909091,,,,,,,,,,,,,Jim Grobe,22.23076923076923,14.692307692307692,7.538461538461538,13.0,5.0,5.0,1.0
2007,Wake Forest,ACC,6.4,23.9,19.0,1.6,0.914,7.8,9.0,4.0,13.0,5.0,3.0,,,133.78,69.0,18.0,0.0,0.0,0.0,,,,,,,,,,,,,Jim Grobe,28.166666666666668,23.25,4.916666666666667,12.0,5.0,3.0,0.6
2008,Wake Forest,ACC,6.4,20.3,13.6,-0.2,0.933,7.5,8.0,5.0,13.0,4.0,4.0,,,150.75,62.0,11.0,0.0,0.0,0.0,,,,,,,,,,,,,Jim Grobe,20.333333333333332,18.25,2.0833333333333335,12.0,7.0,3.0,0.42857142857142855
2009,Wake Forest,ACC,3.3,32.6,28.3,-1.0,0.888,6.4,5.0,7.0,12.0,3.0,5.0,,,167.36,62.0,13.0,0.0,0.0,0.0,,,,,,,,,,,,,Jim Grobe,26.333333333333332,26.25,0.08333333333333333,12.0,7.0,2.0,0.2857142857142857
2010,Wake Forest,ACC,-12.1,20.7,32.4,-0.4,0.851,3.4,3.0,9.0,12.0,1.0,7.0,3.650431298652188,,178.48,63.0,12.0,1.0,0.0,0.08333333333333333,,,,,,,,,,,,,Jim Grobe,22.75,35.833333333333336,-13.083333333333334,12.0,3.0,1.0,0.3333333333333333
2011,Wake Forest,ACC,-3.5,26.4,28.9,-1.0,0.904,5.5,6.0,7.0,13.0,5.0,3.0,7.362673479612844,,144.89,66.0,12.0,0.0,0.0,0.0,,,,,,,,,,,,,Jim Grobe,26.75,27.75,-1.0,12.0,6.0,3.0,0.5
2012,Wake Forest,ACC,-11.9,20.1,30.1,-1.9,0.878,4.3,5.0,7.0,12.0,3.0,5.0,3.413050938585325,,156.07,66.0,18.0,0.0,0.0,0.0,,,,,,,,,,,,,Jim Grobe,18.5,31.833333333333332,-13.333333333333334,12.0,5.0,3.0,0.6
2013,Wake Forest,ACC,-2.8,19.4,21.3,-0.9,0.868,5.4,4.0,8.0,12.0,2.0,6.0,5.227478118077426,,153.0,65.0,20.0,0.0,0.0,0.0,,,,,,,,,,,,,Jim Grobe,18.333333333333332,24.083333333333332,-5.75,12.0,4.0,0.0,0.0
2014,Wake Forest,ACC,-7.8,13.1,22.6,1.6,0.882,2.4,3.0,9.0,12.0,1.0,7.0,2.2558130245121615,,160.4,67.0,16.0,0.0,0.0,0.0,0.243,-0.025,1.01,0.388,0.251,0.063,,,,,,,Dave Clawson,14.833333333333334,26.416666666666668,-11.583333333333334,12.0,4.0,2.0,0.5
2015,Wake Forest,ACC,-4.5,19.8,25.2,0.9,0.831,3.7,3.0,9.0,12.0,1.0,7.0,4.1083191917169355,497.48,176.85,51.0,12.0,0.0,0.0,0.0,0.202,4.313,0.799,0.474,0.744,0.954,,,,,,,Dave Clawson,17.416666666666668,24.583333333333332,-7.166666666666667,12.0,5.0,2.0,0.4
2016,Wake Forest,ACC,-0.6,21.5,22.9,0.9,0.865,5.3,7.0,6.0,13.0,3.0,5.0,6.647944801096091,517.63,169.4,57.0,22.0,0.0,0.0,0.0,0.801,0.94,1.0,0.768,0.927,0.998,,,,,,,Dave Clawson,19.25,21.833333333333332,-2.5833333333333335,12.0,4.0,3.0,0.75
2017,Wake Forest,ACC,10.5,35.7,25.1,0.0,0.827,7.4,8.0,5.0,13.0,4.0,4.0,7.752497954061913,527.21,161.99,68.0,22.0,0.0,0.0,0.0,1.094,2.5,1.038,1.005,0.947,0.901,,,,,,,Dave Clawson,33.666666666666664,26.333333333333332,7.333333333333333,12.0,3.0,2.0,0.6666666666666666
2018,Wake Forest,ACC,3.6,31.2,28.1,0.5,0.89,7.4,7.0,6.0,13.0,3.0,5.0,6.619693861892753,525.48,176.31,64.0,23.0,0.0,0.0,0.0,0.355,0.084,0.394,0.549,0.481,0.128,,,,,,,Dave Clawson,32.5,33.25,-0.75,12.0,3.0,2.0,0.6666666666666666
2019,Wake Forest,ACC,2.0,29.4,28.6,1.1,,,8.0,5.0,13.0,4.0,4.0,8.400835146853492,563.24,182.26,57.0,21.0,2.0,0.0,0.09523809523809523,0.678,1.028,0.901,0.401,0.759,0.996,,,,,,,Dave Clawson,32.75,29.25,3.5,12.0,5.0,4.0,0.8
2020,Wake Forest,ACC,0.8,28.6,27.9,,,,4.0,5.0,9.0,3.0,4.0,4.703518602789562,577.3,173.82,60.0,24.0,0.0,0.0,0.0,0.36,0.279,0.414,0.404,0.33,0.216,,,,,,,Dave Clawson,37.0,31.625,5.375,8.0,3.0,1.0,0.3333333333333333
2021,Wake Forest,ACC,10.1,38.0,29.2,,,,11.0,3.0,14.0,7.0,3.0,8.337147324281997,589.19,165.75,66.0,20.0,0.0,0.0,0.0,0.919,1.0,0.222,0.983,0.853,1.0,6.0,11.0,-5.0,3.62,7.489999999999998,-3.8699999999999983,Dave Clawson,41.23076923076923,30.307692307692307,10.923076923076923,13.0,4.0,3.0,0.75
2022,Wake Forest,ACC,8.2,43.3,35.2,0.0,,,8.0,5.0,13.0,3.0,5.0,8.369783449580337,575.42,164.19,71.0,15.0,2.0,0.0,0.13333333333333333,0.792,1.005,0.84,0.636,0.776,0.995,4.0,10.0,-6.0,2.5,6.749999999999999,-4.249999999999999,Dave Clawson,36.833333333333336,29.25,7.583333333333333,12.0,4.0,1.0,0.25
2023,Wake Forest,ACC,-7.9,20.2,26.9,-1.2,,,4.0,8.0,12.0,1.0,7.0,4.234224632197234,603.68,193.23,53.0,22.0,1.0,0.0,0.045454545454545456,0.412,0.075,-0.186,0.657,0.363,0.095,3.0,11.0,-8.0,2.6,7.63,-5.029999999999999,Dave Clawson,20.25,27.166666666666668,-6.916666666666667,12.0,5.0,2.0,0.4
2024,Wake Forest,ACC,-5.7,25.8,31.8,0.3,,,4.0,8.0,12.0,2.0,6.0,4.1396489805563155,635.45,196.48,52.0,22.0,0.0,0.0,0.0,0.327,0.258,0.263,0.358,0.391,0.292,5.0,15.0,-10.0,4.279999999999999,11.33,-7.050000000000001,Dave Clawson,25.666666666666668,32.5,-6.833333333333333,12.0,7.0,3.0,0.42857142857142855
2025,Wake Forest,ACC,5.7,26.6,20.9,0.0,,,9.0,4.0,13.0,4.0,4.0,8.557896085083485,627.16,189.05,63.0,24.0,0.0,0.0,0.0,0.262,0.0,0.575,0.268,0.359,0.0,33.0,27.0,6.0,27.339999999999996,20.830000000000002,6.5099999999999945,Jake Dickert,26.833333333333332,21.5,5.333333333333333,12.0,5.0,4.0,0.8
2026,Wake Forest,ACC,3.4,24.2,20.7,0.0,,,0.0,0.0,0.0,0.0,0.0,0.0,680.87,217.86,39.0,31.0,3.0,0.0,0.0967741935483871,0.142,0.229,0.046,0.131,0.121,0.012,24.0,23.0,1.0,20.490000000000002,18.079999999999995,2.4100000000000072,Jake Dickert,,,,,,,
2004,Washington,Big Ten,-10.0,22.6,31.7,,,,1.0,10.0,11.0,0.0,8.0,,,190.58,25.0,8.0,1.0,1.0,0.125,,,,,,,,,,,,,Keith Gilbertson,14.0,30.363636363636363,-16.363636363636363,11.0,2.0,0.0,0.0
2005,Washington,Big Ten,1.9,29.3,27.5,,0.836,4.0,2.0,9.0,11.0,1.0,8.0,,,114.56,68.0,5.0,0.0,0.0,0.0,,,,,,,,,,,,,Tyrone Willingham,21.545454545454547,30.636363636363637,-9.090909090909092,11.0,3.0,0.0,0.0
2006,Washington,Big Ten,0.3,23.3,24.1,1.1,0.83,4.4,5.0,7.0,12.0,3.0,6.0,,,183.52,32.0,9.0,2.0,0.0,0.2222222222222222,,,,,,,,,,,,,Tyrone Willingham,21.833333333333332,25.916666666666668,-4.083333333333333,12.0,6.0,3.0,0.5
2007,Washington,Big Ten,5.2,33.0,28.0,0.2,0.805,4.8,4.0,9.0,13.0,2.0,8.0,,,184.72,38.0,15.0,1.0,0.0,0.06666666666666667,,,,,,,,,,,,,Tyrone Willingham,29.23076923076923,31.615384615384617,-2.3846153846153846,13.0,5.0,0.0,0.0
2008,Washington,Big Ten,-21.3,17.4,36.3,-2.4,0.837,0.5,0.0,12.0,12.0,0.0,10.0,,,225.25,19.0,18.0,6.0,0.0,0.3333333333333333,,,,,,,,,,,,,Tyrone Willingham,13.25,38.583333333333336,-25.333333333333332,12.0,3.0,0.0,0.0
2009,Washington,Big Ten,-0.2,29.9,30.5,0.4,0.851,3.8,5.0,7.0,12.0,4.0,5.0,,,154.97,75.0,8.0,0.0,0.0,0.0,,,,,,,,,,,,,Steve Sarkisian,26.083333333333332,26.666666666666668,-0.5833333333333334,12.0,5.0,2.0,0.4
2010,Washington,Big Ten,3.2,29.2,26.0,0.0,0.796,6.0,7.0,6.0,13.0,5.0,5.0,5.73025600121586,,234.35,19.0,23.0,7.0,0.0,0.30434782608695654,,,,,,,,,,,,,Steve Sarkisian,22.083333333333332,31.166666666666668,-9.083333333333334,12.0,5.0,4.0,0.8
2011,Washington,Big Ten,3.9,36.4,34.4,2.0,0.865,6.2,7.0,6.0,13.0,5.0,4.0,5.643385202585957,,219.9,24.0,13.0,4.0,0.0,0.3076923076923077,,,,,,,,,,,,,Steve Sarkisian,31.5,33.333333333333336,-1.8333333333333333,12.0,1.0,1.0,1.0
2012,Washington,Big Ten,6.1,27.7,20.0,-1.6,0.85,6.7,7.0,6.0,13.0,5.0,4.0,6.332164670088298,,225.52,24.0,20.0,7.0,1.0,0.35,,,,,,,,,,,,,Steve Sarkisian,23.833333333333332,23.833333333333332,0.0,12.0,3.0,2.0,0.6666666666666666
2013,Washington,Big Ten,20.5,37.6,18.3,1.1,0.859,9.5,9.0,4.0,13.0,5.0,4.0,9.167362918241581,,234.2,18.0,16.0,7.0,0.0,0.4375,,,,,,,,,,,,,Steve Sarkisian,38.5,23.416666666666668,15.083333333333334,12.0,1.0,0.0,0.0
2014,Washington,Big Ten,7.8,28.5,21.8,1.2,0.892,7.6,8.0,6.0,14.0,4.0,5.0,7.43097561562491,,198.52,38.0,15.0,4.0,0.0,0.26666666666666666,0.284,0.058,0.107,0.454,0.306,0.15,,,,,,,Chris Petersen,30.846153846153847,24.384615384615383,6.461538461538462,13.0,4.0,2.0,0.5
2015,Washington,Big Ten,9.7,30.1,20.8,0.4,0.863,7.6,7.0,6.0,13.0,4.0,5.0,7.461522998843166,667.45,215.83,26.0,11.0,6.0,0.0,0.5454545454545454,0.476,0.059,0.384,0.754,0.463,0.028,,,,,,,Chris Petersen,29.5,17.75,11.75,12.0,4.0,1.0,0.25
2016,Washington,Big Ten,26.7,40.2,13.9,0.4,0.874,11.9,12.0,2.0,14.0,9.0,1.0,11.770319770450014,699.64,209.87,29.0,18.0,7.0,0.0,0.3888888888888889,0.676,0.98,0.96,0.409,0.767,0.993,,,,,,,Chris Petersen,44.46153846153846,17.23076923076923,27.23076923076923,13.0,2.0,2.0,1.0
2017,Washington,Big Ten,22.1,39.4,16.3,-1.1,0.921,11.3,10.0,3.0,13.0,7.0,2.0,10.061124698713801,706.52,224.74,22.0,17.0,9.0,0.0,0.5294117647058824,0.832,0.914,0.98,0.7,0.872,0.986,,,,,,,Chris Petersen,36.916666666666664,14.5,22.416666666666668,12.0,2.0,1.0,0.5
2018,Washington,Big Ten,19.9,34.5,12.7,-1.9,0.88,10.9,10.0,4.0,14.0,8.0,2.0,11.21447119684808,772.88,253.23,16.0,23.0,10.0,0.0,0.43478260869565216,0.783,0.879,0.978,0.618,0.774,0.962,,,,,,,Chris Petersen,26.615384615384617,15.461538461538462,11.153846153846153,13.0,7.0,4.0,0.5714285714285714
2019,Washington,Big Ten,18.3,35.3,19.5,2.5,,,8.0,5.0,13.0,4.0,5.0,8.03823656348533,801.33,259.19,15.0,26.0,16.0,0.0,0.6153846153846154,0.525,0.017,0.315,0.908,0.387,0.007,,,,,,,Chris Petersen,31.5,20.416666666666668,11.083333333333334,12.0,4.0,0.0,0.0
2020,Washington,Big Ten,11.7,30.9,19.1,,,,3.0,1.0,4.0,3.0,1.0,2.608701222770116,815.23,252.35,16.0,30.0,11.0,1.0,0.36666666666666664,0.275,0.037,0.294,0.414,0.261,0.014,,,,,,,Jimmy Lake,30.25,25.0,5.25,4.0,3.0,2.0,0.6666666666666666
2021,Washington,Big Ten,-0.7,22.8,23.6,,,,4.0,8.0,12.0,3.0,6.0,4.537004908954828,789.51,201.78,35.0,18.0,5.0,1.0,0.2777777777777778,0.83,0.964,1.014,0.641,0.916,0.991,4.0,10.0,-6.0,3.2700000000000005,7.800000000000001,-4.53,Bob Gregory,21.5,22.666666666666668,-1.1666666666666667,12.0,8.0,3.0,0.375
2022,Washington,Big Ten,15.7,41.2,25.5,0.0,,,11.0,2.0,13.0,7.0,2.0,8.230901694511436,761.72,129.55,96.0,14.0,1.0,0.0,0.07142857142857142,0.83,1.023,0.695,0.73,0.735,0.989,9.0,20.0,-11.0,6.989999999999999,12.91,-5.920000000000001,Kalen DeBoer,40.75,26.333333333333332,14.416666666666666,12.0,4.0,3.0,0.75
2023,Washington,Big Ten,16.4,40.3,24.7,0.8,,,14.0,1.0,15.0,10.0,0.0,10.632341177096174,751.12,223.92,26.0,27.0,8.0,0.0,0.2962962962962963,0.887,1.004,0.544,0.925,0.851,0.995,10.0,22.0,-12.0,8.29,13.78,-5.49,Kalen DeBoer,37.69230769230769,23.615384615384617,14.076923076923077,13.0,6.0,6.0,1.0
2024,Washington,Big Ten,3.1,27.3,22.4,-1.8,,,6.0,7.0,13.0,4.0,5.0,7.248212292779996,741.11,201.79,47.0,16.0,4.0,0.0,0.25,0.025,0.009,0.021,0.039,0.035,0.002,27.0,36.0,-9.0,22.659999999999997,27.389999999999997,-4.73,Jedd Fisch,22.5,22.833333333333332,-0.3333333333333333,12.0,3.0,1.0,0.3333333333333333
2025,Washington,Big Ten,18.4,34.5,15.3,-0.9,,,9.0,4.0,13.0,5.0,4.0,8.66034949105233,720.56,235.26,23.0,30.0,8.0,0.0,0.26666666666666666,0.424,0.237,0.818,0.442,0.491,0.288,18.0,32.0,-14.0,13.269999999999996,20.810000000000002,-7.540000000000006,Jedd Fisch,33.75,19.416666666666668,14.333333333333334,12.0,2.0,1.0,0.5
2026,Washington,Big Ten,15.8,33.0,17.0,-0.3,,,0.0,0.0,0.0,0.0,0.0,0.0,777.63,262.32,13.0,27.0,11.0,1.0,0.4074074074074074,0.544,0.942,0.519,0.342,0.571,0.943,14.0,23.0,-9.0,10.749999999999998,18.37,-7.620000000000003,Jedd Fisch,,,,,,,
2004,Washington State,Pac-12,-0.9,32.0,33.2,,,,5.0,6.0,11.0,4.0,5.0,,,191.68,22.0,10.0,2.0,0.0,0.2,,,,,,,,,,,,,Bill Doba,25.0,27.90909090909091,-2.909090909090909,11.0,6.0,4.0,0.6666666666666666
2005,Washington State,Pac-12,13.0,39.6,26.6,,0.873,6.6,4.0,7.0,11.0,1.0,7.0,,,162.68,43.0,9.0,0.0,0.0,0.0,,,,,,,,,,,,,Bill Doba,33.45454545454545,31.454545454545453,2.0,11.0,6.0,1.0,0.16666666666666666
2006,Washington State,Pac-12,7.4,28.5,19.2,-1.9,0.844,6.5,6.0,6.0,12.0,4.0,5.0,,,161.64,45.0,7.0,0.0,0.0,0.0,,,,,,,,,,,,,Bill Doba,24.583333333333332,23.083333333333332,1.5,12.0,4.0,2.0,0.5
2007,Washington State,Pac-12,3.2,31.7,27.8,-0.8,0.843,5.7,5.0,7.0,12.0,4.0,7.0,,,162.05,52.0,13.0,0.0,0.0,0.0,,,,,,,,,,,,,Bill Doba,25.666666666666668,32.416666666666664,-6.75,12.0,3.0,1.0,0.3333333333333333
2008,Washington State,Pac-12,-17.5,16.0,32.4,-1.1,0.873,1.8,2.0,11.0,13.0,1.0,8.0,,,146.27,66.0,20.0,0.0,0.0,0.0,,,,,,,,,,,,,Paul Wulff,12.692307692307692,43.84615384615385,-31.153846153846153,13.0,1.0,1.0,1.0
2009,Washington State,Pac-12,-22.2,17.6,38.5,-1.4,0.876,0.0,1.0,11.0,12.0,0.0,9.0,,,166.89,63.0,15.0,0.0,0.0,0.0,,,,,,,,,,,,,Paul Wulff,12.0,38.5,-26.5,12.0,1.0,1.0,1.0
2010,Washington State,Pac-12,-7.4,27.0,35.3,1.0,0.796,1.2,2.0,10.0,12.0,1.0,8.0,3.0602906210711978,,177.38,65.0,17.0,0.0,0.0,0.0,,,,,,,,,,,,,Paul Wulff,19.583333333333332,35.833333333333336,-16.25,12.0,3.0,1.0,0.3333333333333333
2011,Washington State,Pac-12,-1.7,29.9,32.3,0.7,0.895,4.3,4.0,8.0,12.0,2.0,7.0,5.0676775450630185,,144.31,68.0,18.0,0.0,0.0,0.0,,,,,,,,,,,,,Paul Wulff,29.833333333333332,31.75,-1.9166666666666667,12.0,3.0,1.0,0.3333333333333333
2012,Washington State,Pac-12,-4.4,24.4,29.0,0.2,0.87,3.6,3.0,9.0,12.0,1.0,8.0,4.968696146247797,,173.37,58.0,19.0,1.0,0.0,0.05263157894736842,,,,,,,,,,,,,Mike Leach,20.416666666666668,33.666666666666664,-13.25,12.0,4.0,2.0,0.5
2013,Washington State,Pac-12,8.2,33.6,26.3,0.8,0.823,5.8,6.0,7.0,13.0,4.0,5.0,6.643748204714981,,177.9,50.0,20.0,1.0,0.0,0.05,,,,,,,,,,,,,Mike Leach,29.833333333333332,31.25,-1.4166666666666667,12.0,3.0,2.0,0.6666666666666666
2014,Washington State,Pac-12,-1.7,33.0,32.8,-1.9,0.872,4.6,3.0,9.0,12.0,2.0,7.0,4.609748316646698,,176.62,53.0,17.0,0.0,0.0,0.0,0.973,1.087,-1.25,0.934,0.909,0.944,,,,,,,Mike Leach,31.833333333333332,38.583333333333336,-6.75,12.0,5.0,2.0,0.4
2015,Washington State,Pac-12,4.2,35.8,29.4,-2.2,0.872,7.6,9.0,4.0,13.0,6.0,3.0,8.644714322117231,540.86,188.41,42.0,10.0,1.0,0.0,0.1,0.416,0.342,0.337,0.462,0.459,0.323,,,,,,,Mike Leach,32.416666666666664,28.833333333333332,3.5833333333333335,12.0,7.0,4.0,0.5714285714285714
2016,Washington State,Pac-12,6.2,36.2,27.8,-2.2,0.882,7.8,8.0,5.0,13.0,7.0,2.0,7.840507962706554,522.58,169.74,56.0,23.0,0.0,0.0,0.0,0.855,1.004,0.998,0.745,0.836,0.878,,,,,,,Mike Leach,40.333333333333336,27.166666666666668,13.166666666666666,12.0,5.0,3.0,0.6
2017,Washington State,Pac-12,8.6,30.9,22.1,-0.3,0.879,7.5,9.0,4.0,13.0,6.0,3.0,8.016506001547267,549.42,186.45,44.0,24.0,1.0,0.0,0.041666666666666664,0.773,0.947,0.971,0.602,0.847,0.996,,,,,,,Mike Leach,31.416666666666668,24.416666666666668,7.0,12.0,3.0,3.0,1.0
2018,Washington State,Pac-12,11.3,38.8,27.3,-0.2,0.903,9.7,11.0,2.0,13.0,7.0,2.0,9.902148824785241,554.77,194.84,46.0,26.0,2.0,0.0,0.07692307692307693,0.49,0.143,-0.054,0.715,0.332,0.008,,,,,,,Mike Leach,38.333333333333336,23.083333333333332,15.25,12.0,4.0,3.0,0.75
2019,Washington State,Pac-12,11.1,41.7,33.1,2.4,,,6.0,7.0,13.0,3.0,6.0,7.983745354642239,556.27,174.14,65.0,23.0,0.0,0.0,0.0,0.42,0.059,0.284,0.724,0.316,0.023,,,,,,,Mike Leach,39.166666666666664,31.416666666666668,7.75,12.0,5.0,2.0,0.4
2020,Washington State,Pac-12,4.2,37.8,33.7,,,,1.0,3.0,4.0,1.0,3.0,0.74537949818596,516.96,179.28,56.0,32.0,1.0,0.0,0.03125,0.456,0.107,1.049,0.627,0.412,0.031,,,,,,,Nick Rolovich,27.0,38.5,-11.5,4.0,0.0,0.0,
2021,Washington State,Pac-12,6.7,32.0,26.0,,,,7.0,6.0,13.0,6.0,3.0,5.619733036480557,601.16,172.58,60.0,19.0,0.0,0.0,0.0,0.784,0.179,0.983,0.235,0.855,0.667,7.0,24.0,-17.0,4.27,11.209999999999999,-6.9399999999999995,Jake Dickert,28.416666666666668,24.25,4.166666666666667,12.0,4.0,2.0,0.5
2022,Washington State,Pac-12,9.5,25.1,16.7,1.1,,,7.0,6.0,13.0,4.0,5.0,5.490055236697067,570.94,175.48,60.0,31.0,0.0,0.0,0.0,0.079,-0.008,-0.173,0.594,0.088,0.002,9.0,30.0,-21.0,4.7299999999999995,12.950000000000001,-8.220000000000002,Jake Dickert,27.75,22.416666666666668,5.333333333333333,12.0,4.0,2.0,0.5
2023,Washington State,Pac-12,4.9,31.0,27.4,1.4,,,5.0,7.0,12.0,2.0,7.0,5.659867948398876,573.28,184.96,63.0,33.0,0.0,0.0,0.0,0.581,0.805,0.97,0.402,0.828,0.987,9.0,36.0,-27.0,7.01,20.279999999999998,-13.269999999999998,Jake Dickert,31.666666666666668,28.083333333333332,3.5833333333333335,12.0,4.0,1.0,0.25
2024,Washington State,Pac-12,1.3,34.0,31.1,-1.5,,,8.0,5.0,13.0,0.0,1.0,8.873875310293844,610.54,181.7,62.0,30.0,0.0,0.0,0.0,0.282,0.093,0.342,0.374,0.217,0.028,12.0,27.0,-15.0,9.41,15.889999999999999,-6.479999999999999,Jake Dickert,36.75,28.083333333333332,8.666666666666666,12.0,6.0,3.0,0.5
2025,Washington State,Pac-12,3.8,24.6,20.5,-0.3,,,7.0,6.0,13.0,1.0,1.0,7.911752678453922,569.46,178.96,71.0,33.0,0.0,0.0,0.0,0.182,0.189,0.108,0.204,0.178,0.123,34.0,70.0,-36.0,24.26,41.72000000000002,-17.46000000000002,Jesse Bobbit,21.583333333333332,20.166666666666668,1.4166666666666667,12.0,5.0,1.0,0.2
2026,Washington State,Pac-12,-4.3,20.4,24.6,-0.1,,,0.0,0.0,0.0,0.0,0.0,0.0,630.29,159.25,128.0,11.0,0.0,0.0,0.0,0.913,1.0,1.0,0.847,0.975,1.0,28.0,41.0,-13.0,21.44,27.310000000000006,-5.8700000000000045,Kirby Moore,,,,,,,
2004,West Virginia,Big 12,8.1,33.8,27.6,,,,8.0,4.0,12.0,4.0,2.0,,,157.73,38.0,13.0,1.0,0.0,0.07692307692307693,,,,,,,,,,,,,Rich Rodriguez,31.181818181818183,19.636363636363637,11.545454545454545,11.0,4.0,2.0,0.5
2005,West Virginia,Big 12,15.8,33.3,17.6,,0.893,8.1,11.0,1.0,12.0,7.0,0.0,,,172.44,37.0,15.0,1.0,1.0,0.06666666666666667,,,,,,,,,,,,,Rich Rodriguez,31.545454545454547,16.272727272727273,15.272727272727273,11.0,2.0,2.0,1.0
2006,West Virginia,Big 12,25.4,41.2,17.3,1.5,0.878,10.7,11.0,2.0,13.0,5.0,2.0,,,142.51,60.0,7.0,0.0,0.0,0.0,,,,,,,,,,,,,Rich Rodriguez,38.916666666666664,20.583333333333332,18.333333333333332,12.0,2.0,1.0,0.5
2007,West Virginia,Big 12,28.2,41.7,14.4,0.9,0.869,11.2,11.0,2.0,13.0,5.0,2.0,,,210.32,24.0,14.0,1.0,1.0,0.07142857142857142,,,,,,,,,,,,,Rich Rodriguez,38.916666666666664,17.25,21.666666666666668,12.0,3.0,2.0,0.6666666666666666
2008,West Virginia,Big 12,6.2,25.5,21.1,1.7,0.962,7.8,9.0,4.0,13.0,5.0,2.0,,,169.81,49.0,18.0,1.0,0.0,0.05555555555555555,,,,,,,,,,,,,Bill Stewart,24.0,15.916666666666666,8.083333333333334,12.0,5.0,2.0,0.4
2009,West Virginia,Big 12,13.8,31.1,19.0,1.7,0.904,8.6,9.0,4.0,13.0,5.0,2.0,,,225.23,24.0,14.0,6.0,0.0,0.42857142857142855,,,,,,,,,,,,,Bill Stewart,26.583333333333332,20.75,5.833333333333333,12.0,4.0,3.0,0.75
2010,West Virginia,Big 12,16.2,26.9,9.6,-1.1,0.91,10.5,9.0,4.0,13.0,5.0,2.0,10.20950880691635,,211.69,32.0,13.0,4.0,0.0,0.3076923076923077,,,,,,,,,,,,,Bill Stewart,26.666666666666668,12.75,13.916666666666666,12.0,5.0,2.0,0.4
2011,West Virginia,Big 12,16.8,38.7,21.0,-0.9,0.904,10.0,10.0,3.0,13.0,5.0,2.0,8.762441267070727,,160.31,52.0,19.0,0.0,0.0,0.0,,,,,,,,,,,,,Dana Holgorsen,34.916666666666664,26.25,8.666666666666666,12.0,5.0,4.0,0.8
2012,West Virginia,Big 12,8.1,39.1,29.4,-1.5,0.841,6.7,7.0,6.0,13.0,4.0,5.0,7.085675696665039,,206.7,35.0,23.0,3.0,0.0,0.13043478260869565,,,,,,,,,,,,,Dana Holgorsen,41.583333333333336,38.083333333333336,3.5,12.0,5.0,3.0,0.6
2013,West Virginia,Big 12,-0.9,25.9,27.2,0.3,0.867,3.9,4.0,8.0,12.0,2.0,7.0,4.835612440935067,,201.03,30.0,12.0,2.0,0.0,0.16666666666666666,,,,,,,,,,,,,Dana Holgorsen,26.333333333333332,33.333333333333336,-7.0,12.0,3.0,2.0,0.6666666666666666
2014,West Virginia,Big 12,8.4,31.3,24.3,1.5,0.811,7.0,7.0,6.0,13.0,5.0,4.0,7.63993618797819,,194.85,39.0,8.0,2.0,0.0,0.25,0.704,0.832,0.917,0.684,0.683,0.865,,,,,,,Dana Holgorsen,33.166666666666664,26.166666666666668,7.0,12.0,4.0,2.0,0.5
2015,West Virginia,Big 12,12.9,34.4,19.9,-1.6,0.871,9.5,8.0,5.0,13.0,4.0,5.0,8.987367173419035,625.85,198.02,35.0,9.0,2.0,0.0,0.2222222222222222,0.366,0.155,0.743,0.412,0.421,0.212,,,,,,,Dana Holgorsen,33.25,23.166666666666668,10.083333333333334,12.0,3.0,1.0,0.3333333333333333
2016,West Virginia,Big 12,11.3,35.7,22.8,-1.6,0.862,8.2,10.0,3.0,13.0,7.0,2.0,8.759047554120334,654.64,194.45,39.0,24.0,2.0,0.0,0.08333333333333333,0.707,1.0,0.502,0.717,0.754,1.0,,,,,,,Dana Holgorsen,32.583333333333336,23.416666666666668,9.166666666666666,12.0,4.0,4.0,1.0
2017,West Virginia,Big 12,5.6,33.6,27.2,-0.8,0.856,7.2,7.0,6.0,13.0,5.0,4.0,5.9059137185662625,613.18,174.68,57.0,16.0,0.0,0.0,0.0,0.282,0.052,0.626,0.273,0.337,0.016,,,,,,,Dana Holgorsen,36.25,31.583333333333332,4.666666666666667,12.0,5.0,3.0,0.6
2018,West Virginia,Big 12,13.2,41.1,29.2,1.3,0.888,7.5,8.0,4.0,12.0,6.0,3.0,7.4313547717507555,646.91,208.32,35.0,20.0,2.0,0.0,0.1,0.656,0.852,0.455,0.605,0.66,0.785,,,,,,,Dana Holgorsen,42.27272727272727,26.545454545454547,15.727272727272727,11.0,3.0,1.0,0.3333333333333333
2019,West Virginia,Big 12,-7.0,22.9,29.1,-0.8,,,5.0,7.0,12.0,3.0,6.0,3.750408670026229,639.11,191.83,48.0,22.0,1.0,0.0,0.045454545454545456,0.269,-0.011,1.019,0.262,0.476,0.117,,,,,,,Neal Brown,20.583333333333332,28.833333333333332,-8.25,12.0,6.0,4.0,0.6666666666666666
2020,West Virginia,Big 12,8.5,27.9,19.4,,,,6.0,4.0,10.0,4.0,4.0,5.2204643909928,631.27,199.77,37.0,20.0,1.0,0.0,0.05,0.877,1.032,0.301,0.727,0.79,0.935,,,,,,,Neal Brown,26.77777777777778,20.444444444444443,6.333333333333333,9.0,3.0,1.0,0.3333333333333333
2021,West Virginia,Big 12,1.8,27.7,25.0,,,,6.0,7.0,13.0,4.0,5.0,5.9680229231943285,611.29,195.07,40.0,20.0,3.0,0.0,0.15,0.91,0.93,1.424,0.811,0.845,0.943,2.0,23.0,-21.0,1.7200000000000002,13.829999999999998,-12.109999999999998,Neal Brown,26.833333333333332,24.333333333333332,2.5,12.0,6.0,3.0,0.5
2022,West Virginia,Big 12,2.4,36.3,34.5,0.6,,,5.0,7.0,12.0,3.0,6.0,5.324602623833775,662.57,209.05,35.0,18.0,2.0,0.0,0.1111111111111111,0.186,-0.034,0.235,0.31,0.219,0.061,11.0,25.0,-14.0,6.379999999999999,18.759999999999998,-12.379999999999999,Neal Brown,30.583333333333332,32.916666666666664,-2.3333333333333335,12.0,4.0,3.0,0.75
2023,West Virginia,Big 12,7.5,31.5,24.6,0.5,,,9.0,4.0,13.0,6.0,3.0,8.816005172762647,666.23,199.09,48.0,21.0,2.0,0.0,0.09523809523809523,0.351,0.231,1.034,0.189,0.362,0.212,14.0,22.0,-8.0,11.66,14.729999999999999,-3.0699999999999985,Neal Brown,31.583333333333332,27.5,4.083333333333333,12.0,4.0,3.0,0.75
2024,West Virginia,Big 12,2.1,30.1,29.7,1.8,,,6.0,7.0,13.0,5.0,4.0,4.905630370385611,684.9,202.08,46.0,25.0,1.0,0.0,0.04,0.883,0.966,1.05,0.695,0.899,0.997,13.0,25.0,-12.0,11.27,16.500000000000004,-5.230000000000004,Neal Brown,28.5,31.083333333333332,-2.5833333333333335,12.0,4.0,3.0,0.75
2025,West Virginia,Big 12,-6.8,22.8,30.0,0.3,,,4.0,8.0,12.0,2.0,7.0,4.811936551705003,662.33,205.16,43.0,25.0,2.0,0.0,0.08,0.176,0.157,0.207,0.17,0.291,0.156,51.0,50.0,1.0,41.850000000000016,36.60000000000001,5.250000000000007,Rich Rodriguez,21.75,30.833333333333332,-9.083333333333334,12.0,5.0,2.0,0.4
2026,West Virginia,Big 12,-1.3,25.3,26.6,0.1,,,0.0,0.0,0.0,0.0,0.0,0.0,707.6,229.51,25.0,37.0,5.0,0.0,0.13513513513513514,0.14,0.624,-0.035,0.094,0.262,0.546,34.0,51.0,-17.0,28.13000000000001,28.61000000000001,-0.4800000000000004,Rich Rodriguez,,,,,,,
2007,Western Kentucky,Conference USA,-22.5,15.6,36.3,-1.8,0.907,1.8,7.0,5.0,12.0,0.0,0.0,,,,,,,,,,,,,,,,,,,,,David Elson,33.166666666666664,20.833333333333332,12.333333333333334,12.0,4.0,2.0,0.5
2008,Western Kentucky,Conference USA,-22.1,12.8,34.2,-0.7,0.955,3.4,2.0,10.0,12.0,0.0,0.0,,,,,,,,,,,,,,,,,,,,,David Elson,17.5,27.166666666666668,-9.666666666666666,12.0,1.0,0.0,0.0
2009,Western Kentucky,Conference USA,-27.8,17.1,45.3,0.4,0.965,1.8,0.0,12.0,12.0,0.0,8.0,,,,,,,,,,,,,,,,,,,,,David Elson,20.416666666666668,39.583333333333336,-19.166666666666668,12.0,3.0,0.0,0.0
2010,Western Kentucky,Conference USA,-27.6,12.5,37.2,-2.9,0.957,2.9,2.0,10.0,12.0,2.0,6.0,3.483174882650281,,126.31,107.0,13.0,0.0,0.0,0.0,,,,,,,,,,,,,Willie Taggart,22.833333333333332,33.166666666666664,-10.333333333333334,12.0,5.0,1.0,0.2
2011,Western Kentucky,Conference USA,-16.1,16.9,32.4,-0.6,0.947,5.3,7.0,5.0,12.0,7.0,1.0,7.5226868124677315,,85.81,85.0,26.0,0.0,0.0,0.0,,,,,,,,,,,,,Willie Taggart,22.916666666666668,24.833333333333332,-1.9166666666666667,12.0,4.0,3.0,0.75
2012,Western Kentucky,Conference USA,-4.7,26.1,28.9,-1.9,0.938,7.4,7.0,6.0,13.0,4.0,4.0,7.51614987949118,,111.94,97.0,10.0,0.0,0.0,0.0,,,,,,,,,,,,,Willie Taggart,28.75,25.583333333333332,3.1666666666666665,12.0,6.0,3.0,0.5
2013,Western Kentucky,Conference USA,-3.1,30.5,33.5,-0.1,0.988,8.8,8.0,4.0,12.0,4.0,3.0,7.747423676154982,,120.24,95.0,26.0,0.0,0.0,0.0,,,,,,,,,,,,,Bobby Petrino,30.833333333333332,24.583333333333332,6.25,12.0,4.0,2.0,0.5
2014,Western Kentucky,Conference USA,-2.6,40.1,41.6,-1.1,0.962,6.9,8.0,5.0,13.0,4.0,4.0,9.796577605004275,,121.12,88.0,15.0,0.0,0.0,0.0,0.76,1.021,-0.054,0.791,0.657,0.987,,,,,,,Jeff Brohm,44.0,39.25,4.75,12.0,4.0,1.0,0.25
2015,Western Kentucky,Conference USA,10.8,40.1,29.8,0.5,0.943,11.3,12.0,2.0,14.0,9.0,0.0,10.491735036990798,353.5,115.65,111.0,18.0,0.0,0.0,0.0,0.852,1.003,0.937,0.716,0.882,0.993,,,,,,,Jeff Brohm,44.23076923076923,25.23076923076923,19.0,13.0,3.0,2.0,0.6666666666666666
2016,Western Kentucky,Conference USA,15.5,40.7,25.8,0.5,0.931,11.5,11.0,3.0,14.0,8.0,1.0,10.441633935451794,401.82,124.1,101.0,18.0,0.0,0.0,0.0,0.389,0.077,1.11,0.516,0.415,0.031,,,,,,,Jeff Brohm,45.07692307692308,24.076923076923077,21.0,13.0,4.0,2.0,0.5
2017,Western Kentucky,Conference USA,-4.9,25.5,30.0,-0.4,0.979,6.8,6.0,7.0,13.0,4.0,4.0,4.846465920046194,332.17,138.03,82.0,28.0,0.0,0.0,0.0,0.422,1.003,0.038,0.185,0.558,0.905,,,,,,,Mike Sanford Jr.,26.166666666666668,26.833333333333332,-0.6666666666666666,12.0,5.0,3.0,0.6
2018,Western Kentucky,Conference USA,-16.1,17.9,31.8,-2.2,0.968,4.2,3.0,9.0,12.0,2.0,6.0,4.188518956095609,353.43,154.77,84.0,27.0,0.0,0.0,0.0,0.216,-0.043,-0.151,0.374,0.356,0.024,,,,,,,Bobby Petrino,21.083333333333332,27.833333333333332,-6.75,12.0,4.0,0.0,0.0
2019,Western Kentucky,Conference USA,1.7,23.6,21.1,-0.7,,,9.0,4.0,13.0,6.0,2.0,8.44407182932749,486.97,153.89,86.0,21.0,0.0,0.0,0.0,0.757,0.782,0.679,0.765,0.783,0.765,,,,,,,Tyson Helton,25.583333333333332,20.083333333333332,5.5,12.0,5.0,3.0,0.6
2020,Western Kentucky,Conference USA,-3.2,18.9,22.3,,,,5.0,7.0,12.0,4.0,3.0,4.5444313234926215,447.91,157.37,80.0,20.0,0.0,0.0,0.0,0.316,-0.02,0.267,0.544,0.391,0.004,,,,,,,Tyson Helton,18.818181818181817,24.09090909090909,-5.2727272727272725,11.0,5.0,3.0,0.6
2021,Western Kentucky,Conference USA,13.3,40.5,28.8,,,,9.0,5.0,14.0,7.0,2.0,8.173914242920475,524.97,49.62,136.0,6.0,0.0,0.0,0.0,0.506,-0.198,0.155,0.76,0.319,0.008,19.0,24.0,-5.0,10.049999999999999,13.03,-2.9800000000000004,Tyson Helton,43.07692307692308,28.692307692307693,14.384615384615385,13.0,3.0,0.0,0.0
2022,Western Kentucky,Conference USA,1.7,31.3,30.1,0.5,,,9.0,5.0,14.0,6.0,2.0,8.582883913889692,495.64,129.6,94.0,22.0,0.0,0.0,0.0,0.307,0.0,0.28,0.506,0.287,0.0,14.0,19.0,-5.0,9.23,11.960000000000003,-2.730000000000002,Tyson Helton,35.84615384615385,23.46153846153846,12.384615384615385,13.0,5.0,2.0,0.4
2023,Western Kentucky,Conference USA,-2.0,28.7,30.1,-0.7,,,8.0,5.0,13.0,5.0,3.0,6.18475319617502,491.26,58.4,134.0,8.0,0.0,0.0,0.0,0.644,1.007,0.551,0.455,0.764,0.985,12.0,20.0,-8.0,7.499999999999999,14.43,-6.930000000000001,Tyson Helton,29.833333333333332,28.166666666666668,1.6666666666666667,12.0,4.0,2.0,0.5
2024,Western Kentucky,Conference USA,-2.2,22.1,26.1,1.8,,,8.0,6.0,14.0,6.0,3.0,6.4133321610878635,518.88,140.12,111.0,16.0,0.0,0.0,0.0,0.381,0.131,0.425,0.548,0.345,0.134,21.0,30.0,-9.0,14.920000000000002,15.99,-1.0699999999999985,Tyson Helton,25.53846153846154,24.46153846153846,1.0769230769230769,13.0,4.0,2.0,0.5
2025,Western Kentucky,Conference USA,1.6,28.8,28.6,1.4,,,9.0,4.0,13.0,6.0,2.0,7.989693649113178,561.36,152.76,96.0,14.0,0.0,0.0,0.0,0.13,0.056,0.218,0.167,0.098,0.004,42.0,39.0,3.0,29.82,21.540000000000003,8.279999999999998,Tyson Helton,29.75,23.416666666666668,6.333333333333333,12.0,5.0,3.0,0.6
2026,Western Kentucky,Conference USA,-7.3,24.2,32.0,0.5,,,0.0,0.0,0.0,0.0,0.0,0.0,611.52,185.21,81.0,24.0,0.0,0.0,0.0,0.837,0.951,0.547,0.848,0.784,0.994,19.0,23.0,-4.0,14.44,14.289999999999997,0.15000000000000213,Tyson Helton,,,,,,,
2004,Western Michigan,Mid-American,-21.7,29.9,44.8,,,,1.0,10.0,11.0,0.0,8.0,,,85.24,86.0,12.0,0.0,0.0,0.0,,,,,,,,,,,,,Gary Darnell,22.545454545454547,39.63636363636363,-17.09090909090909,11.0,3.0,0.0,0.0
2005,Western Michigan,Mid-American,-13.9,22.9,36.9,,0.975,5.3,7.0,4.0,11.0,5.0,3.0,,,95.69,81.0,16.0,0.0,0.0,0.0,,,,,,,,,,,,,Bill Cubit,32.18181818181818,31.09090909090909,1.0909090909090908,11.0,4.0,3.0,0.75
2006,Western Michigan,Mid-American,-7.1,14.8,21.4,-0.4,0.96,7.2,8.0,5.0,13.0,6.0,2.0,,,93.25,90.0,16.0,0.0,0.0,0.0,,,,,,,,,,,,,Bill Cubit,22.916666666666668,19.333333333333332,3.5833333333333335,12.0,5.0,4.0,0.8
2007,Western Michigan,Mid-American,-12.1,22.4,34.1,-0.5,0.921,5.7,5.0,7.0,12.0,3.0,4.0,,,88.37,101.0,20.0,0.0,0.0,0.0,,,,,,,,,,,,,Bill Cubit,26.916666666666668,28.916666666666668,-2.0,12.0,4.0,1.0,0.25
2008,Western Michigan,Mid-American,-3.1,28.0,29.8,-1.3,0.962,7.7,9.0,4.0,13.0,6.0,2.0,,,116.96,89.0,22.0,0.0,0.0,0.0,,,,,,,,,,,,,Bill Cubit,29.833333333333332,23.833333333333332,6.0,12.0,4.0,4.0,1.0
2009,Western Michigan,Mid-American,-12.0,21.8,33.6,-0.2,0.968,5.5,5.0,7.0,12.0,4.0,4.0,,,123.17,98.0,21.0,0.0,0.0,0.0,,,,,,,,,,,,,Bill Cubit,24.666666666666668,27.5,-2.8333333333333335,12.0,3.0,1.0,0.3333333333333333
2010,Western Michigan,Mid-American,-4.5,25.1,30.2,0.6,0.949,7.1,6.0,6.0,12.0,5.0,3.0,6.382736417425779,,146.63,88.0,23.0,0.0,0.0,0.0,,,,,,,,,,,,,Bill Cubit,32.333333333333336,23.833333333333332,8.5,12.0,2.0,0.0,0.0
2011,Western Michigan,Mid-American,-0.3,30.8,33.2,2.1,0.949,7.8,7.0,6.0,13.0,5.0,3.0,6.251105338745467,,94.12,82.0,18.0,0.0,0.0,0.0,,,,,,,,,,,,,Bill Cubit,35.583333333333336,28.0,7.583333333333333,12.0,5.0,2.0,0.4
2012,Western Michigan,Mid-American,-9.8,25.4,33.0,-2.2,0.973,5.9,4.0,8.0,12.0,2.0,6.0,6.357414446608201,,120.13,91.0,23.0,0.0,0.0,0.0,,,,,,,,,,,,,Bill Cubit,29.333333333333332,29.666666666666668,-0.3333333333333333,12.0,5.0,1.0,0.2
2013,Western Michigan,Mid-American,-25.5,13.9,38.5,-0.9,0.939,2.4,1.0,11.0,12.0,1.0,7.0,2.6125986194504462,,106.64,108.0,17.0,0.0,0.0,0.0,,,,,,,,,,,,,P.J. Fleck,17.166666666666668,35.416666666666664,-18.25,12.0,4.0,1.0,0.25
2014,Western Michigan,Mid-American,-0.8,30.2,31.8,0.8,0.976,9.1,8.0,5.0,13.0,6.0,2.0,7.572433044663151,,153.42,71.0,20.0,0.0,0.0,0.0,0.809,-7.565,4.842,0.72,0.577,0.575,,,,,,,P.J. Fleck,34.583333333333336,23.833333333333332,10.75,12.0,2.0,1.0,0.5
2015,Western Michigan,Mid-American,4.9,36.7,32.2,0.4,0.903,7.3,8.0,5.0,13.0,6.0,2.0,7.3676150471172885,442.13,147.78,76.0,27.0,0.0,0.0,0.0,1.005,1.0,0.978,1.022,0.929,1.0,,,,,,,P.J. Fleck,35.25,28.083333333333332,7.166666666666667,12.0,2.0,2.0,1.0
2016,Western Michigan,Mid-American,11.5,40.0,28.9,0.4,0.952,11.6,13.0,1.0,14.0,9.0,0.0,11.915816945048075,443.16,160.72,67.0,27.0,0.0,0.0,0.0,0.784,1.0,0.995,0.53,0.87,1.0,,,,,,,P.J. Fleck,43.53846153846154,19.46153846153846,24.076923076923077,13.0,2.0,2.0,1.0
2017,Western Michigan,Mid-American,-2.4,25.7,28.4,0.4,0.945,6.3,6.0,6.0,12.0,4.0,4.0,6.303649338266487,414.35,129.94,89.0,23.0,0.0,0.0,0.0,0.215,0.027,0.654,0.121,0.421,0.005,,,,,,,Tim Lester,33.916666666666664,29.0,4.916666666666667,12.0,5.0,2.0,0.4
2018,Western Michigan,Mid-American,-10.7,29.8,37.4,-3.1,0.944,6.4,7.0,6.0,13.0,5.0,3.0,7.471948861302446,442.29,163.69,76.0,21.0,0.0,0.0,0.0,0.795,1.181,0.625,0.755,0.584,0.657,,,,,,,Tim Lester,33.166666666666664,33.333333333333336,-0.16666666666666666,12.0,5.0,4.0,0.8
2019,Western Michigan,Mid-American,-4.9,29.6,32.5,-2.0,,,7.0,6.0,13.0,5.0,3.0,6.550458486191457,452.05,148.7,92.0,21.0,0.0,0.0,0.0,0.709,1.0,0.696,0.548,0.668,1.0,,,,,,,Tim Lester,34.166666666666664,26.166666666666668,8.0,12.0,5.0,2.0,0.4
2020,Western Michigan,Mid-American,0.6,31.6,31.2,,,,4.0,2.0,6.0,4.0,2.0,4.622293558709975,382.78,153.11,86.0,21.0,0.0,0.0,0.0,0.345,0.021,0.123,0.763,0.225,0.014,,,,,,,Tim Lester,41.666666666666664,34.166666666666664,7.5,6.0,3.0,2.0,0.6666666666666666
2021,Western Michigan,Mid-American,0.6,33.1,29.0,,,,8.0,5.0,13.0,4.0,4.0,9.421055114988572,396.47,139.11,97.0,21.0,0.0,0.0,0.0,0.821,1.0,0.981,0.616,0.894,1.0,1.0,7.0,-6.0,0.6,4.04,-3.44,Tim Lester,30.833333333333332,28.583333333333332,2.25,12.0,4.0,3.0,0.75
2022,Western Michigan,Mid-American,-17.3,11.2,27.3,-1.1,,,5.0,7.0,12.0,4.0,4.0,4.301971730411199,449.89,119.04,105.0,14.0,0.0,0.0,0.0,0.315,0.079,0.705,0.236,0.396,0.026,5.0,8.0,-3.0,2.8000000000000003,4.819999999999999,-2.019999999999999,Tim Lester,19.0,24.083333333333332,-5.083333333333333,12.0,6.0,4.0,0.6666666666666666
2023,Western Michigan,Mid-American,-15.9,19.1,33.2,-1.9,,,4.0,8.0,12.0,3.0,5.0,4.468933161342783,401.82,129.14,106.0,17.0,0.0,0.0,0.0,0.57,0.901,0.075,0.393,0.605,0.994,6.0,10.0,-4.0,3.8600000000000003,7.779999999999999,-3.919999999999999,Lance Taylor,23.666666666666668,31.75,-8.083333333333334,12.0,1.0,0.0,0.0
2024,Western Michigan,Mid-American,-10.2,24.7,36.0,1.1,,,6.0,7.0,13.0,5.0,3.0,5.329759304646534,547.19,171.51,71.0,25.0,0.0,0.0,0.0,0.794,0.754,0.812,0.801,0.702,0.577,11.0,23.0,-12.0,8.43,12.339999999999998,-3.9099999999999984,Lance Taylor,29.416666666666668,31.416666666666668,-2.0,12.0,4.0,2.0,0.5
2025,Western Michigan,Mid-American,-1.4,21.7,21.8,-1.3,,,10.0,4.0,14.0,7.0,1.0,9.063564711483195,534.35,141.86,104.0,14.0,0.0,0.0,0.0,0.319,0.047,0.658,0.323,0.235,0.036,23.0,28.0,-5.0,15.44,16.099999999999998,-0.6599999999999984,Lance Taylor,23.615384615384617,18.23076923076923,5.384615384615385,13.0,4.0,3.0,0.75
2026,Western Michigan,Mid-American,-6.0,19.6,25.2,-0.4,,,0.0,0.0,0.0,0.0,0.0,0.0,572.2,171.38,112.0,18.0,0.0,0.0,0.0,0.997,1.0,1.0,1.0,1.0,1.0,14.0,13.0,1.0,9.46,6.8599999999999985,2.6000000000000023,Lance Taylor,,,,,,,
2004,Wisconsin,Big Ten,10.5,26.2,16.9,,,,9.0,3.0,12.0,8.0,2.0,,,162.48,36.0,14.0,1.0,0.0,0.07142857142857142,,,,,,,,,,,,,Barry Alvarez,20.727272727272727,14.636363636363637,6.090909090909091,11.0,2.0,2.0,1.0
2005,Wisconsin,Big Ten,11.1,35.3,24.2,,0.867,7.1,10.0,3.0,13.0,5.0,3.0,,,187.47,30.0,9.0,2.0,0.0,0.2222222222222222,,,,,,,,,,,,,Barry Alvarez,35.166666666666664,24.916666666666668,10.25,12.0,3.0,2.0,0.6666666666666666
2006,Wisconsin,Big Ten,19.1,28.9,11.2,1.3,0.899,10.1,12.0,1.0,13.0,8.0,1.0,,,177.1,36.0,13.0,3.0,0.0,0.23076923076923078,,,,,,,,,,,,,Bret Bielema,30.25,11.916666666666666,18.333333333333332,12.0,2.0,2.0,1.0
2007,Wisconsin,Big Ten,10.4,35.9,26.1,0.6,0.867,7.9,9.0,4.0,13.0,7.0,3.0,,,197.94,32.0,10.0,2.0,1.0,0.2,,,,,,,,,,,,,Bret Bielema,30.5,23.333333333333332,7.166666666666667,12.0,5.0,4.0,0.8
2008,Wisconsin,Big Ten,10.5,31.3,22.0,1.2,0.892,7.7,7.0,6.0,13.0,3.0,5.0,,,192.63,37.0,17.0,2.0,0.0,0.11764705882352941,,,,,,,,,,,,,Bret Bielema,28.666666666666668,25.25,3.4166666666666665,12.0,6.0,3.0,0.5
2009,Wisconsin,Big Ten,16.9,35.5,19.4,0.9,0.886,9.4,10.0,3.0,13.0,5.0,3.0,,,199.62,42.0,12.0,3.0,0.0,0.25,,,,,,,,,,,,,Bret Bielema,32.75,22.416666666666668,10.333333333333334,12.0,4.0,3.0,0.75
2010,Wisconsin,Big Ten,23.1,42.1,20.7,1.6,0.86,10.6,11.0,2.0,13.0,9.0,2.0,8.923895460680205,,194.33,46.0,18.0,1.0,0.0,0.05555555555555555,,,,,,,,,,,,,Bret Bielema,43.333333333333336,20.5,22.833333333333332,12.0,2.0,2.0,1.0
2011,Wisconsin,Big Ten,26.1,45.9,21.2,1.5,0.876,11.2,11.0,3.0,14.0,7.0,2.0,9.650979398751655,,174.08,44.0,15.0,2.0,0.0,0.13333333333333333,,,,,,,,,,,,,Bret Bielema,44.61538461538461,17.0,27.615384615384617,13.0,3.0,1.0,0.3333333333333333
2012,Wisconsin,Big Ten,14.5,31.5,15.9,-1.1,0.868,8.7,8.0,6.0,14.0,5.0,4.0,7.80509518468162,,160.75,65.0,13.0,4.0,0.0,0.3076923076923077,,,,,,,,,,,,,Barry Alvarez,30.76923076923077,19.076923076923077,11.692307692307692,13.0,7.0,2.0,0.2857142857142857
2013,Wisconsin,Big Ten,22.4,39.5,15.6,-1.5,0.889,10.3,9.0,4.0,13.0,6.0,2.0,9.052318259078763,,191.08,40.0,17.0,1.0,0.0,0.058823529411764705,,,,,,,,,,,,,Gary Andersen,35.75,14.833333333333334,20.916666666666668,12.0,3.0,0.0,0.0
2014,Wisconsin,Big Ten,20.8,38.7,18.1,0.2,0.88,11.0,11.0,3.0,14.0,7.0,2.0,10.002687729676495,,205.44,32.0,22.0,3.0,0.0,0.13636363636363635,0.468,1.087,0.626,0.185,0.617,0.959,,,,,,,Barry Alvarez,34.61538461538461,20.0,14.615384615384615,13.0,3.0,1.0,0.3333333333333333
2015,Wisconsin,Big Ten,15.1,27.0,12.4,0.5,0.893,9.7,10.0,3.0,13.0,6.0,2.0,10.175123756893505,635.77,189.85,41.0,15.0,3.0,0.0,0.2,0.561,0.904,0.368,0.709,0.623,0.994,,,,,,,Paul Chryst,27.083333333333332,13.083333333333334,14.0,12.0,4.0,2.0,0.5
2016,Wisconsin,Big Ten,16.1,30.5,14.8,0.5,0.837,10.5,11.0,3.0,14.0,7.0,3.0,10.554506551658854,643.76,202.85,35.0,31.0,3.0,0.0,0.0967741935483871,0.297,0.126,0.026,0.422,0.512,0.12,,,,,,,Paul Chryst,28.692307692307693,15.538461538461538,13.153846153846153,13.0,6.0,3.0,0.5
2017,Wisconsin,Big Ten,26.8,37.4,11.6,1.0,0.873,11.9,13.0,1.0,14.0,9.0,1.0,12.962850875808344,639.76,193.87,39.0,20.0,3.0,0.0,0.15,0.639,0.45,0.765,0.721,0.461,0.558,,,,,,,Paul Chryst,33.76923076923077,13.153846153846153,20.615384615384617,13.0,1.0,0.0,0.0
2018,Wisconsin,Big Ten,15.5,39.3,21.6,-2.3,0.899,8.7,8.0,5.0,13.0,5.0,4.0,8.078455859086741,653.5,195.04,45.0,24.0,1.0,0.0,0.041666666666666664,0.856,1.0,0.875,0.757,0.882,1.0,,,,,,,Paul Chryst,29.25,24.25,5.0,12.0,2.0,1.0,0.5
2019,Wisconsin,Big Ten,20.3,37.7,16.4,-0.9,,,10.0,4.0,14.0,7.0,3.0,11.139982549529538,675.8,219.51,29.0,21.0,4.0,1.0,0.19047619047619047,0.707,0.296,0.696,0.945,0.652,0.26,,,,,,,Paul Chryst,34.61538461538461,16.076923076923077,18.53846153846154,13.0,2.0,1.0,0.5
2020,Wisconsin,Big Ten,26.5,38.7,12.2,,,,4.0,3.0,7.0,3.0,3.0,4.751009173251046,676.48,225.54,25.0,25.0,5.0,0.0,0.2,0.686,0.911,0.48,0.655,0.649,0.989,,,,,,,Paul Chryst,22.333333333333332,15.666666666666666,6.666666666666667,6.0,1.0,1.0,1.0
2021,Wisconsin,Big Ten,20.1,29.8,10.8,,,,9.0,4.0,13.0,6.0,3.0,9.004270446501556,750.89,240.8,15.0,21.0,9.0,1.0,0.42857142857142855,0.808,0.854,0.869,0.77,0.665,0.99,2.0,8.0,-6.0,1.43,4.25,-2.8200000000000003,Paul Chryst,25.833333333333332,16.416666666666668,9.416666666666666,12.0,3.0,2.0,0.6666666666666666
2022,Wisconsin,Big Ten,8.3,25.7,17.1,-0.4,,,7.0,6.0,13.0,4.0,5.0,8.8171866766723,744.44,194.42,44.0,20.0,2.0,0.0,0.1,0.673,0.898,0.999,0.331,0.799,0.99,6.0,12.0,-6.0,5.15,8.44,-3.289999999999999,Paul Chryst,26.5,20.5,6.0,12.0,4.0,1.0,0.25
2023,Wisconsin,Big Ten,9.4,22.2,14.1,1.3,,,7.0,6.0,13.0,5.0,4.0,6.44006280777893,741.63,188.21,58.0,16.0,3.0,0.0,0.1875,0.573,0.309,0.693,0.676,0.5,0.046,14.0,19.0,-5.0,12.229999999999997,13.549999999999995,-1.3199999999999985,Luke Fickell,22.833333333333332,18.916666666666668,3.9166666666666665,12.0,3.0,2.0,0.6666666666666666
2024,Wisconsin,Big Ten,3.0,23.0,19.8,-0.2,,,5.0,7.0,12.0,3.0,6.0,4.7935133967450545,771.35,239.1,23.0,26.0,11.0,0.0,0.4230769230769231,0.51,0.104,0.301,0.741,0.446,0.331,16.0,24.0,-8.0,12.959999999999997,16.629999999999995,-3.669999999999998,Luke Fickell,22.583333333333332,23.083333333333332,-0.5,12.0,1.0,0.0,0.0
2025,Wisconsin,Big Ten,-4.4,17.4,20.9,-0.9,,,4.0,8.0,12.0,2.0,7.0,4.093146201223135,763.17,227.22,27.0,22.0,7.0,0.0,0.3181818181818182,0.402,0.061,0.324,0.564,0.248,0.003,18.0,33.0,-15.0,15.589999999999998,24.24000000000001,-8.650000000000011,Luke Fickell,12.833333333333334,21.583333333333332,-8.75,12.0,1.0,1.0,1.0
2026,Wisconsin,Big Ten,3.8,21.6,17.5,-0.3,,,0.0,0.0,0.0,0.0,0.0,0.0,767.68,186.75,78.0,14.0,1.0,0.0,0.07142857142857142,0.31,-5.0,0.318,0.337,0.468,0.519,33.0,25.0,8.0,28.299999999999997,17.66,10.639999999999997,Luke Fickell,,,,,,,
2004,Wyoming,Mountain West,-1.6,30.1,32.0,,,,7.0,5.0,12.0,4.0,4.0,,,94.9,73.0,15.0,0.0,0.0,0.0,,,,,,,,,,,,,Joe Glenn,26.727272727272727,25.09090909090909,1.6363636363636365,11.0,2.0,1.0,0.5
2005,Wyoming,Mountain West,-4.0,23.3,27.3,,0.958,5.6,4.0,7.0,11.0,2.0,6.0,,,58.87,106.0,16.0,0.0,0.0,0.0,,,,,,,,,,,,,Joe Glenn,24.636363636363637,27.0,-2.3636363636363638,11.0,2.0,1.0,0.5
2006,Wyoming,Mountain West,0.3,18.6,17.7,-0.6,0.894,7.3,6.0,6.0,12.0,5.0,3.0,,,89.64,95.0,15.0,0.0,0.0,0.0,,,,,,,,,,,,,Joe Glenn,21.5,22.0,-0.5,12.0,6.0,2.0,0.3333333333333333
2007,Wyoming,Mountain West,-5.0,15.9,21.0,0.1,0.926,6.0,5.0,7.0,12.0,2.0,6.0,,,124.82,79.0,16.0,0.0,0.0,0.0,,,,,,,,,,,,,Joe Glenn,19.416666666666668,25.916666666666668,-6.5,12.0,4.0,3.0,0.75
2008,Wyoming,Mountain West,-14.5,12.1,24.5,-2.2,0.943,3.8,4.0,8.0,12.0,1.0,7.0,,,110.78,95.0,19.0,0.0,0.0,0.0,,,,,,,,,,,,,Joe Glenn,12.666666666666666,27.75,-15.083333333333334,12.0,3.0,3.0,1.0
2009,Wyoming,Mountain West,-14.4,16.9,30.9,-0.3,0.88,3.6,7.0,6.0,13.0,4.0,4.0,,,124.54,96.0,22.0,0.0,0.0,0.0,,,,,,,,,,,,,Dave Christensen,16.916666666666668,27.25,-10.333333333333334,12.0,5.0,5.0,1.0
2010,Wyoming,Mountain West,-13.0,20.0,33.9,0.8,0.876,3.6,3.0,9.0,12.0,1.0,7.0,3.792460393835681,,138.94,99.0,15.0,0.0,0.0,0.0,,,,,,,,,,,,,Dave Christensen,19.166666666666668,30.333333333333332,-11.166666666666666,12.0,4.0,1.0,0.25
2011,Wyoming,Mountain West,-14.2,24.3,36.7,-1.8,0.928,5.2,8.0,5.0,13.0,5.0,2.0,5.275986105053762,,59.82,104.0,19.0,0.0,0.0,0.0,,,,,,,,,,,,,Dave Christensen,27.0,27.0,0.0,12.0,4.0,4.0,1.0
2012,Wyoming,Mountain West,-14.2,26.6,39.2,-1.6,0.943,4.6,4.0,8.0,12.0,3.0,5.0,4.071902411287175,,92.41,114.0,20.0,0.0,0.0,0.0,,,,,,,,,,,,,Dave Christensen,26.833333333333332,33.416666666666664,-6.583333333333333,12.0,7.0,3.0,0.42857142857142855
2013,Wyoming,Mountain West,-15.3,26.7,39.1,-3.0,0.961,5.1,5.0,7.0,12.0,3.0,5.0,5.2718157918474695,,101.61,110.0,13.0,0.0,0.0,0.0,,,,,,,,,,,,,Dave Christensen,31.25,36.666666666666664,-5.416666666666667,12.0,4.0,2.0,0.5
2014,Wyoming,Mountain West,-14.0,20.0,34.1,0.1,0.906,3.4,4.0,8.0,12.0,2.0,6.0,3.9611292809497995,,80.87,128.0,20.0,0.0,0.0,0.0,0.291,-0.047,0.367,0.481,0.275,0.002,,,,,,,Craig Bohl,21.083333333333332,32.833333333333336,-11.75,12.0,5.0,3.0,0.6
2015,Wyoming,Mountain West,-16.7,22.9,39.7,0.1,0.94,2.1,2.0,10.0,12.0,2.0,6.0,2.1719515722984433,314.72,114.32,113.0,20.0,0.0,0.0,0.0,0.462,0.075,0.56,0.623,0.493,0.029,,,,,,,Craig Bohl,19.0,34.0,-15.0,12.0,2.0,2.0,1.0
2016,Wyoming,Mountain West,-6.9,30.4,37.5,0.1,0.932,6.6,8.0,6.0,14.0,6.0,3.0,7.082268420254491,316.18,109.65,116.0,24.0,0.0,0.0,0.0,0.705,-0.108,0.886,0.955,0.7,0.216,,,,,,,Craig Bohl,37.07692307692308,34.84615384615385,2.230769230769231,13.0,6.0,3.0,0.5
2017,Wyoming,Mountain West,-2.5,19.7,23.1,0.9,0.954,7.5,8.0,5.0,13.0,5.0,3.0,6.598883008804962,277.07,122.05,99.0,23.0,0.0,0.0,0.0,0.558,0.979,0.772,0.24,0.465,0.997,,,,,,,Craig Bohl,22.333333333333332,17.833333333333332,4.5,12.0,5.0,3.0,0.6
2018,Wyoming,Mountain West,1.9,25.1,23.7,0.4,0.907,6.3,6.0,6.0,12.0,4.0,4.0,6.183606717587167,348.34,109.14,126.0,21.0,0.0,0.0,0.0,0.56,0.13,1.636,0.92,0.608,0.225,,,,,,,Craig Bohl,20.666666666666668,22.0,-1.3333333333333333,12.0,2.0,1.0,0.5
2019,Wyoming,Mountain West,-1.1,20.5,21.7,0.1,,,8.0,5.0,13.0,4.0,4.0,7.1666252106805475,397.9,140.75,97.0,26.0,0.0,0.0,0.0,0.518,1.015,0.488,0.433,0.608,0.997,,,,,,,Craig Bohl,24.333333333333332,17.833333333333332,6.5,12.0,6.0,2.0,0.3333333333333333
2020,Wyoming,Mountain West,-2.5,22.4,24.9,,,,2.0,4.0,6.0,2.0,4.0,3.0944077762849718,352.91,138.13,113.0,25.0,0.0,0.0,0.0,0.751,1.638,0.856,0.458,0.745,0.615,,,,,,,Craig Bohl,26.5,21.0,5.5,6.0,2.0,0.0,0.0
2021,Wyoming,Mountain West,0.6,26.0,23.5,,,,7.0,6.0,13.0,2.0,6.0,7.557074456704399,326.65,130.41,110.0,18.0,0.0,0.0,0.0,0.853,1.0,0.913,0.784,0.946,1.0,1.0,4.0,-3.0,0.6,2.2,-1.6,Craig Bohl,23.166666666666668,22.5,0.6666666666666666,12.0,4.0,3.0,0.75
2022,Wyoming,Mountain West,-10.8,14.9,26.2,0.5,,,7.0,6.0,13.0,5.0,3.0,6.0187623865977224,292.03,133.87,93.0,17.0,1.0,0.0,0.058823529411764705,0.225,0.0,0.205,0.344,0.228,0.0,3.0,13.0,-10.0,2.21,9.58,-7.37,Craig Bohl,20.75,23.416666666666668,-2.6666666666666665,12.0,5.0,4.0,0.8
2023,Wyoming,Mountain West,-3.6,23.5,26.1,-1.0,,,9.0,4.0,13.0,5.0,3.0,7.251306020864472,338.5,120.69,110.0,19.0,0.0,0.0,0.0,0.739,0.894,0.797,0.674,0.643,0.997,3.0,16.0,-13.0,1.4,10.139999999999999,-8.739999999999998,Craig Bohl,26.083333333333332,22.916666666666668,3.1666666666666665,12.0,4.0,3.0,0.75
2024,Wyoming,Mountain West,-13.6,16.3,30.8,0.9,,,3.0,9.0,12.0,2.0,5.0,3.9030346318185996,455.45,146.14,102.0,29.0,0.0,0.0,0.0,0.257,0.108,0.323,0.302,0.448,0.14,3.0,13.0,-10.0,2.5,4.890000000000001,-2.3900000000000006,Jay Sawvel,19.333333333333332,28.333333333333332,-9.0,12.0,6.0,2.0,0.3333333333333333
2025,Wyoming,Mountain West,-11.3,15.3,24.7,-1.8,,,4.0,8.0,12.0,2.0,6.0,3.7943590665236115,489.33,159.12,89.0,24.0,0.0,0.0,0.0,0.749,1.0,1.46,0.63,0.689,1.0,17.0,22.0,-5.0,8.020000000000001,13.629999999999997,-5.609999999999996,Jay Sawvel,16.0,20.5,-4.5,12.0,3.0,1.0,0.3333333333333333
2026,Wyoming,Mountain West,-10.8,15.5,25.6,-0.6,,,0.0,0.0,0.0,0.0,0.0,0.0,528.29,169.68,114.0,22.0,0.0,0.0,0.0,0.23,0.032,0.807,0.201,0.281,0.124,19.0,16.0,3.0,12.639999999999999,10.66,1.9799999999999986,Jay Sawvel,,,,,,,
